{"train": [{"input": [[0, 0, 1, 0, 0, 1, 0, 0, 1, 0, 0, 1, 0, 0, 1, 0, 0, 1, 0, 0, 1, 0, 0], [0, 0, 1, 0, 0, 1, 0, 0, 1, 0, 0, 1, 0, 0, 1, 0, 0, 1, 0, 0, 1, 0, 0], [1, 1, 1, 1, 1, 1, 1, 1, 1, 1, 1, 1, 1, 1, 1, 1, 1, 1, 1, 1, 1, 1, 1], [0, 0, 1, 2, 2, 1, 0, 0, 1, 0, 0, 1, 4, 4, 1, 0, 0, 1, 0, 0, 1, 0, 0], [0, 0, 1, 2, 2, 1, 0, 0, 1, 0, 0, 1, 4, 4, 1, 0, 0, 1, 0, 0, 1, 0, 0], [1, 1, 1, 1, 1, 1, 1, 1, 1, 1, 1, 1, 1, 1, 1, 1, 1, 1, 1, 1, 1, 1, 1], [0, 0, 1, 0, 0, 1, 0, 0, 1, 0, 0, 1, 0, 0, 1, 0, 0, 1, 0, 0, 1, 0, 0], [0, 0, 1, 0, 0, 1, 0, 0, 1, 0, 0, 1, 0, 0, 1, 0, 0, 1, 0, 0, 1, 0, 0], [1, 1, 1, 1, 1, 1, 1, 1, 1, 1, 1, 1, 1, 1, 1, 1, 1, 1, 1, 1, 1, 1, 1], [0, 0, 1, 0, 0, 1, 0, 0, 1, 9, 9, 1, 0, 0, 1, 0, 0, 1, 0, 0, 1, 9, 9], [0, 0, 1, 0, 0, 1, 0, 0, 1, 9, 9, 1, 0, 0, 1, 0, 0, 1, 0, 0, 1, 9, 9], [1, 1, 1, 1, 1, 1, 1, 1, 1, 1, 1, 1, 1, 1, 1, 1, 1, 1, 1, 1, 1, 1, 1], [0, 0, 1, 0, 0, 1, 0, 0, 1, 0, 0, 1, 0, 0, 1, 0, 0, 1, 8, 8, 1, 0, 0], [0, 0, 1, 0, 0, 1, 0, 0, 1, 0, 0, 1, 0, 0, 1, 0, 0, 1, 8, 8, 1, 0, 0], [1, 1, 1, 1, 1, 1, 1, 1, 1, 1, 1, 1, 1, 1, 1, 1, 1, 1, 1, 1, 1, 1, 1], [0, 0, 1, 2, 2, 1, 0, 0, 1, 0, 0, 1, 0, 0, 1, 0, 0, 1, 0, 0, 1, 0, 0], [0, 0, 1, 2, 2, 1, 0, 0, 1, 0, 0, 1, 0, 0, 1, 0, 0, 1, 0, 0, 1, 0, 0], [1, 1, 1, 1, 1, 1, 1, 1, 1, 1, 1, 1, 1, 1, 1, 1, 1, 1, 1, 1, 1, 1, 1], [0, 0, 1, 0, 0, 1, 0, 0, 1, 8, 8, 1, 0, 0, 1, 0, 0, 1, 8, 8, 1, 0, 0], [0, 0, 1, 0, 0, 1, 0, 0, 1, 8, 8, 1, 0, 0, 1, 0, 0, 1, 8, 8, 1, 0, 0], [1, 1, 1, 1, 1, 1, 1, 1, 1, 1, 1, 1, 1, 1, 1, 1, 1, 1, 1, 1, 1, 1, 1], [0, 0, 1, 0, 0, 1, 0, 0, 1, 0, 0, 1, 0, 0, 1, 0, 0, 1, 0, 0, 1, 0, 0], [0, 0, 1, 0, 0, 1, 0, 0, 1, 0, 0, 1, 0, 0, 1, 0, 0, 1, 0, 0, 1, 0, 0]], "output": [[0, 0, 1, 0, 0, 1, 0, 0, 1, 0, 0, 1, 0, 0, 1, 0, 0, 1, 0, 0, 1, 0, 0], [0, 0, 1, 0, 0, 1, 0, 0, 1, 0, 0, 1, 0, 0, 1, 0, 0, 1, 0, 0, 1, 0, 0], [1, 1, 1, 1, 1, 1, 1, 1, 1, 1, 1, 1, 1, 1, 1, 1, 1, 1, 1, 1, 1, 1, 1], [0, 0, 1, 2, 2, 1, 0, 0, 1, 0, 0, 1, 4, 4, 1, 0, 0, 1, 0, 0, 1, 0, 0], [0, 0, 1, 2, 2, 1, 0, 0, 1, 0, 0, 1, 4, 4, 1, 0, 0, 1, 0, 0, 1, 0, 0], [1, 1, 1, 1, 1, 1, 1, 1, 1, 1, 1, 1, 1, 1, 1, 1, 1, 1, 1, 1, 1, 1, 1], [0, 0, 1, 2, 2, 1, 0, 0, 1, 0, 0, 1, 0, 0, 1, 0, 0, 1, 0, 0, 1, 0, 0], [0, 0, 1, 2, 2, 1, 0, 0, 1, 0, 0, 1, 0, 0, 1, 0, 0, 1, 0, 0, 1, 0, 0], [1, 1, 1, 1, 1, 1, 1, 1, 1, 1, 1, 1, 1, 1, 1, 1, 1, 1, 1, 1, 1, 1, 1], [0, 0, 1, 2, 2, 1, 0, 0, 1, 9, 9, 1, 9, 9, 1, 9, 9, 1, 9, 9, 1, 9, 9], [0, 0, 1, 2, 2, 1, 0, 0, 1, 9, 9, 1, 9, 9, 1, 9, 9, 1, 9, 9, 1, 9, 9], [1, 1, 1, 1, 1, 1, 1, 1, 1, 1, 1, 1, 1, 1, 1, 1, 1, 1, 1, 1, 1, 1, 1], [0, 0, 1, 2, 2, 1, 0, 0, 1, 0, 0, 1, 0, 0, 1, 0, 0, 1, 8, 8, 1, 0, 0], [0, 0, 1, 2, 2, 1, 0, 0, 1, 0, 0, 1, 0, 0, 1, 0, 0, 1, 8, 8, 1, 0, 0], [1, 1, 1, 1, 1, 1, 1, 1, 1, 1, 1, 1, 1, 1, 1, 1, 1, 1, 1, 1, 1, 1, 1], [0, 0, 1, 2, 2, 1, 0, 0, 1, 0, 0, 1, 0, 0, 1, 0, 0, 1, 8, 8, 1, 0, 0], [0, 0, 1, 2, 2, 1, 0, 0, 1, 0, 0, 1, 0, 0, 1, 0, 0, 1, 8, 8, 1, 0, 0], [1, 1, 1, 1, 1, 1, 1, 1, 1, 1, 1, 1, 1, 1, 1, 1, 1, 1, 1, 1, 1, 1, 1], [0, 0, 1, 0, 0, 1, 0, 0, 1, 8, 8, 1, 8, 8, 1, 8, 8, 1, 8, 8, 1, 0, 0], [0, 0, 1, 0, 0, 1, 0, 0, 1, 8, 8, 1, 8, 8, 1, 8, 8, 1, 8, 8, 1, 0, 0], [1, 1, 1, 1, 1, 1, 1, 1, 1, 1, 1, 1, 1, 1, 1, 1, 1, 1, 1, 1, 1, 1, 1], [0, 0, 1, 0, 0, 1, 0, 0, 1, 0, 0, 1, 0, 0, 1, 0, 0, 1, 0, 0, 1, 0, 0], [0, 0, 1, 0, 0, 1, 0, 0, 1, 0, 0, 1, 0, 0, 1, 0, 0, 1, 0, 0, 1, 0, 0]]}, {"input": [[0, 0, 8, 0, 0, 8, 0, 0, 8, 0, 0, 8, 0, 0, 8, 0, 0, 8, 0, 0], [0, 0, 8, 0, 0, 8, 0, 0, 8, 0, 0, 8, 0, 0, 8, 0, 0, 8, 0, 0], [8, 8, 8, 8, 8, 8, 8, 8, 8, 8, 8, 8, 8, 8, 8, 8, 8, 8, 8, 8], [0, 0, 8, 2, 2, 8, 0, 0, 8, 0, 0, 8, 0, 0, 8, 2, 2, 8, 0, 0], [0, 0, 8, 2, 2, 8, 0, 0, 8, 0, 0, 8, 0, 0, 8, 2, 2, 8, 0, 0], [8, 8, 8, 8, 8, 8, 8, 8, 8, 8, 8, 8, 8, 8, 8, 8, 8, 8, 8, 8], [0, 0, 8, 0, 0, 8, 0, 0, 8, 1, 1, 8, 0, 0, 8, 0, 0, 8, 0, 0], [0, 0, 8, 0, 0, 8, 0, 0, 8, 1, 1, 8, 0, 0, 8, 0, 0, 8, 0, 0], [8, 8, 8, 8, 8, 8, 8, 8, 8, 8, 8, 8, 8, 8, 8, 8, 8, 8, 8, 8], [0, 0, 8, 0, 0, 8, 0, 0, 8, 0, 0, 8, 0, 0, 8, 2, 2, 8, 0, 0], [0, 0, 8, 0, 0, 8, 0, 0, 8, 0, 0, 8, 0, 0, 8, 2, 2, 8, 0, 0], [8, 8, 8, 8, 8, 8, 8, 8, 8, 8, 8, 8, 8, 8, 8, 8, 8, 8, 8, 8], [0, 0, 8, 3, 3, 8, 0, 0, 8, 3, 3, 8, 0, 0, 8, 0, 0, 8, 0, 0], [0, 0, 8, 3, 3, 8, 0, 0, 8, 3, 3, 8, 0, 0, 8, 0, 0, 8, 0, 0], [8, 8, 8, 8, 8, 8, 8, 8, 8, 8, 8, 8, 8, 8, 8, 8, 8, 8, 8, 8], [0, 0, 8, 0, 0, 8, 0, 0, 8, 0, 0, 8, 0, 0, 8, 0, 0, 8, 0, 0], [0, 0, 8, 0, 0, 8, 0, 0, 8, 0, 0, 8, 0, 0, 8, 0, 0, 8, 0, 0], [8, 8, 8, 8, 8, 8, 8, 8, 8, 8, 8, 8, 8, 8, 8, 8, 8, 8, 8, 8], [0, 0, 8, 0, 0, 8, 0, 0, 8, 0, 0, 8, 0, 0, 8, 0, 0, 8, 0, 0], [0, 0, 8, 0, 0, 8, 0, 0, 8, 0, 0, 8, 0, 0, 8, 0, 0, 8, 0, 0]], "output": [[0, 0, 8, 0, 0, 8, 0, 0, 8, 0, 0, 8, 0, 0, 8, 0, 0, 8, 0, 0], [0, 0, 8, 0, 0, 8, 0, 0, 8, 0, 0, 8, 0, 0, 8, 0, 0, 8, 0, 0], [8, 8, 8, 8, 8, 8, 8, 8, 8, 8, 8, 8, 8, 8, 8, 8, 8, 8, 8, 8], [0, 0, 8, 2, 2, 8, 2, 2, 8, 2, 2, 8, 2, 2, 8, 2, 2, 8, 0, 0], [0, 0, 8, 2, 2, 8, 2, 2, 8, 2, 2, 8, 2, 2, 8, 2, 2, 8, 0, 0], [8, 8, 8, 8, 8, 8, 8, 8, 8, 8, 8, 8, 8, 8, 8, 8, 8, 8, 8, 8], [0, 0, 8, 0, 0, 8, 0, 0, 8, 1, 1, 8, 0, 0, 8, 2, 2, 8, 0, 0], [0, 0, 8, 0, 0, 8, 0, 0, 8, 1, 1, 8, 0, 0, 8, 2, 2, 8, 0, 0], [8, 8, 8, 8, 8, 8, 8, 8, 8, 8, 8, 8, 8, 8, 8, 8, 8, 8, 8, 8], [0, 0, 8, 0, 0, 8, 0, 0, 8, 0, 0, 8, 0, 0, 8, 2, 2, 8, 0, 0], [0, 0, 8, 0, 0, 8, 0, 0, 8, 0, 0, 8, 0, 0, 8, 2, 2, 8, 0, 0], [8, 8, 8, 8, 8, 8, 8, 8, 8, 8, 8, 8, 8, 8, 8, 8, 8, 8, 8, 8], [0, 0, 8, 3, 3, 8, 3, 3, 8, 3, 3, 8, 0, 0, 8, 0, 0, 8, 0, 0], [0, 0, 8, 3, 3, 8, 3, 3, 8, 3, 3, 8, 0, 0, 8, 0, 0, 8, 0, 0], [8, 8, 8, 8, 8, 8, 8, 8, 8, 8, 8, 8, 8, 8, 8, 8, 8, 8, 8, 8], [0, 0, 8, 0, 0, 8, 0, 0, 8, 0, 0, 8, 0, 0, 8, 0, 0, 8, 0, 0], [0, 0, 8, 0, 0, 8, 0, 0, 8, 0, 0, 8, 0, 0, 8, 0, 0, 8, 0, 0], [8, 8, 8, 8, 8, 8, 8, 8, 8, 8, 8, 8, 8, 8, 8, 8, 8, 8, 8, 8], [0, 0, 8, 0, 0, 8, 0, 0, 8, 0, 0, 8, 0, 0, 8, 0, 0, 8, 0, 0], [0, 0, 8, 0, 0, 8, 0, 0, 8, 0, 0, 8, 0, 0, 8, 0, 0, 8, 0, 0]]}, {"input": [[0, 0, 4, 0, 0, 4, 0, 0, 4, 0, 0, 4, 0, 0, 4, 0, 0, 4, 0, 0, 4, 0, 0], [0, 0, 4, 0, 0, 4, 0, 0, 4, 0, 0, 4, 0, 0, 4, 0, 0, 4, 0, 0, 4, 0, 0], [4, 4, 4, 4, 4, 4, 4, 4, 4, 4, 4, 4, 4, 4, 4, 4, 4, 4, 4, 4, 4, 4, 4], [0, 0, 4, 3, 3, 4, 0, 0, 4, 0, 0, 4, 0, 0, 4, 2, 2, 4, 0, 0, 4, 0, 0], [0, 0, 4, 3, 3, 4, 0, 0, 4, 0, 0, 4, 0, 0, 4, 2, 2, 4, 0, 0, 4, 0, 0], [4, 4, 4, 4, 4, 4, 4, 4, 4, 4, 4, 4, 4, 4, 4, 4, 4, 4, 4, 4, 4, 4, 4], [0, 0, 4, 0, 0, 4, 0, 0, 4, 0, 0, 4, 0, 0, 4, 0, 0, 4, 0, 0, 4, 0, 0], [0, 0, 4, 0, 0, 4, 0, 0, 4, 0, 0, 4, 0, 0, 4, 0, 0, 4, 0, 0, 4, 0, 0], [4, 4, 4, 4, 4, 4, 4, 4, 4, 4, 4, 4, 4, 4, 4, 4, 4, 4, 4, 4, 4, 4, 4], [0, 0, 4, 0, 0, 4, 0, 0, 4, 2, 2, 4, 0, 0, 4, 0, 0, 4, 2, 2, 4, 0, 0], [0, 0, 4, 0, 0, 4, 0, 0, 4, 2, 2, 4, 0, 0, 4, 0, 0, 4, 2, 2, 4, 0, 0], [4, 4, 4, 4, 4, 4, 4, 4, 4, 4, 4, 4, 4, 4, 4, 4, 4, 4, 4, 4, 4, 4, 4], [0, 0, 4, 0, 0, 4, 0, 0, 4, 0, 0, 4, 0, 0, 4, 0, 0, 4, 0, 0, 4, 0, 0], [0, 0, 4, 0, 0, 4, 0, 0, 4, 0, 0, 4, 0, 0, 4, 0, 0, 4, 0, 0, 4, 0, 0], [4, 4, 4, 4, 4, 4, 4, 4, 4, 4, 4, 4, 4, 4, 4, 4, 4, 4, 4, 4, 4, 4, 4], [0, 0, 4, 0, 0, 4, 0, 0, 4, 0, 0, 4, 0, 0, 4, 0, 0, 4, 0, 0, 4, 0, 0], [0, 0, 4, 0, 0, 4, 0, 0, 4, 0, 0, 4, 0, 0, 4, 0, 0, 4, 0, 0, 4, 0, 0], [4, 4, 4, 4, 4, 4, 4, 4, 4, 4, 4, 4, 4, 4, 4, 4, 4, 4, 4, 4, 4, 4, 4], [0, 0, 4, 3, 3, 4, 0, 0, 4, 0, 0, 4, 0, 0, 4, 3, 3, 4, 0, 0, 4, 0, 0], [0, 0, 4, 3, 3, 4, 0, 0, 4, 0, 0, 4, 0, 0, 4, 3, 3, 4, 0, 0, 4, 0, 0], [4, 4, 4, 4, 4, 4, 4, 4, 4, 4, 4, 4, 4, 4, 4, 4, 4, 4, 4, 4, 4, 4, 4], [0, 0, 4, 0, 0, 4, 0, 0, 4, 0, 0, 4, 0, 0, 4, 0, 0, 4, 0, 0, 4, 0, 0], [0, 0, 4, 0, 0, 4, 0, 0, 4, 0, 0, 4, 0, 0, 4, 0, 0, 4, 0, 0, 4, 0, 0]], "output": [[0, 0, 4, 0, 0, 4, 0, 0, 4, 0, 0, 4, 0, 0, 4, 0, 0, 4, 0, 0, 4, 0, 0], [0, 0, 4, 0, 0, 4, 0, 0, 4, 0, 0, 4, 0, 0, 4, 0, 0, 4, 0, 0, 4, 0, 0], [4, 4, 4, 4, 4, 4, 4, 4, 4, 4, 4, 4, 4, 4, 4, 4, 4, 4, 4, 4, 4, 4, 4], [0, 0, 4, 3, 3, 4, 0, 0, 4, 0, 0, 4, 0, 0, 4, 2, 2, 4, 0, 0, 4, 0, 0], [0, 0, 4, 3, 3, 4, 0, 0, 4, 0, 0, 4, 0, 0, 4, 2, 2, 4, 0, 0, 4, 0, 0], [4, 4, 4, 4, 4, 4, 4, 4, 4, 4, 4, 4, 4, 4, 4, 4, 4, 4, 4, 4, 4, 4, 4], [0, 0, 4, 3, 3, 4, 0, 0, 4, 0, 0, 4, 0, 0, 4, 0, 0, 4, 0, 0, 4, 0, 0], [0, 0, 4, 3, 3, 4, 0, 0, 4, 0, 0, 4, 0, 0, 4, 0, 0, 4, 0, 0, 4, 0, 0], [4, 4, 4, 4, 4, 4, 4, 4, 4, 4, 4, 4, 4, 4, 4, 4, 4, 4, 4, 4, 4, 4, 4], [0, 0, 4, 3, 3, 4, 0, 0, 4, 2, 2, 4, 2, 2, 4, 2, 2, 4, 2, 2, 4, 0, 0], [0, 0, 4, 3, 3, 4, 0, 0, 4, 2, 2, 4, 2, 2, 4, 2, 2, 4, 2, 2, 4, 0, 0], [4, 4, 4, 4, 4, 4, 4, 4, 4, 4, 4, 4, 4, 4, 4, 4, 4, 4, 4, 4, 4, 4, 4], [0, 0, 4, 3, 3, 4, 0, 0, 4, 0, 0, 4, 0, 0, 4, 0, 0, 4, 0, 0, 4, 0, 0], [0, 0, 4, 3, 3, 4, 0, 0, 4, 0, 0, 4, 0, 0, 4, 0, 0, 4, 0, 0, 4, 0, 0], [4, 4, 4, 4, 4, 4, 4, 4, 4, 4, 4, 4, 4, 4, 4, 4, 4, 4, 4, 4, 4, 4, 4], [0, 0, 4, 3, 3, 4, 0, 0, 4, 0, 0, 4, 0, 0, 4, 0, 0, 4, 0, 0, 4, 0, 0], [0, 0, 4, 3, 3, 4, 0, 0, 4, 0, 0, 4, 0, 0, 4, 0, 0, 4, 0, 0, 4, 0, 0], [4, 4, 4, 4, 4, 4, 4, 4, 4, 4, 4, 4, 4, 4, 4, 4, 4, 4, 4, 4, 4, 4, 4], [0, 0, 4, 3, 3, 4, 3, 3, 4, 3, 3, 4, 3, 3, 4, 3, 3, 4, 0, 0, 4, 0, 0], [0, 0, 4, 3, 3, 4, 3, 3, 4, 3, 3, 4, 3, 3, 4, 3, 3, 4, 0, 0, 4, 0, 0], [4, 4, 4, 4, 4, 4, 4, 4, 4, 4, 4, 4, 4, 4, 4, 4, 4, 4, 4, 4, 4, 4, 4], [0, 0, 4, 0, 0, 4, 0, 0, 4, 0, 0, 4, 0, 0, 4, 0, 0, 4, 0, 0, 4, 0, 0], [0, 0, 4, 0, 0, 4, 0, 0, 4, 0, 0, 4, 0, 0, 4, 0, 0, 4, 0, 0, 4, 0, 0]]}], "test": [{"input": [[0, 0, 4, 0, 0, 4, 0, 0, 4, 0, 0, 4, 0, 0, 4, 0, 0, 4, 0, 0, 4, 0, 0, 4, 0, 0], [0, 0, 4, 0, 0, 4, 0, 0, 4, 0, 0, 4, 0, 0, 4, 0, 0, 4, 0, 0, 4, 0, 0, 4, 0, 0], [4, 4, 4, 4, 4, 4, 4, 4, 4, 4, 4, 4, 4, 4, 4, 4, 4, 4, 4, 4, 4, 4, 4, 4, 4, 4], [0, 0, 4, 0, 0, 4, 8, 8, 4, 0, 0, 4, 0, 0, 4, 2, 2, 4, 0, 0, 4, 0, 0, 4, 0, 0], [0, 0, 4, 0, 0, 4, 8, 8, 4, 0, 0, 4, 0, 0, 4, 2, 2, 4, 0, 0, 4, 0, 0, 4, 0, 0], [4, 4, 4, 4, 4, 4, 4, 4, 4, 4, 4, 4, 4, 4, 4, 4, 4, 4, 4, 4, 4, 4, 4, 4, 4, 4], [0, 0, 4, 0, 0, 4, 0, 0, 4, 0, 0, 4, 0, 0, 4, 0, 0, 4, 0, 0, 4, 0, 0, 4, 0, 0], [0, 0, 4, 0, 0, 4, 0, 0, 4, 0, 0, 4, 0, 0, 4, 0, 0, 4, 0, 0, 4, 0, 0, 4, 0, 0], [4, 4, 4, 4, 4, 4, 4, 4, 4, 4, 4, 4, 4, 4, 4, 4, 4, 4, 4, 4, 4, 4, 4, 4, 4, 4], [0, 0, 4, 0, 0, 4, 0, 0, 4, 0, 0, 4, 0, 0, 4, 0, 0, 4, 0, 0, 4, 3, 3, 4, 0, 0], [0, 0, 4, 0, 0, 4, 0, 0, 4, 0, 0, 4, 0, 0, 4, 0, 0, 4, 0, 0, 4, 3, 3, 4, 0, 0], [4, 4, 4, 4, 4, 4, 4, 4, 4, 4, 4, 4, 4, 4, 4, 4, 4, 4, 4, 4, 4, 4, 4, 4, 4, 4], [0, 0, 4, 0, 0, 4, 8, 8, 4, 0, 0, 4, 0, 0, 4, 0, 0, 4, 0, 0, 4, 0, 0, 4, 0, 0], [0, 0, 4, 0, 0, 4, 8, 8, 4, 0, 0, 4, 0, 0, 4, 0, 0, 4, 0, 0, 4, 0, 0, 4, 0, 0], [4, 4, 4, 4, 4, 4, 4, 4, 4, 4, 4, 4, 4, 4, 4, 4, 4, 4, 4, 4, 4, 4, 4, 4, 4, 4], [0, 0, 4, 0, 0, 4, 0, 0, 4, 0, 0, 4, 0, 0, 4, 0, 0, 4, 0, 0, 4, 0, 0, 4, 0, 0], [0, 0, 4, 0, 0, 4, 0, 0, 4, 0, 0, 4, 0, 0, 4, 0, 0, 4, 0, 0, 4, 0, 0, 4, 0, 0], [4, 4, 4, 4, 4, 4, 4, 4, 4, 4, 4, 4, 4, 4, 4, 4, 4, 4, 4, 4, 4, 4, 4, 4, 4, 4], [0, 0, 4, 2, 2, 4, 0, 0, 4, 0, 0, 4, 0, 0, 4, 2, 2, 4, 0, 0, 4, 0, 0, 4, 0, 0], [0, 0, 4, 2, 2, 4, 0, 0, 4, 0, 0, 4, 0, 0, 4, 2, 2, 4, 0, 0, 4, 0, 0, 4, 0, 0], [4, 4, 4, 4, 4, 4, 4, 4, 4, 4, 4, 4, 4, 4, 4, 4, 4, 4, 4, 4, 4, 4, 4, 4, 4, 4], [0, 0, 4, 0, 0, 4, 0, 0, 4, 0, 0, 4, 0, 0, 4, 0, 0, 4, 0, 0, 4, 0, 0, 4, 0, 0], [0, 0, 4, 0, 0, 4, 0, 0, 4, 0, 0, 4, 0, 0, 4, 0, 0, 4, 0, 0, 4, 0, 0, 4, 0, 0], [4, 4, 4, 4, 4, 4, 4, 4, 4, 4, 4, 4, 4, 4, 4, 4, 4, 4, 4, 4, 4, 4, 4, 4, 4, 4], [0, 0, 4, 0, 0, 4, 0, 0, 4, 0, 0, 4, 0, 0, 4, 0, 0, 4, 0, 0, 4, 0, 0, 4, 0, 0], [0, 0, 4, 0, 0, 4, 0, 0, 4, 0, 0, 4, 0, 0, 4, 0, 0, 4, 0, 0, 4, 0, 0, 4, 0, 0]], "output": [[0, 0, 4, 0, 0, 4, 0, 0, 4, 0, 0, 4, 0, 0, 4, 0, 0, 4, 0, 0, 4, 0, 0, 4, 0, 0], [0, 0, 4, 0, 0, 4, 0, 0, 4, 0, 0, 4, 0, 0, 4, 0, 0, 4, 0, 0, 4, 0, 0, 4, 0, 0], [4, 4, 4, 4, 4, 4, 4, 4, 4, 4, 4, 4, 4, 4, 4, 4, 4, 4, 4, 4, 4, 4, 4, 4, 4, 4], [0, 0, 4, 0, 0, 4, 8, 8, 4, 0, 0, 4, 0, 0, 4, 2, 2, 4, 0, 0, 4, 0, 0, 4, 0, 0], [0, 0, 4, 0, 0, 4, 8, 8, 4, 0, 0, 4, 0, 0, 4, 2, 2, 4, 0, 0, 4, 0, 0, 4, 0, 0], [4, 4, 4, 4, 4, 4, 4, 4, 4, 4, 4, 4, 4, 4, 4, 4, 4, 4, 4, 4, 4, 4, 4, 4, 4, 4], [0, 0, 4, 0, 0, 4, 8, 8, 4, 0, 0, 4, 0, 0, 4, 2, 2, 4, 0, 0, 4, 0, 0, 4, 0, 0], [0, 0, 4, 0, 0, 4, 8, 8, 4, 0, 0, 4, 0, 0, 4, 2, 2, 4, 0, 0, 4, 0, 0, 4, 0, 0], [4, 4, 4, 4, 4, 4, 4, 4, 4, 4, 4, 4, 4, 4, 4, 4, 4, 4, 4, 4, 4, 4, 4, 4, 4, 4], [0, 0, 4, 0, 0, 4, 8, 8, 4, 0, 0, 4, 0, 0, 4, 2, 2, 4, 0, 0, 4, 3, 3, 4, 0, 0], [0, 0, 4, 0, 0, 4, 8, 8, 4, 0, 0, 4, 0, 0, 4, 2, 2, 4, 0, 0, 4, 3, 3, 4, 0, 0], [4, 4, 4, 4, 4, 4, 4, 4, 4, 4, 4, 4, 4, 4, 4, 4, 4, 4, 4, 4, 4, 4, 4, 4, 4, 4], [0, 0, 4, 0, 0, 4, 8, 8, 4, 0, 0, 4, 0, 0, 4, 2, 2, 4, 0, 0, 4, 0, 0, 4, 0, 0], [0, 0, 4, 0, 0, 4, 8, 8, 4, 0, 0, 4, 0, 0, 4, 2, 2, 4, 0, 0, 4, 0, 0, 4, 0, 0], [4, 4, 4, 4, 4, 4, 4, 4, 4, 4, 4, 4, 4, 4, 4, 4, 4, 4, 4, 4, 4, 4, 4, 4, 4, 4], [0, 0, 4, 0, 0, 4, 0, 0, 4, 0, 0, 4, 0, 0, 4, 2, 2, 4, 0, 0, 4, 0, 0, 4, 0, 0], [0, 0, 4, 0, 0, 4, 0, 0, 4, 0, 0, 4, 0, 0, 4, 2, 2, 4, 0, 0, 4, 0, 0, 4, 0, 0], [4, 4, 4, 4, 4, 4, 4, 4, 4, 4, 4, 4, 4, 4, 4, 4, 4, 4, 4, 4, 4, 4, 4, 4, 4, 4], [0, 0, 4, 2, 2, 4, 2, 2, 4, 2, 2, 4, 2, 2, 4, 2, 2, 4, 0, 0, 4, 0, 0, 4, 0, 0], [0, 0, 4, 2, 2, 4, 2, 2, 4, 2, 2, 4, 2, 2, 4, 2, 2, 4, 0, 0, 4, 0, 0, 4, 0, 0], [4, 4, 4, 4, 4, 4, 4, 4, 4, 4, 4, 4, 4, 4, 4, 4, 4, 4, 4, 4, 4, 4, 4, 4, 4, 4], [0, 0, 4, 0, 0, 4, 0, 0, 4, 0, 0, 4, 0, 0, 4, 0, 0, 4, 0, 0, 4, 0, 0, 4, 0, 0], [0, 0, 4, 0, 0, 4, 0, 0, 4, 0, 0, 4, 0, 0, 4, 0, 0, 4, 0, 0, 4, 0, 0, 4, 0, 0], [4, 4, 4, 4, 4, 4, 4, 4, 4, 4, 4, 4, 4, 4, 4, 4, 4, 4, 4, 4, 4, 4, 4, 4, 4, 4], [0, 0, 4, 0, 0, 4, 0, 0, 4, 0, 0, 4, 0, 0, 4, 0, 0, 4, 0, 0, 4, 0, 0, 4, 0, 0], [0, 0, 4, 0, 0, 4, 0, 0, 4, 0, 0, 4, 0, 0, 4, 0, 0, 4, 0, 0, 4, 0, 0, 4, 0, 0]]}]}