{"train": [{"input": [[0, 0, 0, 0, 1, 0, 0, 0, 0, 0, 0, 0, 0], [0, 0, 0, 0, 1, 0, 0, 0, 0, 0, 0, 0, 0], [0, 0, 0, 0, 1, 0, 0, 3, 0, 0, 0, 0, 0], [0, 0, 0, 0, 1, 0, 0, 0, 3, 3, 0, 0, 0], [0, 0, 0, 0, 1, 0, 0, 0, 3, 0, 0, 0, 0], [0, 2, 2, 0, 1, 0, 0, 0, 0, 0, 0, 0, 0], [2, 2, 2, 0, 1, 0, 0, 0, 0, 0, 0, 0, 0], [0, 2, 0, 0, 1, 0, 0, 0, 0, 0, 0, 0, 0], [0, 0, 0, 0, 1, 0, 0, 0, 0, 0, 0, 0, 0], [1, 1, 1, 1, 1, 1, 1, 1, 1, 1, 1, 1, 1], [0, 0, 0, 0, 1, 0, 0, 0, 0, 0, 0, 0, 0], [0, 0, 5, 0, 1, 0, 0, 0, 0, 0, 0, 0, 0], [5, 5, 5, 0, 1, 0, 0, 8, 0, 8, 0, 0, 0], [0, 5, 0, 0, 1, 0, 0, 0, 8, 0, 0, 0, 0], [0, 0, 0, 0, 1, 0, 0, 8, 0, 0, 0, 0, 0]], "output": [[0, 2, 2, 3, 0, 0], [2, 2, 2, 0, 3, 3], [0, 2, 0, 0, 3, 0], [0, 0, 5, 8, 0, 8], [5, 5, 5, 0, 8, 0], [0, 5, 0, 8, 0, 0]]}, {"input": [[0, 0, 1, 1, 0, 0, 0, 2, 0, 0, 0, 3, 3], [0, 0, 0, 1, 0, 0, 0, 2, 0, 0, 3, 3, 0], [0, 0, 0, 1, 1, 0, 0, 2, 0, 0, 0, 3, 0], [2, 2, 2, 2, 2, 2, 2, 2, 2, 2, 2, 2, 2], [0, 0, 0, 0, 0, 0, 0, 2, 0, 0, 0, 0, 0], [0, 0, 0, 0, 0, 0, 0, 2, 0, 0, 0, 0, 0], [0, 0, 0, 0, 0, 0, 0, 2, 0, 0, 0, 0, 0], [0, 0, 4, 0, 0, 0, 0, 2, 0, 0, 0, 0, 0], [0, 4, 0, 4, 0, 0, 0, 2, 0, 5, 5, 0, 0], [0, 0, 4, 0, 0, 0, 0, 2, 0, 0, 5, 0, 0], [0, 0, 0, 0, 0, 0, 0, 2, 0, 0, 0, 5, 0], [0, 0, 0, 0, 0, 0, 0, 2, 0, 0, 0, 0, 0]], "output": [[1, 1, 0, 0, 3, 3], [0, 1, 0, 3, 3, 0], [0, 1, 1, 0, 3, 0], [0, 4, 0, 5, 5, 0], [4, 0, 4, 0, 5, 0], [0, 4, 0, 0, 0, 5]]}, {"input": [[0, 0, 0, 0, 0, 0, 3, 0, 0, 1, 1, 0], [0, 0, 2, 2, 0, 0, 3, 0, 1, 0, 0, 0], [0, 2, 0, 2, 0, 0, 3, 0, 0, 1, 0, 0], [0, 0, 2, 0, 0, 0, 3, 0, 0, 0, 0, 0], [3, 3, 3, 3, 3, 3, 3, 3, 3, 3, 3, 3], [0, 0, 0, 0, 0, 0, 3, 0, 0, 0, 0, 0], [0, 0, 0, 0, 0, 0, 3, 0, 0, 0, 5, 0], [0, 0, 0, 0, 0, 0, 3, 0, 0, 5, 0, 5], [0, 0, 0, 0, 0, 0, 3, 0, 0, 5, 5, 5], [0, 0, 0, 0, 0, 0, 3, 0, 0, 0, 0, 0], [0, 0, 0, 0, 0, 0, 3, 0, 0, 0, 0, 0], [0, 0, 0, 0, 0, 0, 3, 0, 0, 0, 0, 0], [4, 0, 0, 0, 0, 0, 3, 0, 0, 0, 0, 0], [4, 4, 4, 0, 0, 0, 3, 0, 0, 0, 0, 0], [0, 4, 0, 0, 0, 0, 3, 0, 0, 0, 0, 0], [0, 0, 0, 0, 0, 0, 3, 0, 0, 0, 0, 0]], "output": [[0, 2, 2, 0, 1, 1], [2, 0, 2, 1, 0, 0], [0, 2, 0, 0, 1, 0], [4, 0, 0, 0, 5, 0], [4, 4, 4, 5, 0, 5], [0, 4, 0, 5, 5, 5]]}], "test": [{"input": [[0, 0, 0, 0, 0, 0, 1, 0, 0, 0, 0, 0, 0], [0, 0, 0, 0, 0, 0, 1, 0, 0, 0, 0, 0, 0], [0, 0, 0, 0, 0, 0, 1, 0, 0, 3, 3, 3, 0], [0, 0, 2, 2, 0, 0, 1, 0, 0, 0, 3, 3, 0], [0, 0, 2, 0, 0, 0, 1, 0, 0, 3, 0, 0, 0], [0, 2, 0, 2, 0, 0, 1, 0, 0, 0, 0, 0, 0], [0, 0, 0, 0, 0, 0, 1, 0, 0, 0, 0, 0, 0], [1, 1, 1, 1, 1, 1, 1, 1, 1, 1, 1, 1, 1], [0, 0, 0, 0, 0, 0, 1, 0, 0, 0, 0, 0, 0], [0, 0, 0, 0, 0, 0, 1, 0, 0, 0, 0, 0, 0], [0, 0, 0, 0, 0, 0, 1, 0, 0, 0, 4, 0, 0], [0, 0, 6, 6, 0, 0, 1, 0, 0, 4, 0, 4, 0], [0, 6, 0, 6, 0, 0, 1, 0, 0, 0, 4, 0, 0], [0, 6, 6, 0, 0, 0, 1, 0, 0, 0, 0, 0, 0]], "output": [[0, 2, 2, 3, 3, 3], [0, 2, 0, 0, 3, 3], [2, 0, 2, 3, 0, 0], [0, 6, 6, 0, 4, 0], [6, 0, 6, 4, 0, 4], [6, 6, 0, 0, 4, 0]]}]}