{"train": [{"input": [[5, 5, 9, 9], [9, 5, 5, 5], [5, 7, 5, 7]], "output": [[7, 5, 7, 5, 5, 7, 5, 7], [5, 5, 5, 9, 9, 5, 5, 5], [9, 9, 5, 5, 5, 5, 9, 9], [9, 9, 5, 5, 5, 5, 9, 9], [5, 5, 5, 9, 9, 5, 5, 5], [7, 5, 7, 5, 5, 7, 5, 7]]}, {"input": [[6, 2, 4, 2], [2, 2, 6, 6], [6, 4, 2, 4]], "output": [[4, 2, 4, 6, 6, 4, 2, 4], [6, 6, 2, 2, 2, 2, 6, 6], [2, 4, 2, 6, 6, 2, 4, 2], [2, 4, 2, 6, 6, 2, 4, 2], [6, 6, 2, 2, 2, 2, 6, 6], [4, 2, 4, 6, 6, 4, 2, 4]]}, {"input": [[3, 3, 5, 5], [5, 8, 5, 8], [8, 8, 5, 8]], "output": [[8, 5, 8, 8, 8, 8, 5, 8], [8, 5, 8, 5, 5, 8, 5, 8], [5, 5, 3, 3, 3, 3, 5, 5], [5, 5, 3, 3, 3, 3, 5, 5], [8, 5, 8, 5, 5, 8, 5, 8], [8, 5, 8, 8, 8, 8, 5, 8]]}], "test": [{"input": [[8, 5, 7, 8], [7, 7, 8, 8], [5, 5, 8, 5]], "output": [[5, 8, 5, 5, 5, 5, 8, 5], [8, 8, 7, 7, 7, 7, 8, 8], [8, 7, 5, 8, 8, 5, 7, 8], [8, 7, 5, 8, 8, 5, 7, 8], [8, 8, 7, 7, 7, 7, 8, 8], [5, 8, 5, 5, 5, 5, 8, 5]]}]}