{"train": [{"input": [[0, 0, 0, 2], [2, 0, 0, 0], [0, 2, 2, 2], [0, 0, 0, 2], [2, 0, 2, 0], [0, 2, 2, 0], [7, 7, 7, 7], [6, 0, 6, 6], [6, 0, 0, 6], [0, 6, 6, 6], [6, 0, 0, 0], [6, 0, 0, 6], [0, 0, 6, 0]], "output": [[0, 8, 0, 0], [0, 8, 8, 0], [8, 0, 0, 0], [0, 8, 8, 0], [0, 8, 0, 0], [8, 0, 0, 8]]}, {"input": [[2, 2, 0, 2], [2, 0, 2, 2], [2, 2, 0, 0], [0, 2, 0, 2], [0, 2, 2, 0], [2, 0, 0, 2], [7, 7, 7, 7], [6, 0, 6, 6], [0, 6, 0, 0], [0, 0, 0, 0], [0, 0, 0, 6], [6, 6, 0, 0], [6, 0, 6, 0]], "output": [[0, 0, 0, 0], [0, 0, 0, 0], [0, 0, 8, 8], [8, 0, 8, 0], [0, 0, 0, 8], [0, 8, 0, 0]]}, {"input": [[2, 2, 0, 0], [0, 2, 2, 0], [2, 2, 0, 0], [2, 0, 0, 0], [0, 0, 0, 2], [2, 2, 0, 0], [7, 7, 7, 7], [6, 6, 6, 6], [6, 0, 6, 6], [6, 6, 0, 0], [0, 0, 0, 0], [6, 6, 0, 0], [0, 0, 6, 0]], "output": [[0, 0, 0, 0], [0, 0, 0, 0], [0, 0, 8, 8], [0, 8, 8, 8], [0, 0, 8, 0], [0, 0, 0, 8]]}, {"input": [[0, 2, 2, 0], [2, 0, 0, 0], [0, 2, 0, 2], [2, 2, 2, 2], [0, 0, 2, 0], [0, 0, 2, 2], [7, 7, 7, 7], [0, 6, 6, 0], [0, 0, 0, 0], [6, 6, 6, 6], [6, 6, 0, 6], [0, 6, 6, 6], [0, 0, 6, 0]], "output": [[8, 0, 0, 8], [0, 8, 8, 8], [0, 0, 0, 0], [0, 0, 0, 0], [8, 0, 0, 0], [8, 8, 0, 0]]}], "test": [{"input": [[0, 0, 0, 2], [0, 2, 2, 0], [2, 0, 0, 2], [0, 2, 2, 0], [2, 0, 2, 2], [0, 0, 0, 2], [7, 7, 7, 7], [6, 6, 0, 6], [6, 6, 6, 0], [0, 0, 0, 0], [6, 6, 0, 6], [6, 0, 6, 0], [0, 0, 6, 6]], "output": [[0, 0, 8, 0], [0, 0, 0, 8], [0, 8, 8, 0], [0, 0, 0, 0], [0, 8, 0, 0], [8, 8, 0, 0]]}]}