{"train": [{"input": [[0, 0, 0, 0, 6, 6, 0, 0, 0, 0], [0, 0, 0, 0, 0, 0, 0, 0, 0, 0], [0, 0, 0, 0, 0, 0, 0, 0, 0, 0], [0, 0, 0, 2, 3, 7, 9, 5, 1, 8], [4, 0, 0, 0, 0, 0, 0, 0, 0, 0], [4, 0, 0, 0, 0, 0, 0, 0, 0, 0], [0, 0, 0, 0, 0, 0, 0, 0, 0, 0], [0, 0, 0, 0, 0, 0, 0, 0, 0, 0], [0, 0, 0, 0, 0, 0, 0, 0, 0, 0], [0, 0, 0, 0, 0, 0, 0, 0, 0, 0]], "output": [[2, 3, 6, 6, 6, 6, 2, 3, 7, 9], [4, 2, 3, 6, 6, 2, 3, 7, 9, 5], [4, 4, 2, 3, 2, 3, 7, 9, 5, 1], [4, 4, 4, 2, 3, 7, 9, 5, 1, 8], [4, 4, 2, 3, 2, 3, 7, 9, 5, 1], [4, 2, 3, 0, 0, 2, 3, 7, 9, 5], [2, 3, 0, 0, 0, 0, 2, 3, 7, 9], [3, 0, 0, 0, 0, 0, 0, 2, 3, 7], [0, 0, 0, 0, 0, 0, 0, 0, 2, 3], [0, 0, 0, 0, 0, 0, 0, 0, 0, 2]]}, {"input": [[0, 0, 0, 0, 7, 7, 0, 0, 0, 0], [0, 0, 0, 0, 0, 0, 0, 0, 0, 0], [0, 0, 0, 0, 0, 0, 0, 0, 0, 0], [0, 0, 0, 0, 0, 0, 0, 0, 0, 0], [0, 0, 0, 0, 8, 0, 0, 0, 0, 9], [0, 0, 0, 0, 4, 0, 0, 0, 0, 9], [0, 0, 0, 0, 6, 0, 0, 0, 0, 0], [0, 0, 0, 0, 3, 0, 0, 0, 0, 0], [0, 0, 0, 0, 2, 0, 0, 0, 0, 0], [0, 0, 0, 0, 1, 0, 0, 0, 0, 0]], "output": [[8, 7, 7, 7, 7, 7, 7, 7, 8, 4], [4, 8, 7, 7, 7, 7, 7, 8, 4, 9], [0, 4, 8, 7, 7, 7, 8, 4, 9, 9], [0, 0, 4, 8, 7, 8, 4, 9, 9, 9], [0, 0, 0, 4, 8, 4, 9, 9, 9, 9], [0, 0, 0, 8, 4, 8, 9, 9, 9, 9], [0, 0, 8, 4, 6, 4, 8, 9, 9, 9], [0, 8, 4, 6, 3, 6, 4, 8, 9, 9], [8, 4, 6, 3, 2, 3, 6, 4, 8, 9], [4, 6, 3, 2, 1, 2, 3, 6, 4, 8]]}, {"input": [[0, 0, 0, 0], [8, 0, 3, 0], [8, 0, 2, 0], [0, 0, 4, 0]], "output": [[2, 3, 0, 3], [8, 2, 3, 2], [8, 3, 2, 3], [3, 2, 4, 2]]}], "test": [{"input": [[0, 0, 0, 9, 9, 0, 0, 0], [0, 0, 0, 0, 0, 0, 0, 0], [0, 0, 0, 0, 0, 0, 0, 0], [0, 0, 2, 0, 0, 0, 0, 7], [0, 0, 4, 0, 0, 0, 0, 7], [0, 0, 8, 0, 0, 0, 0, 0], [0, 0, 6, 0, 0, 0, 0, 0], [0, 0, 3, 0, 0, 0, 0, 0]], "output": [[9, 9, 9, 9, 9, 2, 4, 7], [2, 9, 9, 9, 2, 4, 7, 7], [4, 2, 9, 2, 4, 7, 7, 7], [0, 4, 2, 4, 7, 7, 7, 7], [0, 2, 4, 2, 7, 7, 7, 7], [2, 4, 8, 4, 2, 7, 7, 7], [4, 8, 6, 8, 4, 2, 7, 7], [8, 6, 3, 6, 8, 4, 2, 7]]}]}