{"train": [{"input": [[1, 7, 7, 1, 0, 8, 0, 5], [1, 7, 7, 1, 1, 0, 1, 0], [8, 8, 0, 0, 7, 7, 7, 7], [0, 1, 0, 0, 0, 0, 1, 1], [5, 0, 8, 0, 1, 0, 1, 1]], "output": [[3, 7, 7, 1, 0, 3, 0, 3], [3, 7, 7, 1, 1, 0, 3, 0], [3, 3, 0, 0, 7, 7, 7, 7], [0, 3, 0, 0, 0, 0, 1, 1], [3, 0, 3, 0, 3, 0, 1, 1]]}, {"input": [[0, 0, 1, 8, 1, 1, 1, 0], [1, 5, 1, 7, 1, 1, 0, 0], [0, 8, 0, 7, 7, 7, 8, 8], [0, 8, 8, 0, 0, 0, 8, 0], [0, 7, 0, 0, 8, 5, 5, 0], [1, 0, 0, 0, 0, 0, 0, 1], [1, 0, 8, 7, 7, 8, 0, 0], [0, 0, 8, 7, 7, 0, 8, 8], [0, 8, 8, 0, 8, 0, 8, 8]], "output": [[0, 0, 3, 3, 1, 1, 1, 0], [3, 3, 3, 7, 1, 1, 0, 0], [0, 8, 0, 7, 7, 7, 8, 8], [0, 8, 8, 0, 0, 0, 8, 0], [0, 3, 0, 0, 3, 3, 3, 0], [3, 0, 0, 0, 0, 0, 0, 3], [3, 0, 8, 7, 7, 3, 0, 0], [0, 0, 8, 7, 7, 0, 8, 8], [0, 8, 8, 0, 3, 0, 8, 8]]}, {"input": [[1, 0, 5], [1, 0, 0], [7, 7, 7]], "output": [[3, 0, 3], [3, 0, 0], [7, 7, 7]]}, {"input": [[0, 0, 1, 0, 7, 7, 7, 0], [8, 8, 0, 0, 5, 5, 0, 0], [0, 8, 8, 0, 0, 5, 5, 0], [0, 1, 1, 0, 8, 0, 0, 1], [0, 7, 0, 1, 8, 0, 0, 0], [8, 0, 0, 0, 1, 0, 7, 0], [0, 8, 8, 8, 1, 0, 0, 0]], "output": [[0, 0, 3, 0, 7, 7, 7, 0], [8, 8, 0, 0, 5, 5, 0, 0], [0, 8, 8, 0, 0, 5, 5, 0], [0, 3, 3, 0, 3, 0, 0, 3], [0, 3, 0, 3, 3, 0, 0, 0], [3, 0, 0, 0, 3, 0, 3, 0], [0, 8, 8, 8, 3, 0, 0, 0]]}], "test": [{"input": [[0, 5, 0, 1, 5, 5, 0, 5], [1, 1, 0, 0, 0, 1, 1, 0], [0, 7, 7, 0, 0, 0, 0, 5], [1, 1, 0, 5, 0, 1, 0, 0], [0, 1, 0, 5, 5, 5, 0, 1], [0, 7, 0, 0, 7, 0, 0, 7], [1, 0, 1, 0, 0, 0, 1, 7], [0, 0, 1, 1, 0, 1, 0, 7]], "output": [[0, 3, 0, 3, 3, 3, 0, 3], [3, 3, 0, 0, 0, 3, 3, 0], [0, 3, 3, 0, 0, 0, 0, 3], [1, 1, 0, 5, 0, 3, 0, 0], [0, 1, 0, 5, 5, 5, 0, 3], [0, 3, 0, 0, 3, 0, 0, 7], [3, 0, 1, 0, 0, 0, 3, 7], [0, 0, 1, 1, 0, 3, 0, 7]]}]}