{"train": [{"input": [[0, 0, 1, 4, 1, 0, 0, 4, 0, 0, 0, 4, 0, 0, 1, 4, 0, 0, 1, 4, 0, 1, 0], [1, 1, 0, 4, 0, 1, 0, 4, 1, 0, 1, 4, 1, 1, 1, 4, 1, 1, 0, 4, 0, 0, 1], [1, 1, 1, 4, 0, 0, 1, 4, 1, 0, 1, 4, 0, 0, 1, 4, 0, 0, 1, 4, 1, 0, 0], [4, 4, 4, 4, 4, 4, 4, 4, 4, 4, 4, 4, 4, 4, 4, 4, 4, 4, 4, 4, 4, 4, 4], [0, 1, 0, 4, 1, 0, 0, 4, 1, 0, 0, 4, 1, 1, 0, 4, 0, 0, 1, 4, 1, 0, 0], [0, 0, 0, 4, 0, 0, 1, 4, 0, 1, 0, 4, 1, 0, 0, 4, 0, 0, 0, 4, 0, 0, 1], [0, 1, 0, 4, 0, 0, 1, 4, 1, 0, 1, 4, 0, 1, 0, 4, 1, 0, 0, 4, 0, 1, 0], [4, 4, 4, 4, 4, 4, 4, 4, 4, 4, 4, 4, 4, 4, 4, 4, 4, 4, 4, 4, 4, 4, 4], [1, 1, 0, 4, 0, 1, 0, 4, 1, 1, 1, 4, 0, 0, 0, 4, 0, 1, 0, 4, 0, 1, 1], [0, 0, 0, 4, 0, 1, 0, 4, 0, 0, 0, 4, 1, 0, 1, 4, 0, 0, 1, 4, 0, 0, 1], [0, 1, 1, 4, 0, 1, 0, 4, 1, 0, 0, 4, 0, 0, 0, 4, 0, 0, 0, 4, 0, 0, 0], [4, 4, 4, 4, 4, 4, 4, 4, 4, 4, 4, 4, 4, 4, 4, 4, 4, 4, 4, 4, 4, 4, 4], [1, 1, 1, 4, 1, 1, 0, 4, 1, 0, 0, 4, 0, 0, 1, 4, 0, 0, 1, 4, 0, 0, 1], [1, 1, 1, 4, 1, 0, 1, 4, 0, 0, 1, 4, 0, 0, 0, 4, 1, 1, 0, 4, 1, 0, 0], [1, 1, 0, 4, 1, 1, 0, 4, 1, 1, 0, 4, 0, 0, 1, 4, 0, 1, 1, 4, 1, 0, 0], [4, 4, 4, 4, 4, 4, 4, 4, 4, 4, 4, 4, 4, 4, 4, 4, 4, 4, 4, 4, 4, 4, 4], [0, 0, 0, 4, 0, 1, 0, 4, 1, 0, 1, 4, 1, 0, 1, 4, 0, 0, 0, 0, 6, 6, 4], [1, 1, 0, 4, 0, 1, 1, 4, 0, 0, 0, 4, 1, 0, 0, 4, 0, 0, 0, 0, 6, 6, 4], [0, 0, 0, 4, 0, 0, 1, 4, 0, 0, 0, 4, 0, 1, 1, 4, 6, 6, 6, 6, 0, 0, 4], [4, 4, 4, 4, 4, 4, 4, 4, 4, 4, 4, 4, 4, 4, 4, 4, 6, 6, 6, 6, 0, 0, 4], [0, 0, 1, 4, 1, 0, 0, 4, 0, 1, 0, 4, 1, 1, 0, 4, 0, 0, 6, 6, 0, 0, 4], [1, 1, 1, 4, 0, 0, 0, 4, 1, 1, 1, 4, 0, 0, 1, 4, 0, 0, 6, 6, 0, 0, 4], [0, 0, 0, 4, 1, 0, 1, 4, 1, 1, 1, 4, 0, 0, 0, 4, 4, 4, 4, 4, 4, 4, 4]], "output": [[0, 0, 6, 4, 1, 0, 0, 4, 0, 0, 0, 4, 0, 0, 1, 4, 0, 0, 1, 4, 0, 1, 0], [6, 6, 0, 4, 0, 1, 0, 4, 1, 0, 1, 4, 1, 1, 1, 4, 1, 1, 0, 4, 0, 0, 1], [1, 6, 1, 4, 0, 0, 1, 4, 1, 0, 1, 4, 0, 0, 1, 4, 0, 0, 1, 4, 1, 0, 0], [4, 4, 4, 4, 4, 4, 4, 4, 4, 4, 4, 4, 4, 4, 4, 4, 4, 4, 4, 4, 4, 4, 4], [0, 1, 0, 4, 1, 0, 0, 4, 1, 0, 0, 4, 1, 1, 0, 4, 0, 0, 1, 4, 1, 0, 0], [0, 0, 0, 4, 0, 0, 1, 4, 0, 1, 0, 4, 1, 0, 0, 4, 0, 0, 0, 4, 0, 0, 1], [0, 1, 0, 4, 0, 0, 1, 4, 1, 0, 1, 4, 0, 1, 0, 4, 1, 0, 0, 4, 0, 1, 0], [4, 4, 4, 4, 4, 4, 4, 4, 4, 4, 4, 4, 4, 4, 4, 4, 4, 4, 4, 4, 4, 4, 4], [1, 1, 0, 4, 0, 1, 0, 4, 1, 1, 1, 4, 0, 0, 0, 4, 0, 1, 0, 4, 0, 1, 1], [0, 0, 0, 4, 0, 1, 0, 4, 0, 0, 0, 4, 1, 0, 1, 4, 0, 0, 1, 4, 0, 0, 1], [0, 1, 1, 4, 0, 1, 0, 4, 1, 0, 0, 4, 0, 0, 0, 4, 0, 0, 0, 4, 0, 0, 0], [4, 4, 4, 4, 4, 4, 4, 4, 4, 4, 4, 4, 4, 4, 4, 4, 4, 4, 4, 4, 4, 4, 4], [1, 1, 6, 4, 1, 1, 0, 4, 1, 0, 0, 4, 0, 0, 1, 4, 0, 0, 6, 4, 0, 0, 1], [6, 6, 1, 4, 1, 0, 1, 4, 0, 0, 1, 4, 0, 0, 0, 4, 6, 6, 0, 4, 1, 0, 0], [1, 6, 0, 4, 1, 1, 0, 4, 1, 1, 0, 4, 0, 0, 1, 4, 0, 6, 1, 4, 1, 0, 0], [4, 4, 4, 4, 4, 4, 4, 4, 4, 4, 4, 4, 4, 4, 4, 4, 4, 4, 4, 4, 4, 4, 4], [0, 0, 0, 4, 0, 1, 0, 4, 1, 0, 1, 4, 1, 0, 1, 4, 0, 0, 0, 0, 6, 6, 4], [1, 1, 0, 4, 0, 1, 1, 4, 0, 0, 0, 4, 1, 0, 0, 4, 0, 0, 0, 0, 6, 6, 4], [0, 0, 0, 4, 0, 0, 1, 4, 0, 0, 0, 4, 0, 1, 1, 4, 6, 6, 6, 6, 0, 0, 4], [4, 4, 4, 4, 4, 4, 4, 4, 4, 4, 4, 4, 4, 4, 4, 4, 6, 6, 6, 6, 0, 0, 4], [0, 0, 1, 4, 1, 0, 0, 4, 0, 1, 0, 4, 1, 1, 0, 4, 0, 0, 6, 6, 0, 0, 4], [1, 1, 1, 4, 0, 0, 0, 4, 1, 1, 1, 4, 0, 0, 1, 4, 0, 0, 6, 6, 0, 0, 4], [0, 0, 0, 4, 1, 0, 1, 4, 1, 1, 1, 4, 0, 0, 0, 4, 4, 4, 4, 4, 4, 4, 4]]}, {"input": [[4, 4, 4, 4, 4, 4, 4, 4, 0, 0, 1, 4, 1, 0, 1, 4, 0, 1, 0, 4, 0, 0, 0], [4, 8, 8, 0, 0, 8, 8, 4, 0, 0, 1, 4, 0, 1, 0, 4, 0, 0, 0, 4, 0, 1, 0], [4, 8, 8, 0, 0, 8, 8, 4, 0, 1, 1, 4, 0, 0, 0, 4, 0, 0, 0, 4, 0, 0, 0], [4, 0, 0, 8, 8, 0, 0, 4, 4, 4, 4, 4, 4, 4, 4, 4, 4, 4, 4, 4, 4, 4, 4], [4, 0, 0, 8, 8, 0, 0, 4, 1, 1, 1, 4, 0, 1, 0, 4, 0, 0, 0, 4, 0, 0, 0], [4, 0, 0, 0, 0, 0, 0, 4, 0, 1, 1, 4, 0, 1, 0, 4, 0, 1, 0, 4, 0, 0, 0], [4, 0, 0, 0, 0, 0, 0, 4, 0, 1, 1, 4, 0, 1, 0, 4, 0, 1, 0, 4, 0, 0, 0], [4, 4, 4, 4, 4, 4, 4, 4, 4, 4, 4, 4, 4, 4, 4, 4, 4, 4, 4, 4, 4, 4, 4], [0, 0, 0, 4, 1, 0, 0, 4, 0, 0, 0, 4, 0, 0, 0, 4, 0, 0, 0, 4, 0, 1, 0], [0, 1, 1, 4, 0, 0, 0, 4, 1, 0, 0, 4, 0, 0, 0, 4, 0, 1, 1, 4, 0, 0, 0], [0, 0, 0, 4, 0, 0, 0, 4, 1, 0, 0, 4, 0, 0, 1, 4, 0, 0, 0, 4, 0, 1, 0], [4, 4, 4, 4, 4, 4, 4, 4, 4, 4, 4, 4, 4, 4, 4, 4, 4, 4, 4, 4, 4, 4, 4], [1, 0, 0, 4, 1, 0, 0, 4, 0, 0, 0, 4, 1, 1, 0, 4, 0, 1, 1, 4, 0, 1, 0], [0, 0, 0, 4, 0, 1, 1, 4, 0, 1, 1, 4, 1, 0, 0, 4, 1, 0, 0, 4, 0, 1, 0], [0, 0, 0, 4, 0, 1, 1, 4, 0, 1, 0, 4, 1, 0, 0, 4, 1, 0, 0, 4, 0, 0, 0], [4, 4, 4, 4, 4, 4, 4, 4, 4, 4, 4, 4, 4, 4, 4, 4, 4, 4, 4, 4, 4, 4, 4], [1, 0, 0, 4, 1, 1, 0, 4, 0, 0, 0, 4, 0, 0, 0, 4, 1, 0, 0, 4, 0, 0, 1], [0, 1, 0, 4, 1, 0, 1, 4, 0, 1, 0, 4, 0, 1, 0, 4, 0, 0, 1, 4, 1, 0, 0], [1, 0, 0, 4, 1, 0, 0, 4, 0, 1, 0, 4, 0, 0, 0, 4, 0, 0, 0, 4, 1, 0, 1], [4, 4, 4, 4, 4, 4, 4, 4, 4, 4, 4, 4, 4, 4, 4, 4, 4, 4, 4, 4, 4, 4, 4], [1, 0, 0, 4, 1, 1, 0, 4, 1, 0, 0, 4, 1, 0, 0, 4, 0, 0, 1, 4, 1, 1, 0], [1, 1, 0, 4, 1, 0, 1, 4, 0, 0, 1, 4, 0, 1, 0, 4, 1, 1, 0, 4, 1, 0, 1], [1, 0, 0, 4, 1, 1, 1, 4, 0, 1, 0, 4, 0, 1, 1, 4, 1, 1, 1, 4, 0, 0, 0]], "output": [[4, 4, 4, 4, 4, 4, 4, 4, 0, 0, 1, 4, 8, 0, 8, 4, 0, 1, 0, 4, 0, 0, 0], [4, 8, 8, 0, 0, 8, 8, 4, 0, 0, 1, 4, 0, 8, 0, 4, 0, 0, 0, 4, 0, 1, 0], [4, 8, 8, 0, 0, 8, 8, 4, 0, 1, 1, 4, 0, 0, 0, 4, 0, 0, 0, 4, 0, 0, 0], [4, 0, 0, 8, 8, 0, 0, 4, 4, 4, 4, 4, 4, 4, 4, 4, 4, 4, 4, 4, 4, 4, 4], [4, 0, 0, 8, 8, 0, 0, 4, 8, 1, 8, 4, 0, 1, 0, 4, 0, 0, 0, 4, 0, 0, 0], [4, 0, 0, 0, 0, 0, 0, 4, 0, 8, 1, 4, 0, 1, 0, 4, 0, 1, 0, 4, 0, 0, 0], [4, 0, 0, 0, 0, 0, 0, 4, 0, 1, 1, 4, 0, 1, 0, 4, 0, 1, 0, 4, 0, 0, 0], [4, 4, 4, 4, 4, 4, 4, 4, 4, 4, 4, 4, 4, 4, 4, 4, 4, 4, 4, 4, 4, 4, 4], [0, 0, 0, 4, 1, 0, 0, 4, 0, 0, 0, 4, 0, 0, 0, 4, 0, 0, 0, 4, 0, 1, 0], [0, 1, 1, 4, 0, 0, 0, 4, 1, 0, 0, 4, 0, 0, 0, 4, 0, 1, 1, 4, 0, 0, 0], [0, 0, 0, 4, 0, 0, 0, 4, 1, 0, 0, 4, 0, 0, 1, 4, 0, 0, 0, 4, 0, 1, 0], [4, 4, 4, 4, 4, 4, 4, 4, 4, 4, 4, 4, 4, 4, 4, 4, 4, 4, 4, 4, 4, 4, 4], [1, 0, 0, 4, 1, 0, 0, 4, 0, 0, 0, 4, 1, 1, 0, 4, 0, 1, 1, 4, 0, 1, 0], [0, 0, 0, 4, 0, 1, 1, 4, 0, 1, 1, 4, 1, 0, 0, 4, 1, 0, 0, 4, 0, 1, 0], [0, 0, 0, 4, 0, 1, 1, 4, 0, 1, 0, 4, 1, 0, 0, 4, 1, 0, 0, 4, 0, 0, 0], [4, 4, 4, 4, 4, 4, 4, 4, 4, 4, 4, 4, 4, 4, 4, 4, 4, 4, 4, 4, 4, 4, 4], [1, 0, 0, 4, 1, 1, 0, 4, 0, 0, 0, 4, 0, 0, 0, 4, 1, 0, 0, 4, 0, 0, 1], [0, 1, 0, 4, 1, 0, 1, 4, 0, 1, 0, 4, 0, 1, 0, 4, 0, 0, 1, 4, 1, 0, 0], [1, 0, 0, 4, 1, 0, 0, 4, 0, 1, 0, 4, 0, 0, 0, 4, 0, 0, 0, 4, 1, 0, 1], [4, 4, 4, 4, 4, 4, 4, 4, 4, 4, 4, 4, 4, 4, 4, 4, 4, 4, 4, 4, 4, 4, 4], [1, 0, 0, 4, 1, 1, 0, 4, 1, 0, 0, 4, 1, 0, 0, 4, 0, 0, 1, 4, 1, 1, 0], [1, 1, 0, 4, 1, 0, 1, 4, 0, 0, 1, 4, 0, 1, 0, 4, 1, 1, 0, 4, 1, 0, 1], [1, 0, 0, 4, 1, 1, 1, 4, 0, 1, 0, 4, 0, 1, 1, 4, 1, 1, 1, 4, 0, 0, 0]]}, {"input": [[1, 0, 0, 4, 0, 0, 1, 4, 1, 1, 1, 4, 1, 1, 0, 4, 1, 0, 0, 4, 0, 0, 0], [1, 1, 0, 4, 1, 0, 0, 4, 1, 0, 0, 4, 0, 1, 0, 4, 1, 1, 0, 4, 0, 1, 1], [0, 1, 1, 4, 1, 0, 0, 4, 1, 0, 1, 4, 0, 1, 0, 4, 0, 0, 0, 4, 1, 1, 0], [4, 4, 4, 4, 4, 4, 4, 4, 4, 4, 4, 4, 4, 4, 4, 4, 4, 4, 4, 4, 4, 4, 4], [1, 0, 0, 4, 1, 1, 1, 4, 0, 0, 1, 4, 1, 0, 0, 4, 1, 0, 0, 4, 1, 0, 0], [1, 0, 0, 4, 1, 1, 0, 4, 0, 1, 0, 4, 1, 1, 0, 4, 1, 0, 1, 4, 0, 1, 0], [1, 1, 0, 4, 0, 1, 1, 4, 1, 0, 0, 4, 0, 0, 1, 4, 1, 0, 1, 4, 0, 1, 0], [4, 4, 4, 4, 4, 4, 4, 4, 4, 4, 4, 4, 4, 4, 4, 4, 4, 4, 4, 4, 4, 4, 4], [0, 1, 1, 4, 1, 1, 0, 4, 1, 1, 0, 4, 0, 1, 0, 4, 1, 1, 0, 4, 0, 1, 0], [1, 1, 0, 4, 0, 0, 1, 4, 0, 0, 1, 4, 1, 0, 1, 4, 0, 1, 1, 4, 0, 1, 0], [0, 1, 1, 4, 1, 1, 0, 4, 0, 1, 0, 4, 0, 1, 0, 4, 0, 0, 0, 4, 0, 1, 0], [4, 4, 4, 4, 4, 4, 4, 4, 4, 4, 4, 4, 4, 4, 4, 4, 4, 4, 4, 4, 4, 4, 4], [1, 1, 1, 4, 1, 0, 1, 4, 0, 0, 0, 4, 0, 0, 0, 4, 1, 0, 0, 4, 1, 0, 0], [1, 0, 1, 4, 1, 0, 1, 4, 0, 1, 1, 4, 0, 0, 1, 4, 1, 0, 0, 4, 1, 0, 0], [0, 1, 1, 4, 0, 1, 0, 4, 1, 1, 0, 4, 0, 0, 1, 4, 1, 1, 1, 4, 1, 0, 1], [4, 4, 4, 4, 4, 4, 4, 4, 4, 4, 4, 4, 4, 4, 4, 4, 4, 4, 4, 4, 4, 4, 4], [4, 3, 3, 0, 0, 0, 0, 4, 1, 1, 1, 4, 1, 0, 1, 4, 0, 0, 1, 4, 0, 1, 1], [4, 3, 3, 0, 0, 0, 0, 4, 1, 1, 1, 4, 0, 1, 1, 4, 1, 1, 0, 4, 1, 0, 0], [4, 0, 0, 3, 3, 0, 0, 4, 0, 1, 0, 4, 0, 0, 1, 4, 1, 1, 1, 4, 0, 0, 0], [4, 0, 0, 3, 3, 0, 0, 4, 4, 4, 4, 4, 4, 4, 4, 4, 4, 4, 4, 4, 4, 4, 4], [4, 0, 0, 0, 0, 3, 3, 4, 0, 1, 1, 4, 0, 0, 0, 4, 0, 1, 0, 4, 0, 1, 0], [4, 0, 0, 0, 0, 3, 3, 4, 1, 0, 1, 4, 0, 0, 0, 4, 1, 0, 1, 4, 1, 1, 1], [4, 4, 4, 4, 4, 4, 4, 4, 1, 1, 0, 4, 1, 0, 0, 4, 0, 1, 0, 4, 1, 1, 0]], "output": [[3, 0, 0, 4, 0, 0, 1, 4, 1, 1, 1, 4, 1, 1, 0, 4, 1, 0, 0, 4, 0, 0, 0], [1, 3, 0, 4, 1, 0, 0, 4, 1, 0, 0, 4, 0, 1, 0, 4, 1, 1, 0, 4, 0, 1, 1], [0, 1, 3, 4, 1, 0, 0, 4, 1, 0, 1, 4, 0, 1, 0, 4, 0, 0, 0, 4, 1, 1, 0], [4, 4, 4, 4, 4, 4, 4, 4, 4, 4, 4, 4, 4, 4, 4, 4, 4, 4, 4, 4, 4, 4, 4], [1, 0, 0, 4, 3, 1, 1, 4, 0, 0, 1, 4, 3, 0, 0, 4, 1, 0, 0, 4, 1, 0, 0], [1, 0, 0, 4, 1, 3, 0, 4, 0, 1, 0, 4, 1, 3, 0, 4, 1, 0, 1, 4, 0, 1, 0], [1, 1, 0, 4, 0, 1, 3, 4, 1, 0, 0, 4, 0, 0, 3, 4, 1, 0, 1, 4, 0, 1, 0], [4, 4, 4, 4, 4, 4, 4, 4, 4, 4, 4, 4, 4, 4, 4, 4, 4, 4, 4, 4, 4, 4, 4], [0, 1, 1, 4, 1, 1, 0, 4, 1, 1, 0, 4, 0, 1, 0, 4, 1, 1, 0, 4, 0, 1, 0], [1, 1, 0, 4, 0, 0, 1, 4, 0, 0, 1, 4, 1, 0, 1, 4, 0, 1, 1, 4, 0, 1, 0], [0, 1, 1, 4, 1, 1, 0, 4, 0, 1, 0, 4, 0, 1, 0, 4, 0, 0, 0, 4, 0, 1, 0], [4, 4, 4, 4, 4, 4, 4, 4, 4, 4, 4, 4, 4, 4, 4, 4, 4, 4, 4, 4, 4, 4, 4], [1, 1, 1, 4, 1, 0, 1, 4, 0, 0, 0, 4, 0, 0, 0, 4, 1, 0, 0, 4, 1, 0, 0], [1, 0, 1, 4, 1, 0, 1, 4, 0, 1, 1, 4, 0, 0, 1, 4, 1, 0, 0, 4, 1, 0, 0], [0, 1, 1, 4, 0, 1, 0, 4, 1, 1, 0, 4, 0, 0, 1, 4, 1, 1, 1, 4, 1, 0, 1], [4, 4, 4, 4, 4, 4, 4, 4, 4, 4, 4, 4, 4, 4, 4, 4, 4, 4, 4, 4, 4, 4, 4], [4, 3, 3, 0, 0, 0, 0, 4, 1, 1, 1, 4, 3, 0, 1, 4, 0, 0, 1, 4, 0, 1, 1], [4, 3, 3, 0, 0, 0, 0, 4, 1, 1, 1, 4, 0, 3, 1, 4, 1, 1, 0, 4, 1, 0, 0], [4, 0, 0, 3, 3, 0, 0, 4, 0, 1, 0, 4, 0, 0, 3, 4, 1, 1, 1, 4, 0, 0, 0], [4, 0, 0, 3, 3, 0, 0, 4, 4, 4, 4, 4, 4, 4, 4, 4, 4, 4, 4, 4, 4, 4, 4], [4, 0, 0, 0, 0, 3, 3, 4, 0, 1, 1, 4, 0, 0, 0, 4, 0, 1, 0, 4, 0, 1, 0], [4, 0, 0, 0, 0, 3, 3, 4, 1, 0, 1, 4, 0, 0, 0, 4, 1, 0, 1, 4, 1, 1, 1], [4, 4, 4, 4, 4, 4, 4, 4, 1, 1, 0, 4, 1, 0, 0, 4, 0, 1, 0, 4, 1, 1, 0]]}], "test": [{"input": [[1, 0, 1, 4, 1, 0, 0, 4, 0, 1, 1, 4, 0, 1, 0, 4, 4, 4, 4, 4, 4, 4, 4], [1, 0, 0, 4, 0, 0, 0, 4, 0, 0, 1, 4, 1, 1, 1, 4, 0, 0, 0, 0, 7, 7, 4], [0, 1, 0, 4, 0, 0, 0, 4, 0, 0, 0, 4, 1, 1, 0, 4, 0, 0, 0, 0, 7, 7, 4], [4, 4, 4, 4, 4, 4, 4, 4, 4, 4, 4, 4, 4, 4, 4, 4, 7, 7, 7, 7, 7, 7, 4], [0, 0, 0, 4, 0, 0, 0, 4, 1, 1, 1, 4, 0, 0, 0, 4, 7, 7, 7, 7, 7, 7, 4], [0, 1, 0, 4, 1, 0, 0, 4, 0, 1, 1, 4, 0, 1, 1, 4, 7, 7, 0, 0, 0, 0, 4], [1, 0, 0, 4, 1, 0, 1, 4, 1, 0, 0, 4, 0, 1, 0, 4, 7, 7, 0, 0, 0, 0, 4], [4, 4, 4, 4, 4, 4, 4, 4, 4, 4, 4, 4, 4, 4, 4, 4, 4, 4, 4, 4, 4, 4, 4], [1, 0, 0, 4, 0, 0, 1, 4, 1, 1, 0, 4, 1, 1, 0, 4, 0, 0, 1, 4, 1, 1, 0], [1, 0, 0, 4, 1, 1, 1, 4, 0, 0, 0, 4, 1, 1, 0, 4, 1, 0, 1, 4, 1, 0, 0], [0, 0, 0, 4, 1, 0, 0, 4, 1, 1, 0, 4, 1, 0, 1, 4, 1, 0, 0, 4, 1, 0, 0], [4, 4, 4, 4, 4, 4, 4, 4, 4, 4, 4, 4, 4, 4, 4, 4, 4, 4, 4, 4, 4, 4, 4], [1, 0, 1, 4, 0, 0, 0, 4, 1, 0, 1, 4, 1, 1, 0, 4, 0, 0, 0, 4, 0, 0, 1], [1, 0, 0, 4, 0, 0, 0, 4, 0, 0, 1, 4, 1, 1, 1, 4, 1, 1, 0, 4, 0, 0, 0], [0, 1, 1, 4, 0, 1, 0, 4, 1, 0, 1, 4, 0, 0, 1, 4, 1, 0, 0, 4, 1, 0, 0], [4, 4, 4, 4, 4, 4, 4, 4, 4, 4, 4, 4, 4, 4, 4, 4, 4, 4, 4, 4, 4, 4, 4], [0, 0, 0, 4, 1, 1, 0, 4, 1, 0, 0, 4, 0, 0, 0, 4, 1, 0, 0, 4, 0, 1, 0], [0, 0, 1, 4, 0, 1, 0, 4, 1, 0, 0, 4, 1, 0, 0, 4, 1, 1, 0, 4, 1, 0, 0], [1, 1, 0, 4, 0, 0, 0, 4, 1, 0, 0, 4, 1, 0, 1, 4, 0, 0, 0, 4, 0, 1, 0], [4, 4, 4, 4, 4, 4, 4, 4, 4, 4, 4, 4, 4, 4, 4, 4, 4, 4, 4, 4, 4, 4, 4], [0, 1, 1, 4, 0, 0, 1, 4, 1, 0, 1, 4, 0, 1, 0, 4, 1, 1, 0, 4, 0, 1, 0], [0, 0, 0, 4, 1, 1, 1, 4, 1, 1, 1, 4, 0, 1, 1, 4, 1, 0, 1, 4, 1, 1, 0], [0, 0, 0, 4, 1, 0, 1, 4, 1, 1, 1, 4, 0, 0, 0, 4, 1, 0, 0, 4, 0, 1, 0]], "output": [[1, 0, 1, 4, 1, 0, 0, 4, 0, 1, 1, 4, 0, 1, 0, 4, 4, 4, 4, 4, 4, 4, 4], [1, 0, 0, 4, 0, 0, 0, 4, 0, 0, 1, 4, 1, 1, 1, 4, 0, 0, 0, 0, 7, 7, 4], [0, 1, 0, 4, 0, 0, 0, 4, 0, 0, 0, 4, 1, 1, 0, 4, 0, 0, 0, 0, 7, 7, 4], [4, 4, 4, 4, 4, 4, 4, 4, 4, 4, 4, 4, 4, 4, 4, 4, 7, 7, 7, 7, 7, 7, 4], [0, 0, 0, 4, 0, 0, 0, 4, 1, 1, 1, 4, 0, 0, 0, 4, 7, 7, 7, 7, 7, 7, 4], [0, 1, 0, 4, 1, 0, 0, 4, 0, 1, 1, 4, 0, 1, 1, 4, 7, 7, 0, 0, 0, 0, 4], [1, 0, 0, 4, 1, 0, 1, 4, 1, 0, 0, 4, 0, 1, 0, 4, 7, 7, 0, 0, 0, 0, 4], [4, 4, 4, 4, 4, 4, 4, 4, 4, 4, 4, 4, 4, 4, 4, 4, 4, 4, 4, 4, 4, 4, 4], [1, 0, 0, 4, 0, 0, 7, 4, 1, 1, 0, 4, 1, 1, 0, 4, 0, 0, 1, 4, 1, 1, 0], [1, 0, 0, 4, 7, 7, 7, 4, 0, 0, 0, 4, 1, 1, 0, 4, 1, 0, 1, 4, 1, 0, 0], [0, 0, 0, 4, 7, 0, 0, 4, 1, 1, 0, 4, 1, 0, 1, 4, 1, 0, 0, 4, 1, 0, 0], [4, 4, 4, 4, 4, 4, 4, 4, 4, 4, 4, 4, 4, 4, 4, 4, 4, 4, 4, 4, 4, 4, 4], [1, 0, 1, 4, 0, 0, 0, 4, 1, 0, 1, 4, 1, 1, 0, 4, 0, 0, 0, 4, 0, 0, 1], [1, 0, 0, 4, 0, 0, 0, 4, 0, 0, 1, 4, 1, 1, 1, 4, 1, 1, 0, 4, 0, 0, 0], [0, 1, 1, 4, 0, 1, 0, 4, 1, 0, 1, 4, 0, 0, 1, 4, 1, 0, 0, 4, 1, 0, 0], [4, 4, 4, 4, 4, 4, 4, 4, 4, 4, 4, 4, 4, 4, 4, 4, 4, 4, 4, 4, 4, 4, 4], [0, 0, 0, 4, 1, 1, 0, 4, 1, 0, 0, 4, 0, 0, 0, 4, 1, 0, 0, 4, 0, 1, 0], [0, 0, 1, 4, 0, 1, 0, 4, 1, 0, 0, 4, 1, 0, 0, 4, 1, 1, 0, 4, 1, 0, 0], [1, 1, 0, 4, 0, 0, 0, 4, 1, 0, 0, 4, 1, 0, 1, 4, 0, 0, 0, 4, 0, 1, 0], [4, 4, 4, 4, 4, 4, 4, 4, 4, 4, 4, 4, 4, 4, 4, 4, 4, 4, 4, 4, 4, 4, 4], [0, 1, 1, 4, 0, 0, 7, 4, 1, 0, 7, 4, 0, 1, 0, 4, 1, 1, 0, 4, 0, 1, 0], [0, 0, 0, 4, 7, 7, 7, 4, 7, 7, 7, 4, 0, 1, 1, 4, 1, 0, 1, 4, 1, 1, 0], [0, 0, 0, 4, 7, 0, 1, 4, 7, 1, 1, 4, 0, 0, 0, 4, 1, 0, 0, 4, 0, 1, 0]]}]}