{"train": [{"input": [[1, 1, 1], [6, 2, 2], [2, 2, 6]], "output": [[1, 1, 1, 1, 1, 1, 1, 1, 1], [6, 2, 2, 6, 2, 2, 6, 2, 2], [2, 2, 6, 2, 2, 6, 2, 2, 6], [0, 0, 0, 0, 0, 0, 0, 0, 0], [0, 0, 0, 0, 0, 0, 0, 0, 0], [0, 0, 0, 0, 0, 0, 0, 0, 0], [0, 0, 0, 0, 0, 0, 0, 0, 0], [0, 0, 0, 0, 0, 0, 0, 0, 0], [0, 0, 0, 0, 0, 0, 0, 0, 0]]}, {"input": [[2, 4, 3], [2, 3, 4], [2, 3, 4]], "output": [[2, 4, 3, 0, 0, 0, 0, 0, 0], [2, 3, 4, 0, 0, 0, 0, 0, 0], [2, 3, 4, 0, 0, 0, 0, 0, 0], [2, 4, 3, 0, 0, 0, 0, 0, 0], [2, 3, 4, 0, 0, 0, 0, 0, 0], [2, 3, 4, 0, 0, 0, 0, 0, 0], [2, 4, 3, 0, 0, 0, 0, 0, 0], [2, 3, 4, 0, 0, 0, 0, 0, 0], [2, 3, 4, 0, 0, 0, 0, 0, 0]]}, {"input": [[3, 1, 6], [3, 6, 1], [3, 1, 6]], "output": [[3, 1, 6, 0, 0, 0, 0, 0, 0], [3, 6, 1, 0, 0, 0, 0, 0, 0], [3, 1, 6, 0, 0, 0, 0, 0, 0], [3, 1, 6, 0, 0, 0, 0, 0, 0], [3, 6, 1, 0, 0, 0, 0, 0, 0], [3, 1, 6, 0, 0, 0, 0, 0, 0], [3, 1, 6, 0, 0, 0, 0, 0, 0], [3, 6, 1, 0, 0, 0, 0, 0, 0], [3, 1, 6, 0, 0, 0, 0, 0, 0]]}, {"input": [[4, 4, 6], [3, 3, 3], [6, 6, 4]], "output": [[0, 0, 0, 0, 0, 0, 0, 0, 0], [0, 0, 0, 0, 0, 0, 0, 0, 0], [0, 0, 0, 0, 0, 0, 0, 0, 0], [4, 4, 6, 4, 4, 6, 4, 4, 6], [3, 3, 3, 3, 3, 3, 3, 3, 3], [6, 6, 4, 6, 6, 4, 6, 6, 4], [0, 0, 0, 0, 0, 0, 0, 0, 0], [0, 0, 0, 0, 0, 0, 0, 0, 0], [0, 0, 0, 0, 0, 0, 0, 0, 0]]}], "test": [{"input": [[6, 6, 3], [4, 4, 3], [4, 4, 3]], "output": [[0, 0, 0, 0, 0, 0, 6, 6, 3], [0, 0, 0, 0, 0, 0, 4, 4, 3], [0, 0, 0, 0, 0, 0, 4, 4, 3], [0, 0, 0, 0, 0, 0, 6, 6, 3], [0, 0, 0, 0, 0, 0, 4, 4, 3], [0, 0, 0, 0, 0, 0, 4, 4, 3], [0, 0, 0, 0, 0, 0, 6, 6, 3], [0, 0, 0, 0, 0, 0, 4, 4, 3], [0, 0, 0, 0, 0, 0, 4, 4, 3]]}]}