{"train": [{"input": [[7, 7, 7, 0, 7, 7, 7, 0, 7, 7, 7, 7], [7, 7, 7, 0, 7, 7, 7, 0, 7, 7, 4, 7], [7, 7, 2, 0, 7, 7, 7, 0, 7, 7, 7, 7], [0, 0, 0, 0, 0, 0, 0, 0, 0, 0, 0, 0], [4, 7, 7, 0, 5, 5, 5, 0, 7, 7, 7, 7], [7, 7, 7, 0, 5, 9, 5, 0, 7, 7, 7, 8], [7, 7, 7, 0, 5, 5, 5, 0, 7, 7, 7, 7], [0, 0, 0, 0, 0, 0, 0, 0, 0, 0, 0, 0], [7, 7, 7, 0, 7, 7, 7, 0, 7, 7, 7, 7], [7, 7, 7, 0, 7, 7, 7, 0, 7, 7, 7, 7], [7, 7, 8, 0, 7, 7, 7, 0, 7, 7, 6, 7], [7, 7, 7, 0, 7, 7, 7, 0, 7, 7, 7, 7]], "output": [[7, 7, 7, 0, 7, 7, 7, 0, 7, 7, 7, 7], [7, 7, 7, 0, 7, 7, 7, 0, 7, 7, 4, 7], [7, 7, 2, 0, 7, 7, 7, 0, 7, 7, 7, 7], [0, 0, 0, 0, 0, 0, 0, 0, 0, 0, 0, 0], [4, 7, 7, 0, 5, 5, 5, 0, 7, 7, 7, 7], [7, 7, 7, 0, 5, 5, 5, 0, 7, 7, 7, 8], [7, 7, 7, 0, 5, 5, 9, 0, 7, 7, 7, 7], [0, 0, 0, 0, 0, 0, 0, 0, 0, 0, 0, 0], [7, 7, 7, 0, 7, 7, 7, 0, 7, 7, 7, 7], [7, 7, 7, 0, 7, 7, 7, 0, 7, 7, 7, 7], [7, 7, 8, 0, 7, 7, 7, 0, 7, 7, 9, 7], [7, 7, 7, 0, 7, 7, 7, 0, 7, 7, 7, 7]]}, {"input": [[1, 7, 0, 7, 7, 4, 0, 7], [7, 7, 0, 7, 7, 7, 0, 7], [0, 0, 0, 0, 0, 0, 0, 0], [6, 7, 0, 5, 5, 5, 0, 7], [7, 7, 0, 5, 9, 5, 0, 7], [7, 7, 0, 5, 5, 5, 0, 7], [0, 0, 0, 0, 0, 0, 0, 0], [7, 3, 0, 7, 7, 7, 0, 7]], "output": [[1, 7, 0, 7, 7, 4, 0, 7], [7, 7, 0, 7, 7, 7, 0, 7], [0, 0, 0, 0, 0, 0, 0, 0], [9, 7, 0, 5, 5, 5, 0, 7], [7, 7, 0, 9, 5, 5, 0, 7], [7, 7, 0, 5, 5, 5, 0, 7], [0, 0, 0, 0, 0, 0, 0, 0], [7, 3, 0, 7, 7, 7, 0, 7]]}, {"input": [[7, 7, 7, 7, 7, 8, 0, 7, 7, 7, 0, 7, 7, 7, 7], [7, 7, 7, 7, 7, 7, 0, 7, 1, 7, 0, 7, 7, 2, 7], [7, 6, 7, 7, 7, 7, 0, 7, 7, 7, 0, 7, 7, 7, 7], [0, 0, 0, 0, 0, 0, 0, 0, 0, 0, 0, 0, 0, 0, 0], [7, 7, 7, 7, 7, 7, 0, 5, 5, 5, 0, 7, 7, 7, 7], [7, 7, 7, 7, 7, 7, 0, 5, 9, 5, 0, 8, 7, 7, 7], [7, 7, 7, 7, 7, 7, 0, 5, 5, 5, 0, 7, 7, 7, 7], [0, 0, 0, 0, 0, 0, 0, 0, 0, 0, 0, 0, 0, 0, 0], [7, 7, 7, 7, 7, 7, 0, 7, 7, 7, 0, 7, 7, 7, 7], [7, 4, 7, 7, 7, 7, 0, 7, 7, 7, 0, 7, 7, 7, 7], [7, 7, 7, 7, 7, 7, 0, 7, 7, 7, 0, 7, 7, 7, 1], [7, 7, 7, 7, 7, 7, 0, 7, 7, 7, 0, 7, 7, 7, 7], [7, 7, 7, 7, 2, 7, 0, 7, 1, 7, 0, 7, 7, 7, 1], [7, 7, 7, 7, 7, 7, 0, 7, 7, 7, 0, 7, 7, 7, 7], [7, 7, 7, 7, 7, 7, 0, 7, 7, 7, 0, 7, 7, 7, 7]], "output": [[7, 7, 7, 7, 7, 8, 0, 7, 7, 7, 0, 7, 7, 7, 7], [7, 7, 7, 7, 7, 7, 0, 7, 1, 7, 0, 7, 7, 2, 7], [7, 9, 7, 7, 7, 7, 0, 7, 7, 7, 0, 7, 7, 7, 7], [0, 0, 0, 0, 0, 0, 0, 0, 0, 0, 0, 0, 0, 0, 0], [7, 7, 7, 7, 7, 7, 0, 9, 5, 5, 0, 7, 7, 7, 7], [7, 7, 7, 7, 7, 7, 0, 5, 5, 5, 0, 8, 7, 7, 7], [7, 7, 7, 7, 7, 7, 0, 5, 5, 5, 0, 7, 7, 7, 7], [0, 0, 0, 0, 0, 0, 0, 0, 0, 0, 0, 0, 0, 0, 0], [7, 7, 7, 7, 7, 7, 0, 7, 7, 7, 0, 7, 7, 7, 7], [7, 4, 7, 7, 7, 7, 0, 7, 7, 7, 0, 7, 7, 7, 7], [7, 7, 7, 7, 7, 7, 0, 7, 7, 7, 0, 7, 7, 7, 1], [7, 7, 7, 7, 7, 7, 0, 7, 7, 7, 0, 7, 7, 7, 7], [7, 7, 7, 7, 2, 7, 0, 7, 1, 7, 0, 7, 7, 7, 1], [7, 7, 7, 7, 7, 7, 0, 7, 7, 7, 0, 7, 7, 7, 7], [7, 7, 7, 7, 7, 7, 0, 7, 7, 7, 0, 7, 7, 7, 7]]}], "test": [{"input": [[7, 7, 7, 7, 7, 0, 7, 7, 7, 0, 7, 7, 7, 7, 7, 7, 7, 7, 7], [7, 7, 7, 7, 7, 0, 7, 7, 7, 0, 7, 7, 7, 7, 7, 7, 7, 7, 7], [7, 7, 7, 7, 7, 0, 7, 7, 7, 0, 7, 7, 7, 7, 7, 7, 7, 7, 7], [7, 7, 7, 7, 7, 0, 7, 7, 7, 0, 7, 7, 7, 7, 7, 7, 7, 7, 7], [7, 7, 7, 7, 7, 0, 8, 7, 7, 0, 7, 7, 7, 7, 7, 7, 7, 7, 7], [7, 7, 7, 7, 7, 0, 7, 7, 7, 0, 7, 7, 7, 7, 7, 7, 7, 7, 7], [7, 7, 7, 7, 7, 0, 7, 7, 7, 0, 7, 7, 7, 7, 7, 7, 7, 7, 7], [0, 0, 0, 0, 0, 0, 0, 0, 0, 0, 0, 0, 0, 0, 0, 0, 0, 0, 0], [7, 7, 7, 7, 7, 0, 5, 5, 5, 0, 7, 7, 7, 7, 7, 7, 3, 7, 7], [7, 7, 7, 4, 7, 0, 5, 9, 5, 0, 7, 7, 7, 7, 7, 7, 7, 7, 7], [7, 7, 7, 7, 7, 0, 5, 5, 5, 0, 7, 7, 7, 7, 7, 7, 7, 7, 7], [0, 0, 0, 0, 0, 0, 0, 0, 0, 0, 0, 0, 0, 0, 0, 0, 0, 0, 0], [7, 7, 7, 7, 7, 0, 7, 7, 3, 0, 7, 7, 7, 7, 7, 7, 7, 7, 7], [7, 7, 7, 7, 7, 0, 7, 7, 7, 0, 7, 7, 7, 7, 7, 7, 7, 7, 7], [7, 7, 7, 4, 7, 0, 6, 7, 7, 0, 7, 7, 2, 7, 7, 7, 7, 7, 7], [7, 7, 7, 7, 7, 0, 7, 7, 7, 0, 7, 7, 7, 7, 7, 7, 7, 7, 7], [7, 7, 7, 7, 7, 0, 7, 7, 7, 0, 7, 7, 7, 7, 2, 7, 7, 7, 7], [7, 7, 7, 7, 7, 0, 7, 7, 8, 0, 7, 7, 7, 7, 7, 7, 7, 7, 7], [7, 7, 7, 7, 7, 0, 7, 7, 7, 0, 7, 7, 7, 7, 7, 7, 7, 7, 8]], "output": [[7, 7, 7, 7, 7, 0, 7, 7, 7, 0, 7, 7, 7, 7, 7, 7, 7, 7, 7], [7, 7, 7, 7, 7, 0, 7, 7, 7, 0, 7, 7, 7, 7, 7, 7, 7, 7, 7], [7, 7, 7, 7, 7, 0, 7, 7, 7, 0, 7, 7, 7, 7, 7, 7, 7, 7, 7], [7, 7, 7, 7, 7, 0, 7, 7, 7, 0, 7, 7, 7, 7, 7, 7, 7, 7, 7], [7, 7, 7, 7, 7, 0, 8, 7, 7, 0, 7, 7, 7, 7, 7, 7, 7, 7, 7], [7, 7, 7, 7, 7, 0, 7, 7, 7, 0, 7, 7, 7, 7, 7, 7, 7, 7, 7], [7, 7, 7, 7, 7, 0, 7, 7, 7, 0, 7, 7, 7, 7, 7, 7, 7, 7, 7], [0, 0, 0, 0, 0, 0, 0, 0, 0, 0, 0, 0, 0, 0, 0, 0, 0, 0, 0], [7, 7, 7, 7, 7, 0, 5, 5, 5, 0, 7, 7, 7, 7, 7, 7, 3, 7, 7], [7, 7, 7, 4, 7, 0, 5, 5, 5, 0, 7, 7, 7, 7, 7, 7, 7, 7, 7], [7, 7, 7, 7, 7, 0, 5, 9, 5, 0, 7, 7, 7, 7, 7, 7, 7, 7, 7], [0, 0, 0, 0, 0, 0, 0, 0, 0, 0, 0, 0, 0, 0, 0, 0, 0, 0, 0], [7, 7, 7, 7, 7, 0, 7, 7, 3, 0, 7, 7, 7, 7, 7, 7, 7, 7, 7], [7, 7, 7, 7, 7, 0, 7, 7, 7, 0, 7, 7, 7, 7, 7, 7, 7, 7, 7], [7, 7, 7, 4, 7, 0, 9, 7, 7, 0, 7, 7, 2, 7, 7, 7, 7, 7, 7], [7, 7, 7, 7, 7, 0, 7, 7, 7, 0, 7, 7, 7, 7, 7, 7, 7, 7, 7], [7, 7, 7, 7, 7, 0, 7, 7, 7, 0, 7, 7, 7, 7, 2, 7, 7, 7, 7], [7, 7, 7, 7, 7, 0, 7, 7, 8, 0, 7, 7, 7, 7, 7, 7, 7, 7, 7], [7, 7, 7, 7, 7, 0, 7, 7, 7, 0, 7, 7, 7, 7, 7, 7, 7, 7, 8]]}]}