{"train": [{"input": [[7, 7, 7, 7, 7, 7, 7, 7, 7, 7, 7], [8, 8, 7, 7, 7, 7, 7, 9, 9, 9, 9], [8, 8, 7, 7, 7, 7, 7, 7, 7, 9, 9], [8, 8, 7, 7, 7, 7, 7, 9, 9, 9, 9], [7, 7, 7, 7, 7, 7, 7, 7, 7, 7, 7], [8, 7, 7, 7, 7, 7, 7, 7, 7, 3, 3], [8, 8, 8, 7, 7, 7, 7, 3, 3, 3, 3], [8, 7, 7, 7, 7, 7, 7, 7, 7, 3, 3], [7, 7, 7, 7, 7, 7, 7, 7, 7, 7, 7], [8, 8, 8, 7, 7, 7, 7, 7, 1, 1, 1], [8, 7, 7, 7, 7, 7, 7, 7, 1, 1, 1], [8, 8, 8, 7, 7, 7, 7, 7, 1, 1, 1], [7, 7, 7, 7, 7, 7, 7, 7, 7, 7, 7]], "output": [[7, 7, 7, 7, 7, 7, 7, 7, 7, 7, 7], [8, 8, 1, 1, 1, 7, 7, 7, 7, 7, 7], [8, 8, 1, 1, 1, 7, 7, 7, 7, 7, 7], [8, 8, 1, 1, 1, 7, 7, 7, 7, 7, 7], [7, 7, 7, 7, 7, 7, 7, 7, 7, 7, 7], [8, 9, 9, 9, 9, 7, 7, 7, 7, 7, 7], [8, 8, 8, 9, 9, 7, 7, 7, 7, 7, 7], [8, 9, 9, 9, 9, 7, 7, 7, 7, 7, 7], [7, 7, 7, 7, 7, 7, 7, 7, 7, 7, 7], [8, 8, 8, 3, 3, 7, 7, 7, 7, 7, 7], [8, 3, 3, 3, 3, 7, 7, 7, 7, 7, 7], [8, 8, 8, 3, 3, 7, 7, 7, 7, 7, 7], [7, 7, 7, 7, 7, 7, 7, 7, 7, 7, 7]]}, {"input": [[7, 7, 7, 7, 7, 7, 7, 7, 7, 7, 7], [8, 8, 8, 7, 7, 7, 7, 7, 7, 9, 9], [8, 7, 7, 7, 7, 7, 7, 9, 9, 9, 9], [8, 8, 7, 7, 7, 7, 7, 7, 9, 9, 9], [7, 7, 7, 7, 7, 7, 7, 7, 7, 7, 7], [8, 8, 8, 7, 7, 7, 7, 7, 7, 2, 2], [8, 8, 7, 7, 7, 7, 7, 7, 2, 2, 2], [8, 7, 7, 7, 7, 7, 7, 2, 2, 2, 2], [7, 7, 7, 7, 7, 7, 7, 7, 7, 7, 7]], "output": [[7, 7, 7, 7, 7, 7, 7, 7, 7, 7, 7], [8, 8, 8, 9, 9, 7, 7, 7, 7, 7, 7], [8, 9, 9, 9, 9, 7, 7, 7, 7, 7, 7], [8, 8, 9, 9, 9, 7, 7, 7, 7, 7, 7], [7, 7, 7, 7, 7, 7, 7, 7, 7, 7, 7], [8, 8, 8, 2, 2, 7, 7, 7, 7, 7, 7], [8, 8, 2, 2, 2, 7, 7, 7, 7, 7, 7], [8, 2, 2, 2, 2, 7, 7, 7, 7, 7, 7], [7, 7, 7, 7, 7, 7, 7, 7, 7, 7, 7]]}, {"input": [[7, 7, 7, 7, 7, 7, 7, 7, 7, 7, 7], [8, 7, 7, 7, 7, 7, 7, 2, 2, 2, 2], [8, 7, 7, 7, 7, 7, 7, 2, 2, 2, 2], [8, 8, 7, 7, 7, 7, 7, 7, 2, 2, 2], [7, 7, 7, 7, 7, 7, 7, 7, 7, 7, 7], [8, 8, 7, 7, 7, 7, 7, 4, 4, 4, 4], [8, 8, 8, 7, 7, 7, 7, 7, 7, 4, 4], [8, 8, 7, 7, 7, 7, 7, 7, 7, 7, 4], [7, 7, 7, 7, 7, 7, 7, 7, 7, 7, 7], [8, 7, 7, 7, 7, 7, 7, 7, 3, 3, 3], [8, 8, 8, 8, 7, 7, 7, 7, 7, 3, 3], [8, 8, 8, 7, 7, 7, 7, 7, 3, 3, 3], [7, 7, 7, 7, 7, 7, 7, 7, 7, 7, 7], [8, 7, 7, 7, 7, 7, 7, 6, 6, 6, 6], [8, 8, 8, 7, 7, 7, 7, 7, 7, 7, 6], [8, 8, 8, 8, 7, 7, 7, 7, 7, 6, 6], [7, 7, 7, 7, 7, 7, 7, 7, 7, 7, 7]], "output": [[7, 7, 7, 7, 7, 7, 7, 7, 7, 7, 7], [8, 2, 2, 2, 2, 7, 7, 7, 7, 7, 7], [8, 2, 2, 2, 2, 7, 7, 7, 7, 7, 7], [8, 8, 2, 2, 2, 7, 7, 7, 7, 7, 7], [7, 7, 7, 7, 7, 7, 7, 7, 7, 7, 7], [8, 8, 3, 3, 3, 7, 7, 7, 7, 7, 7], [8, 8, 8, 3, 3, 7, 7, 7, 7, 7, 7], [8, 8, 3, 3, 3, 7, 7, 7, 7, 7, 7], [7, 7, 7, 7, 7, 7, 7, 7, 7, 7, 7], [8, 6, 6, 6, 6, 7, 7, 7, 7, 7, 7], [8, 8, 8, 8, 6, 7, 7, 7, 7, 7, 7], [8, 8, 8, 6, 6, 7, 7, 7, 7, 7, 7], [7, 7, 7, 7, 7, 7, 7, 7, 7, 7, 7], [8, 4, 4, 4, 4, 7, 7, 7, 7, 7, 7], [8, 8, 8, 4, 4, 7, 7, 7, 7, 7, 7], [8, 8, 8, 8, 4, 7, 7, 7, 7, 7, 7], [7, 7, 7, 7, 7, 7, 7, 7, 7, 7, 7]]}], "test": [{"input": [[7, 7, 7, 7, 7, 7, 7, 7, 7, 7, 7], [8, 8, 7, 7, 7, 7, 7, 7, 7, 1, 1], [8, 8, 8, 8, 7, 7, 7, 7, 7, 7, 1], [8, 7, 7, 7, 7, 7, 7, 1, 1, 1, 1], [7, 7, 7, 7, 7, 7, 7, 7, 7, 7, 7], [8, 8, 7, 7, 7, 7, 7, 7, 7, 2, 2], [8, 8, 8, 7, 7, 7, 7, 7, 7, 7, 2], [8, 7, 7, 7, 7, 7, 7, 7, 2, 2, 2], [7, 7, 7, 7, 7, 7, 7, 7, 7, 7, 7], [8, 8, 8, 7, 7, 7, 7, 7, 9, 9, 9], [8, 8, 8, 8, 7, 7, 7, 7, 7, 7, 9], [8, 7, 7, 7, 7, 7, 7, 9, 9, 9, 9], [7, 7, 7, 7, 7, 7, 7, 7, 7, 7, 7], [8, 8, 8, 7, 7, 7, 7, 7, 5, 5, 5], [8, 8, 8, 8, 7, 7, 7, 7, 7, 5, 5], [8, 8, 7, 7, 7, 7, 7, 5, 5, 5, 5], [7, 7, 7, 7, 7, 7, 7, 7, 7, 7, 7]], "output": [[7, 7, 7, 7, 7, 7, 7, 7, 7, 7, 7], [8, 8, 9, 9, 9, 7, 7, 7, 7, 7, 7], [8, 8, 8, 8, 9, 7, 7, 7, 7, 7, 7], [8, 9, 9, 9, 9, 7, 7, 7, 7, 7, 7], [7, 7, 7, 7, 7, 7, 7, 7, 7, 7, 7], [8, 8, 5, 5, 5, 7, 7, 7, 7, 7, 7], [8, 8, 8, 5, 5, 7, 7, 7, 7, 7, 7], [8, 5, 5, 5, 5, 7, 7, 7, 7, 7, 7], [7, 7, 7, 7, 7, 7, 7, 7, 7, 7, 7], [8, 8, 8, 1, 1, 7, 7, 7, 7, 7, 7], [8, 8, 8, 8, 1, 7, 7, 7, 7, 7, 7], [8, 1, 1, 1, 1, 7, 7, 7, 7, 7, 7], [7, 7, 7, 7, 7, 7, 7, 7, 7, 7, 7], [8, 8, 8, 2, 2, 7, 7, 7, 7, 7, 7], [8, 8, 8, 8, 2, 7, 7, 7, 7, 7, 7], [8, 8, 2, 2, 2, 7, 7, 7, 7, 7, 7], [7, 7, 7, 7, 7, 7, 7, 7, 7, 7, 7]]}]}