{"train": [{"input": [[7, 0, 7, 7, 0, 7, 2, 7, 7, 0, 0, 0, 0], [7, 0, 0, 7, 0, 0, 2, 0, 0, 0, 7, 0, 0], [0, 7, 7, 0, 0, 0, 2, 0, 0, 7, 7, 0, 0], [0, 7, 7, 7, 7, 0, 2, 7, 0, 0, 0, 7, 0], [7, 0, 7, 0, 7, 7, 2, 7, 7, 7, 7, 7, 7]], "output": [[1, 1, 1, 1, 0, 1], [1, 0, 0, 1, 0, 0], [0, 1, 1, 1, 0, 0], [1, 1, 1, 1, 1, 0], [1, 1, 1, 1, 1, 1]]}, {"input": [[0, 7, 7, 7, 0, 7, 2, 7, 7, 0, 7, 0, 7], [0, 0, 0, 7, 0, 7, 2, 0, 7, 7, 7, 0, 7], [7, 0, 7, 0, 0, 0, 2, 7, 7, 0, 0, 0, 0], [7, 7, 7, 0, 0, 0, 2, 7, 7, 0, 0, 7, 7], [0, 7, 7, 0, 7, 7, 2, 7, 7, 7, 0, 0, 7]], "output": [[1, 1, 1, 1, 0, 1], [0, 1, 1, 1, 0, 1], [1, 1, 1, 0, 0, 0], [1, 1, 1, 0, 1, 1], [1, 1, 1, 0, 1, 1]]}, {"input": [[7, 7, 0, 0, 7, 0, 2, 0, 7, 7, 7, 7, 7], [7, 0, 0, 0, 7, 7, 2, 7, 0, 0, 7, 7, 7], [0, 7, 0, 0, 7, 0, 2, 0, 0, 0, 0, 0, 0], [7, 7, 0, 7, 7, 7, 2, 7, 0, 7, 0, 0, 0], [7, 7, 0, 7, 7, 0, 2, 7, 7, 7, 0, 0, 0]], "output": [[1, 1, 1, 1, 1, 1], [1, 0, 0, 1, 1, 1], [0, 1, 0, 0, 1, 0], [1, 1, 1, 1, 1, 1], [1, 1, 1, 1, 1, 0]]}, {"input": [[0, 7, 7, 0, 7, 7, 2, 7, 0, 0, 0, 0, 7], [7, 0, 0, 0, 0, 7, 2, 7, 0, 0, 7, 7, 0], [7, 0, 7, 7, 0, 7, 2, 7, 0, 0, 7, 0, 0], [0, 7, 0, 0, 0, 0, 2, 7, 0, 7, 0, 7, 0], [7, 7, 0, 7, 7, 0, 2, 0, 7, 0, 0, 7, 0]], "output": [[1, 1, 1, 0, 1, 1], [1, 0, 0, 1, 1, 1], [1, 0, 1, 1, 0, 1], [1, 1, 1, 0, 1, 0], [1, 1, 0, 1, 1, 0]]}], "test": [{"input": [[7, 7, 0, 0, 0, 0, 2, 0, 7, 7, 0, 0, 7], [0, 7, 0, 0, 0, 0, 2, 7, 0, 0, 7, 0, 7], [7, 7, 7, 0, 0, 7, 2, 0, 7, 7, 7, 0, 7], [0, 0, 0, 0, 0, 0, 2, 7, 7, 7, 7, 0, 0], [0, 0, 7, 7, 7, 0, 2, 0, 7, 7, 0, 7, 7]], "output": [[1, 1, 1, 0, 0, 1], [1, 1, 0, 1, 0, 1], [1, 1, 1, 1, 0, 1], [1, 1, 1, 1, 0, 0], [0, 1, 1, 1, 1, 1]]}]}