{"train": [{"input": [[0, 0, 0, 0, 0, 0, 0, 0, 0, 0, 0, 0, 0, 0, 0], [0, 0, 0, 0, 0, 0, 0, 0, 0, 0, 0, 0, 0, 0, 0], [0, 8, 8, 8, 8, 8, 8, 8, 8, 8, 8, 8, 8, 8, 0], [0, 8, 8, 8, 8, 8, 8, 8, 8, 8, 8, 8, 8, 8, 0], [0, 8, 8, 1, 1, 8, 8, 8, 3, 3, 8, 8, 8, 8, 0], [0, 8, 8, 1, 1, 8, 8, 8, 3, 3, 8, 8, 8, 8, 0], [0, 8, 8, 8, 8, 8, 8, 8, 8, 8, 8, 8, 8, 8, 0], [0, 8, 8, 8, 8, 8, 8, 8, 2, 2, 8, 8, 8, 8, 0], [0, 8, 8, 8, 8, 8, 8, 8, 2, 2, 8, 8, 8, 8, 0], [0, 8, 8, 8, 8, 8, 8, 8, 8, 8, 8, 8, 8, 8, 0], [0, 8, 8, 8, 8, 8, 8, 8, 8, 8, 8, 8, 8, 8, 0], [0, 8, 8, 8, 8, 8, 8, 8, 8, 8, 8, 8, 8, 8, 0], [0, 0, 0, 0, 0, 0, 0, 0, 0, 0, 0, 0, 0, 0, 0], [0, 0, 0, 0, 0, 0, 0, 0, 0, 0, 0, 0, 0, 0, 0], [0, 0, 0, 0, 0, 0, 0, 0, 0, 0, 0, 0, 0, 0, 0], [0, 0, 0, 0, 0, 0, 0, 0, 0, 0, 0, 0, 0, 0, 0]], "output": [[1, 3], [0, 2]]}, {"input": [[0, 0, 0, 0, 0, 0, 0, 0, 0, 0, 0, 0, 0, 0, 0], [0, 0, 8, 8, 8, 8, 8, 8, 8, 8, 0, 0, 0, 0, 0], [0, 0, 8, 2, 2, 8, 8, 8, 8, 8, 0, 0, 0, 0, 0], [0, 0, 8, 2, 2, 8, 8, 8, 8, 8, 0, 0, 0, 0, 0], [0, 0, 8, 8, 8, 8, 8, 8, 8, 8, 0, 0, 0, 0, 0], [0, 0, 8, 8, 8, 8, 8, 8, 8, 8, 0, 0, 0, 0, 0], [0, 0, 8, 8, 8, 8, 8, 3, 3, 8, 0, 0, 0, 0, 0], [0, 0, 8, 8, 8, 8, 8, 3, 3, 8, 0, 0, 0, 0, 0], [0, 0, 8, 8, 8, 8, 8, 8, 8, 8, 0, 0, 0, 0, 0], [0, 0, 0, 0, 0, 0, 0, 0, 0, 0, 0, 0, 0, 0, 0], [0, 0, 0, 0, 0, 0, 0, 0, 0, 0, 0, 0, 0, 0, 0], [0, 0, 0, 0, 0, 0, 0, 0, 0, 0, 0, 0, 0, 0, 0], [0, 0, 0, 0, 0, 0, 0, 0, 0, 0, 0, 0, 0, 0, 0]], "output": [[2, 0], [0, 3]]}, {"input": [[0, 0, 0, 0, 0, 0, 0, 0, 0, 0, 0, 0, 0, 0, 0, 0], [0, 8, 8, 8, 8, 8, 8, 8, 8, 8, 0, 0, 0, 0, 0, 0], [0, 8, 8, 8, 8, 8, 8, 8, 8, 8, 0, 0, 0, 0, 0, 0], [0, 8, 5, 5, 8, 8, 4, 4, 8, 8, 0, 0, 0, 0, 0, 0], [0, 8, 5, 5, 8, 8, 4, 4, 8, 8, 0, 0, 0, 0, 0, 0], [0, 8, 8, 8, 8, 8, 8, 8, 8, 8, 0, 0, 0, 0, 0, 0], [0, 8, 8, 8, 8, 8, 8, 8, 8, 8, 0, 0, 0, 0, 0, 0], [0, 8, 8, 8, 8, 8, 8, 8, 8, 8, 0, 0, 0, 0, 0, 0], [0, 8, 3, 3, 8, 8, 8, 8, 8, 8, 0, 0, 0, 0, 0, 0], [0, 8, 3, 3, 8, 8, 8, 8, 8, 8, 0, 0, 0, 0, 0, 0], [0, 8, 8, 8, 8, 8, 8, 8, 8, 8, 0, 0, 0, 0, 0, 0], [0, 8, 8, 8, 8, 8, 8, 8, 8, 8, 0, 0, 0, 0, 0, 0], [0, 8, 8, 8, 8, 8, 8, 8, 8, 8, 0, 0, 0, 0, 0, 0], [0, 0, 0, 0, 0, 0, 0, 0, 0, 0, 0, 0, 0, 0, 0, 0]], "output": [[5, 4], [3, 0]]}], "test": [{"input": [[0, 0, 0, 0, 0, 0, 0, 0, 0, 0, 0, 0, 0, 0, 0], [0, 0, 0, 0, 0, 0, 0, 0, 0, 0, 0, 0, 0, 0, 0], [0, 0, 0, 0, 0, 0, 0, 0, 0, 0, 0, 0, 0, 0, 0], [0, 0, 8, 8, 8, 8, 8, 8, 8, 8, 8, 8, 8, 8, 0], [0, 0, 8, 8, 8, 8, 8, 8, 8, 8, 8, 8, 8, 8, 0], [0, 0, 8, 8, 8, 8, 8, 8, 8, 8, 8, 8, 8, 8, 0], [0, 0, 8, 8, 2, 2, 8, 8, 8, 8, 6, 6, 8, 8, 0], [0, 0, 8, 8, 2, 2, 8, 8, 8, 8, 6, 6, 8, 8, 0], [0, 0, 8, 8, 8, 8, 8, 8, 8, 8, 8, 8, 8, 8, 0], [0, 0, 8, 8, 8, 8, 8, 8, 8, 8, 8, 8, 8, 8, 0], [0, 0, 8, 8, 1, 1, 8, 8, 8, 8, 3, 3, 8, 8, 0], [0, 0, 8, 8, 1, 1, 8, 8, 8, 8, 3, 3, 8, 8, 0], [0, 0, 8, 8, 8, 8, 8, 8, 8, 8, 8, 8, 8, 8, 0], [0, 0, 0, 0, 0, 0, 0, 0, 0, 0, 0, 0, 0, 0, 0]], "output": [[2, 6], [1, 3]]}]}