{"train": [{"input": [[8, 8, 8, 8, 8, 6, 8, 8, 8, 8, 8, 8, 8, 8, 8, 8], [8, 8, 8, 8, 8, 8, 8, 8, 8, 8, 8, 8, 8, 8, 8, 8], [8, 8, 8, 8, 8, 8, 8, 8, 8, 8, 8, 8, 8, 8, 8, 8], [8, 8, 8, 8, 8, 8, 8, 8, 8, 8, 8, 1, 8, 8, 6, 8], [8, 8, 8, 8, 8, 1, 8, 8, 8, 8, 8, 8, 8, 8, 8, 8], [8, 8, 8, 8, 8, 8, 8, 8, 8, 8, 8, 8, 8, 8, 8, 8], [8, 8, 8, 8, 8, 8, 8, 8, 8, 8, 8, 8, 8, 8, 8, 8], [8, 8, 8, 8, 8, 8, 8, 8, 8, 8, 8, 8, 8, 8, 8, 8], [8, 8, 8, 8, 8, 8, 8, 8, 8, 8, 6, 8, 8, 8, 8, 8], [8, 8, 8, 8, 8, 8, 8, 8, 8, 8, 1, 8, 8, 8, 8, 8], [8, 8, 8, 8, 8, 8, 8, 8, 8, 8, 8, 8, 8, 8, 8, 8], [8, 8, 8, 8, 1, 8, 8, 8, 8, 8, 8, 8, 8, 8, 8, 8], [8, 8, 8, 8, 8, 8, 8, 8, 8, 8, 8, 8, 8, 8, 8, 8], [8, 8, 8, 8, 8, 8, 8, 8, 8, 8, 8, 8, 8, 8, 8, 8], [8, 8, 8, 8, 8, 8, 8, 8, 8, 8, 8, 8, 8, 8, 8, 8], [8, 8, 8, 8, 6, 8, 8, 8, 8, 8, 8, 8, 8, 8, 8, 8]], "output": [[8, 8, 8, 8, 8, 8, 8, 8, 8, 8, 8, 7, 8, 8, 8, 8], [8, 8, 8, 8, 8, 8, 8, 8, 8, 8, 8, 8, 8, 8, 8, 8], [8, 8, 8, 8, 8, 8, 8, 8, 8, 8, 8, 8, 8, 8, 8, 8], [8, 8, 8, 8, 8, 8, 8, 8, 8, 8, 8, 1, 8, 8, 8, 8], [8, 7, 8, 8, 8, 1, 8, 8, 8, 8, 8, 8, 8, 8, 8, 8], [8, 8, 8, 8, 8, 8, 8, 8, 8, 8, 8, 8, 8, 8, 8, 8], [8, 8, 8, 8, 8, 8, 8, 8, 8, 8, 8, 8, 8, 8, 8, 8], [8, 8, 8, 8, 8, 8, 8, 8, 8, 8, 8, 8, 8, 8, 8, 8], [8, 8, 8, 8, 8, 8, 8, 8, 8, 8, 8, 8, 8, 8, 8, 8], [8, 8, 8, 8, 8, 8, 8, 8, 8, 7, 1, 8, 8, 8, 8, 8], [8, 8, 8, 8, 8, 8, 8, 8, 8, 8, 8, 8, 8, 8, 8, 8], [8, 8, 8, 8, 1, 8, 8, 8, 7, 8, 8, 8, 8, 8, 8, 8], [8, 8, 8, 8, 8, 8, 8, 8, 8, 8, 8, 8, 8, 8, 8, 8], [8, 8, 8, 8, 8, 8, 8, 8, 8, 8, 8, 8, 8, 8, 8, 8], [8, 8, 8, 8, 8, 8, 8, 8, 8, 8, 8, 8, 8, 8, 8, 8], [8, 8, 8, 8, 8, 8, 8, 8, 8, 8, 8, 8, 8, 8, 8, 8]]}, {"input": [[8, 8, 8, 8, 8, 8, 8, 8, 8, 8], [8, 8, 8, 8, 6, 8, 8, 8, 8, 8], [8, 8, 8, 8, 1, 8, 8, 8, 8, 8], [8, 8, 8, 8, 8, 8, 8, 8, 8, 8], [8, 8, 8, 8, 8, 8, 8, 8, 8, 8], [8, 8, 8, 8, 8, 8, 1, 8, 8, 8], [6, 8, 1, 8, 8, 8, 6, 8, 8, 8], [8, 8, 8, 8, 8, 8, 8, 8, 8, 8], [8, 8, 8, 8, 8, 8, 8, 8, 8, 8], [8, 8, 8, 8, 8, 8, 8, 8, 8, 8]], "output": [[8, 8, 8, 8, 8, 8, 8, 8, 8, 8], [8, 8, 8, 8, 8, 8, 8, 8, 8, 8], [8, 8, 8, 7, 1, 8, 8, 8, 8, 8], [8, 8, 8, 8, 8, 8, 8, 8, 8, 8], [8, 8, 8, 8, 8, 8, 8, 8, 8, 8], [8, 8, 8, 8, 8, 8, 1, 7, 8, 8], [8, 8, 1, 8, 8, 8, 8, 8, 8, 8], [8, 8, 8, 8, 8, 8, 8, 8, 8, 8], [8, 8, 7, 8, 8, 8, 8, 8, 8, 8], [8, 8, 8, 8, 8, 8, 8, 8, 8, 8]]}, {"input": [[1, 6, 8, 8, 8, 8, 8, 8], [8, 8, 8, 8, 8, 8, 8, 8], [8, 8, 8, 8, 8, 6, 8, 8], [8, 8, 8, 8, 8, 8, 8, 8], [8, 8, 8, 8, 8, 1, 8, 8], [8, 8, 1, 8, 8, 8, 8, 8], [8, 8, 6, 8, 8, 8, 8, 8], [8, 8, 8, 8, 8, 8, 8, 8]], "output": [[1, 8, 8, 8, 8, 8, 8, 8], [8, 8, 8, 8, 8, 8, 8, 8], [8, 8, 8, 8, 8, 8, 8, 8], [8, 8, 8, 8, 8, 8, 8, 8], [8, 8, 8, 7, 8, 1, 8, 8], [8, 8, 1, 7, 8, 8, 8, 8], [8, 8, 8, 8, 8, 8, 8, 8], [8, 8, 8, 8, 8, 8, 8, 8]]}], "test": [{"input": [[8, 8, 8, 8, 8, 8, 8, 8, 8, 8, 8, 8, 8, 8, 8, 8], [8, 8, 8, 8, 8, 8, 8, 8, 8, 8, 8, 8, 8, 8, 8, 8], [6, 8, 8, 8, 8, 8, 8, 8, 8, 8, 8, 8, 8, 8, 8, 8], [1, 8, 8, 8, 8, 8, 8, 8, 8, 8, 8, 8, 8, 1, 8, 8], [8, 8, 8, 8, 8, 8, 1, 8, 6, 8, 8, 8, 8, 6, 8, 8], [8, 8, 8, 8, 8, 8, 8, 8, 8, 8, 8, 8, 8, 8, 8, 8], [8, 8, 8, 8, 8, 8, 8, 8, 8, 8, 8, 8, 8, 8, 8, 8], [8, 8, 8, 8, 8, 8, 8, 8, 8, 8, 8, 8, 8, 8, 8, 8], [8, 8, 8, 8, 8, 8, 8, 8, 8, 8, 8, 6, 8, 8, 8, 8], [8, 8, 8, 8, 8, 8, 8, 8, 8, 8, 8, 1, 8, 8, 8, 8], [8, 8, 8, 8, 8, 8, 8, 8, 8, 8, 8, 8, 8, 8, 8, 8], [8, 8, 8, 8, 8, 8, 8, 6, 8, 8, 8, 8, 8, 8, 8, 8], [8, 8, 8, 8, 8, 8, 8, 8, 8, 8, 8, 8, 8, 8, 8, 8], [8, 8, 6, 8, 8, 8, 8, 8, 8, 8, 8, 8, 8, 8, 8, 8], [8, 8, 1, 8, 8, 8, 8, 1, 8, 8, 6, 8, 8, 1, 8, 8], [8, 8, 8, 8, 8, 8, 8, 8, 8, 8, 8, 8, 8, 8, 8, 8]], "output": [[8, 8, 8, 8, 8, 8, 8, 8, 8, 8, 8, 8, 8, 8, 8, 8], [8, 8, 8, 8, 8, 8, 8, 8, 8, 8, 8, 8, 8, 8, 8, 8], [8, 8, 8, 8, 8, 8, 7, 8, 8, 8, 8, 8, 8, 8, 8, 8], [1, 8, 8, 8, 8, 8, 8, 8, 8, 8, 8, 8, 8, 1, 7, 8], [8, 8, 8, 8, 8, 8, 1, 8, 8, 8, 8, 8, 8, 8, 8, 8], [8, 8, 8, 8, 8, 8, 8, 8, 8, 8, 8, 8, 8, 8, 8, 8], [8, 8, 8, 8, 8, 8, 8, 8, 8, 8, 8, 8, 8, 8, 8, 8], [8, 8, 8, 8, 8, 8, 8, 8, 8, 8, 8, 8, 8, 8, 8, 8], [8, 8, 8, 8, 8, 8, 8, 8, 8, 8, 8, 8, 8, 8, 8, 8], [8, 8, 8, 8, 8, 8, 8, 8, 8, 8, 7, 1, 8, 8, 8, 8], [8, 8, 8, 8, 8, 8, 8, 8, 8, 8, 8, 8, 8, 8, 8, 8], [8, 8, 8, 8, 8, 8, 8, 8, 8, 8, 8, 8, 8, 8, 8, 8], [8, 8, 8, 8, 8, 8, 8, 8, 8, 8, 8, 8, 8, 8, 8, 8], [8, 8, 8, 8, 8, 8, 8, 8, 8, 8, 8, 8, 8, 8, 8, 8], [8, 7, 1, 8, 7, 8, 8, 1, 8, 8, 8, 8, 8, 1, 8, 8], [8, 8, 8, 8, 8, 8, 8, 8, 8, 8, 8, 8, 8, 8, 8, 8]]}]}