{"train": [{"input": [[0, 0, 0, 0, 3, 3, 0, 0, 5, 0, 0, 0], [2, 2, 2, 2, 3, 3, 2, 2, 5, 2, 2, 2], [0, 0, 0, 0, 3, 3, 0, 0, 5, 0, 0, 0], [1, 1, 1, 1, 1, 1, 1, 1, 1, 1, 1, 1], [1, 1, 1, 1, 1, 1, 1, 1, 1, 1, 1, 1], [0, 0, 0, 0, 3, 3, 0, 0, 5, 0, 0, 0], [4, 4, 4, 4, 4, 4, 4, 4, 5, 4, 4, 4], [4, 4, 4, 4, 4, 4, 4, 4, 5, 4, 4, 4], [0, 0, 0, 0, 3, 3, 0, 0, 5, 0, 0, 0], [0, 0, 0, 0, 3, 3, 0, 0, 5, 0, 0, 0], [0, 0, 0, 0, 3, 3, 0, 0, 5, 0, 0, 0]], "output": [[1]]}, {"input": [[0, 0, 0, 4, 4, 0, 0, 0, 8, 0, 0], [0, 0, 0, 4, 4, 0, 0, 0, 8, 0, 0], [3, 3, 3, 4, 4, 3, 3, 3, 8, 3, 3], [0, 0, 0, 4, 4, 0, 0, 0, 8, 0, 0], [0, 0, 0, 4, 4, 0, 0, 0, 8, 0, 0], [6, 6, 6, 6, 6, 6, 6, 6, 8, 6, 6], [6, 6, 6, 6, 6, 6, 6, 6, 8, 6, 6], [0, 0, 0, 4, 4, 0, 0, 0, 8, 0, 0], [0, 0, 0, 4, 4, 0, 0, 0, 8, 0, 0]], "output": [[8]]}, {"input": [[0, 2, 2, 0, 6, 0, 0, 8, 8, 0, 0], [1, 2, 2, 1, 6, 1, 1, 8, 8, 1, 1], [1, 2, 2, 1, 6, 1, 1, 8, 8, 1, 1], [1, 2, 2, 1, 6, 1, 1, 8, 8, 1, 1], [0, 2, 2, 0, 6, 0, 0, 8, 8, 0, 0], [0, 2, 2, 0, 6, 0, 0, 8, 8, 0, 0], [4, 4, 4, 4, 6, 4, 4, 4, 4, 4, 4], [4, 4, 4, 4, 6, 4, 4, 4, 4, 4, 4], [0, 2, 2, 0, 6, 0, 0, 8, 8, 0, 0], [0, 2, 2, 0, 6, 0, 0, 8, 8, 0, 0], [0, 2, 2, 0, 6, 0, 0, 8, 8, 0, 0]], "output": [[6]]}, {"input": [[0, 1, 0], [3, 3, 3], [0, 1, 0]], "output": [[3]]}, {"input": [[0, 2, 2, 0, 0, 0, 0, 8, 0, 0, 0, 0], [0, 2, 2, 0, 0, 0, 0, 8, 0, 0, 0, 0], [3, 2, 2, 3, 3, 3, 3, 8, 3, 3, 3, 3], [3, 2, 2, 3, 3, 3, 3, 8, 3, 3, 3, 3], [0, 2, 2, 0, 0, 0, 0, 8, 0, 0, 0, 0], [6, 6, 6, 6, 6, 6, 6, 6, 6, 6, 6, 6], [0, 2, 2, 0, 0, 0, 0, 8, 0, 0, 0, 0], [0, 2, 2, 0, 0, 0, 0, 8, 0, 0, 0, 0]], "output": [[6]]}], "test": [{"input": [[0, 0, 0, 3, 3, 0, 0, 0, 0, 7, 0, 0, 0], [0, 0, 0, 3, 3, 0, 0, 0, 0, 7, 0, 0, 0], [1, 1, 1, 3, 3, 1, 1, 1, 1, 7, 1, 1, 1], [1, 1, 1, 3, 3, 1, 1, 1, 1, 7, 1, 1, 1], [0, 0, 0, 3, 3, 0, 0, 0, 0, 7, 0, 0, 0], [0, 0, 0, 3, 3, 0, 0, 0, 0, 7, 0, 0, 0], [6, 6, 6, 6, 6, 6, 6, 6, 6, 7, 6, 6, 6], [0, 0, 0, 3, 3, 0, 0, 0, 0, 7, 0, 0, 0], [0, 0, 0, 3, 3, 0, 0, 0, 0, 7, 0, 0, 0], [0, 0, 0, 3, 3, 0, 0, 0, 0, 7, 0, 0, 0], [0, 0, 0, 3, 3, 0, 0, 0, 0, 7, 0, 0, 0]], "output": [[7]]}]}