{"train": [{"input": [[7, 7, 7, 7, 7, 7, 7, 7], [7, 7, 7, 7, 2, 7, 7, 7], [7, 5, 7, 7, 2, 2, 7, 7], [7, 5, 5, 7, 7, 7, 7, 7], [7, 7, 7, 7, 7, 7, 7, 7], [7, 7, 7, 7, 7, 7, 7, 7], [7, 7, 7, 7, 7, 2, 7, 7], [7, 7, 7, 7, 2, 2, 7, 7]], "output": [[7, 7, 7, 7, 7, 7, 7, 7], [7, 7, 4, 7, 2, 7, 7, 7], [7, 5, 4, 3, 2, 2, 7, 7], [7, 5, 5, 3, 3, 7, 7, 7], [7, 7, 7, 7, 7, 7, 7, 7], [7, 7, 7, 7, 7, 7, 7, 7], [7, 7, 7, 7, 7, 2, 7, 7], [7, 7, 7, 7, 2, 2, 3, 7]]}, {"input": [[7, 7, 7, 7, 7, 7, 7, 7], [7, 5, 7, 7, 7, 5, 5, 7], [7, 5, 5, 7, 7, 7, 5, 7], [7, 7, 7, 7, 7, 7, 7, 7], [7, 7, 7, 7, 7, 7, 7, 7], [7, 2, 2, 7, 7, 2, 7, 7], [7, 7, 2, 7, 7, 2, 2, 7], [7, 7, 7, 7, 7, 7, 7, 7]], "output": [[7, 7, 4, 7, 7, 7, 7, 7], [7, 5, 4, 4, 7, 5, 5, 7], [7, 5, 5, 7, 4, 4, 5, 7], [7, 7, 7, 7, 7, 4, 7, 7], [7, 7, 3, 3, 7, 7, 7, 7], [7, 2, 2, 3, 7, 2, 7, 7], [7, 7, 2, 7, 3, 2, 2, 7], [7, 7, 7, 7, 3, 3, 7, 7]]}], "test": [{"input": [[7, 7, 7, 7, 7, 7, 7, 7, 7, 7, 7, 7, 7, 7, 7, 7], [7, 5, 7, 7, 7, 7, 7, 7, 7, 7, 7, 7, 7, 7, 7, 7], [7, 5, 5, 7, 7, 7, 7, 7, 2, 7, 7, 5, 5, 7, 7, 7], [7, 7, 7, 7, 7, 5, 5, 7, 2, 2, 7, 7, 5, 7, 7, 7], [7, 7, 7, 7, 7, 7, 5, 7, 7, 7, 7, 7, 7, 7, 7, 7], [7, 7, 7, 7, 7, 7, 7, 7, 7, 7, 7, 7, 2, 2, 7, 7], [7, 7, 7, 5, 7, 7, 5, 5, 7, 7, 7, 7, 7, 2, 7, 7], [7, 7, 7, 5, 5, 7, 7, 5, 7, 7, 7, 7, 7, 7, 7, 7], [7, 7, 7, 7, 7, 7, 7, 7, 7, 7, 7, 2, 2, 7, 7, 7], [7, 7, 7, 7, 7, 2, 2, 7, 7, 2, 7, 7, 2, 7, 7, 7], [7, 7, 5, 7, 7, 7, 2, 7, 7, 2, 2, 7, 7, 7, 7, 7], [7, 7, 5, 5, 7, 7, 7, 7, 7, 7, 7, 7, 7, 2, 2, 7], [7, 7, 7, 7, 7, 7, 7, 7, 7, 5, 7, 7, 7, 7, 2, 7], [7, 7, 2, 7, 7, 2, 2, 7, 7, 5, 5, 7, 7, 7, 7, 7], [7, 7, 2, 2, 7, 7, 2, 7, 7, 7, 7, 7, 2, 7, 7, 7], [7, 7, 7, 7, 7, 7, 7, 7, 7, 7, 7, 7, 2, 2, 7, 7]], "output": [[7, 7, 4, 7, 7, 7, 7, 7, 7, 7, 7, 7, 7, 7, 7, 7], [7, 5, 4, 4, 7, 7, 7, 7, 7, 7, 7, 7, 7, 7, 7, 7], [7, 5, 5, 7, 7, 7, 7, 7, 2, 7, 7, 5, 5, 7, 7, 7], [7, 7, 7, 7, 7, 5, 5, 3, 2, 2, 4, 4, 5, 7, 7, 7], [7, 7, 7, 7, 4, 4, 5, 3, 3, 7, 7, 4, 7, 3, 3, 7], [7, 7, 7, 7, 4, 4, 7, 7, 7, 7, 7, 7, 2, 2, 3, 7], [7, 7, 7, 5, 4, 4, 5, 5, 7, 7, 7, 7, 7, 2, 7, 7], [7, 7, 7, 5, 5, 4, 4, 5, 7, 7, 7, 7, 3, 3, 7, 7], [7, 7, 7, 7, 7, 7, 3, 3, 7, 7, 7, 2, 2, 3, 7, 7], [7, 7, 7, 4, 7, 2, 2, 3, 7, 2, 7, 7, 2, 7, 7, 7], [7, 7, 5, 4, 4, 7, 2, 7, 3, 2, 2, 7, 7, 7, 3, 3], [7, 7, 5, 5, 7, 7, 7, 7, 3, 3, 4, 7, 7, 2, 2, 3], [7, 7, 7, 7, 7, 7, 3, 3, 7, 5, 4, 4, 7, 7, 2, 7], [7, 7, 2, 7, 7, 2, 2, 3, 7, 5, 5, 7, 7, 7, 7, 7], [7, 3, 2, 2, 7, 7, 2, 7, 7, 7, 7, 7, 2, 7, 7, 7], [7, 3, 3, 7, 7, 7, 7, 7, 7, 7, 7, 3, 2, 2, 7, 7]]}]}