{"train": [{"input": [[0, 0, 0, 0, 0, 0, 0, 0, 0, 0, 0, 0], [4, 4, 0, 4, 4, 4, 4, 4, 4, 4, 4, 4], [0, 0, 0, 0, 0, 0, 0, 0, 0, 0, 0, 0], [0, 0, 0, 0, 0, 0, 0, 0, 0, 0, 0, 0], [0, 0, 0, 0, 0, 8, 8, 8, 8, 8, 0, 0], [8, 8, 8, 8, 8, 8, 8, 8, 8, 8, 8, 8], [0, 0, 0, 0, 0, 8, 8, 8, 8, 8, 0, 0], [0, 0, 0, 0, 0, 0, 0, 0, 0, 0, 0, 0], [0, 0, 0, 0, 0, 0, 0, 6, 0, 0, 0, 0], [0, 6, 0, 0, 0, 0, 0, 0, 0, 0, 0, 0], [0, 0, 0, 0, 0, 6, 0, 0, 0, 6, 0, 6], [0, 0, 0, 0, 0, 0, 0, 0, 0, 0, 0, 0]], "output": [[0, 0, 0, 0, 0, 0, 0, 0, 0, 0, 0, 0], [4, 0, 0, 4, 4, 0, 4, 0, 4, 0, 4, 0], [0, 0, 0, 0, 0, 0, 0, 0, 0, 0, 0, 0], [0, 0, 0, 0, 0, 6, 0, 6, 0, 6, 0, 0], [0, 6, 0, 0, 0, 8, 8, 8, 8, 8, 0, 6], [8, 8, 8, 8, 8, 8, 8, 8, 8, 8, 8, 8], [0, 4, 0, 0, 0, 8, 8, 8, 8, 8, 0, 4], [0, 0, 0, 0, 0, 4, 0, 4, 0, 4, 0, 0], [0, 0, 0, 0, 0, 0, 0, 0, 0, 0, 0, 0], [0, 0, 0, 0, 0, 0, 0, 0, 0, 0, 0, 0], [0, 0, 0, 0, 0, 0, 0, 0, 0, 0, 0, 0], [0, 0, 0, 0, 0, 0, 0, 0, 0, 0, 0, 0]]}, {"input": [[0, 0, 0, 0, 0, 0, 0, 0, 0, 0, 0, 0], [0, 0, 0, 0, 7, 0, 0, 0, 0, 0, 0, 0], [0, 0, 7, 0, 0, 0, 7, 0, 0, 0, 0, 0], [0, 0, 0, 0, 0, 0, 0, 0, 0, 7, 0, 0], [0, 0, 0, 0, 7, 0, 0, 0, 0, 0, 0, 0], [0, 3, 3, 0, 0, 0, 0, 0, 0, 3, 3, 0], [3, 0, 0, 3, 3, 0, 3, 3, 3, 3, 3, 0], [0, 0, 0, 0, 3, 3, 3, 0, 0, 0, 2, 0], [0, 0, 0, 0, 0, 0, 0, 0, 0, 0, 0, 0], [0, 0, 0, 0, 0, 0, 2, 2, 0, 0, 0, 0], [2, 0, 2, 2, 0, 0, 0, 0, 0, 0, 0, 0], [0, 0, 0, 0, 0, 0, 0, 0, 0, 0, 0, 0]], "output": [[0, 0, 0, 0, 0, 0, 0, 0, 0, 0, 0, 0], [0, 0, 0, 0, 7, 0, 0, 0, 0, 0, 0, 0], [0, 0, 0, 0, 0, 0, 0, 0, 0, 0, 0, 0], [0, 0, 0, 0, 0, 0, 0, 0, 0, 7, 0, 0], [0, 0, 2, 0, 7, 0, 0, 0, 0, 0, 0, 0], [0, 3, 3, 0, 0, 0, 2, 0, 0, 3, 3, 0], [3, 0, 7, 3, 3, 0, 3, 3, 3, 3, 3, 0], [0, 0, 0, 0, 3, 3, 3, 0, 0, 0, 2, 0], [0, 0, 0, 0, 0, 0, 7, 0, 0, 0, 0, 0], [0, 0, 0, 0, 0, 0, 0, 2, 0, 0, 0, 0], [2, 0, 0, 2, 0, 0, 0, 0, 0, 0, 0, 0], [0, 0, 0, 0, 0, 0, 0, 0, 0, 0, 0, 0]]}, {"input": [[0, 0, 0, 0, 0, 0, 3, 0, 0, 0, 0, 0, 0, 0], [0, 0, 9, 0, 0, 0, 3, 0, 0, 0, 5, 0, 0, 0], [0, 0, 0, 0, 0, 0, 3, 0, 0, 0, 0, 0, 0, 0], [0, 0, 9, 0, 0, 3, 3, 3, 0, 0, 0, 0, 0, 0], [0, 0, 0, 0, 0, 3, 3, 3, 0, 0, 0, 0, 0, 0], [0, 0, 9, 0, 0, 3, 3, 3, 0, 0, 5, 0, 0, 0], [0, 0, 0, 0, 0, 0, 3, 0, 0, 0, 0, 0, 0, 0], [0, 0, 9, 0, 0, 3, 3, 3, 0, 0, 0, 0, 0, 0], [0, 0, 9, 0, 0, 3, 3, 3, 0, 0, 0, 0, 0, 0], [0, 0, 9, 0, 0, 0, 3, 0, 0, 0, 5, 0, 0, 0], [0, 0, 0, 0, 0, 0, 3, 0, 0, 0, 0, 0, 0, 0], [0, 0, 9, 0, 0, 0, 3, 0, 0, 0, 5, 0, 0, 0]], "output": [[0, 0, 0, 0, 0, 0, 3, 0, 0, 0, 0, 0, 0, 0], [0, 0, 0, 0, 0, 5, 3, 9, 0, 0, 0, 0, 0, 0], [0, 0, 0, 0, 0, 0, 3, 0, 0, 0, 0, 0, 0, 0], [0, 0, 9, 0, 0, 3, 3, 3, 0, 0, 0, 0, 0, 0], [0, 0, 0, 0, 0, 3, 3, 3, 0, 0, 0, 0, 0, 0], [0, 0, 0, 0, 5, 3, 3, 3, 9, 0, 0, 0, 0, 0], [0, 0, 0, 0, 0, 0, 3, 0, 0, 0, 0, 0, 0, 0], [0, 0, 9, 0, 0, 3, 3, 3, 0, 0, 0, 0, 0, 0], [0, 0, 9, 0, 0, 3, 3, 3, 0, 0, 0, 0, 0, 0], [0, 0, 0, 0, 0, 5, 3, 9, 0, 0, 0, 0, 0, 0], [0, 0, 0, 0, 0, 0, 3, 0, 0, 0, 0, 0, 0, 0], [0, 0, 0, 0, 0, 5, 3, 9, 0, 0, 0, 0, 0, 0]]}], "test": [{"input": [[0, 0, 0, 0, 0, 0, 4, 0, 0, 0, 0, 0, 0, 0], [0, 0, 1, 0, 0, 4, 4, 0, 0, 0, 6, 0, 0, 0], [0, 0, 0, 0, 0, 4, 4, 0, 0, 0, 0, 0, 0, 0], [0, 0, 1, 0, 0, 4, 4, 4, 0, 0, 0, 3, 0, 0], [0, 0, 1, 0, 0, 4, 4, 4, 0, 3, 0, 0, 0, 0], [0, 0, 1, 0, 0, 4, 4, 4, 0, 0, 6, 0, 0, 0], [0, 0, 0, 0, 0, 4, 4, 4, 0, 0, 0, 0, 0, 0], [0, 0, 1, 0, 0, 4, 4, 4, 0, 0, 0, 0, 0, 0], [0, 1, 0, 0, 0, 4, 4, 4, 0, 0, 0, 0, 0, 0], [0, 1, 0, 0, 0, 0, 4, 0, 0, 0, 6, 0, 0, 0], [0, 0, 0, 1, 0, 0, 4, 0, 0, 0, 0, 0, 0, 0], [0, 0, 0, 1, 0, 0, 4, 0, 0, 0, 6, 0, 0, 0]], "output": [[0, 0, 0, 0, 0, 0, 4, 0, 0, 0, 0, 0, 0, 0], [0, 0, 0, 0, 6, 4, 4, 1, 0, 0, 0, 0, 0, 0], [0, 0, 0, 0, 0, 4, 4, 0, 0, 0, 0, 0, 0, 0], [0, 0, 0, 0, 3, 4, 4, 4, 1, 0, 0, 0, 0, 0], [0, 0, 0, 0, 3, 4, 4, 4, 1, 0, 0, 0, 0, 0], [0, 0, 0, 0, 6, 4, 4, 4, 1, 0, 0, 0, 0, 0], [0, 0, 0, 0, 0, 4, 4, 4, 0, 0, 0, 0, 0, 0], [0, 0, 1, 0, 0, 4, 4, 4, 0, 0, 0, 0, 0, 0], [0, 1, 0, 0, 0, 4, 4, 4, 0, 0, 0, 0, 0, 0], [0, 0, 0, 0, 0, 6, 4, 1, 0, 0, 0, 0, 0, 0], [0, 0, 0, 1, 0, 0, 4, 0, 0, 0, 0, 0, 0, 0], [0, 0, 0, 0, 0, 6, 4, 1, 0, 0, 0, 0, 0, 0]]}]}