{"train": [{"input": [[1, 1, 0, 2, 0, 0, 0, 0, 2], [1, 1, 0, 0, 0, 1, 1, 0, 0], [0, 0, 0, 2, 0, 1, 1, 0, 0], [0, 0, 0, 0, 0, 0, 0, 0, 1], [0, 1, 1, 0, 2, 2, 0, 0, 0], [0, 1, 1, 0, 2, 2, 0, 0, 2], [0, 0, 0, 0, 0, 0, 0, 0, 0], [0, 0, 0, 2, 2, 0, 1, 1, 0], [0, 1, 0, 2, 2, 0, 1, 1, 0]], "output": [[1, 1, 1, 1, 0]]}, {"input": [[0, 0, 0, 0, 2, 2, 0, 0, 1], [0, 1, 1, 0, 2, 2, 0, 0, 0], [0, 1, 1, 0, 0, 0, 0, 2, 2], [0, 0, 0, 0, 0, 0, 0, 2, 2], [1, 0, 2, 2, 0, 0, 0, 0, 0], [0, 0, 2, 2, 0, 1, 1, 0, 0], [0, 0, 0, 0, 0, 1, 1, 0, 0], [0, 0, 0, 0, 0, 0, 0, 0, 0], [0, 1, 0, 0, 0, 0, 0, 0, 1]], "output": [[1, 1, 0, 0, 0]]}, {"input": [[2, 2, 0, 1, 1, 0, 0, 0, 0], [2, 2, 0, 1, 1, 0, 0, 1, 1], [1, 0, 0, 0, 0, 0, 0, 1, 1], [0, 2, 2, 0, 0, 0, 0, 0, 0], [0, 2, 2, 0, 1, 1, 0, 1, 0], [0, 0, 0, 0, 1, 1, 0, 0, 0], [0, 0, 0, 0, 2, 0, 0, 0, 0], [0, 1, 1, 0, 0, 0, 0, 2, 2], [0, 1, 1, 0, 0, 1, 0, 2, 2]], "output": [[1, 1, 1, 1, 0]]}], "test": [{"input": [[0, 0, 0, 0, 0, 2, 2, 0, 1], [1, 1, 0, 1, 0, 2, 2, 0, 0], [1, 1, 0, 0, 0, 0, 0, 0, 0], [0, 0, 0, 0, 0, 1, 1, 0, 0], [0, 2, 2, 0, 0, 1, 1, 0, 0], [0, 2, 2, 0, 0, 0, 0, 0, 0], [1, 0, 0, 0, 0, 0, 2, 2, 0], [2, 2, 0, 1, 1, 0, 2, 2, 0], [2, 2, 0, 1, 1, 0, 0, 0, 0]], "output": [[1, 1, 1, 0, 0]]}]}