{"train": [{"input": [[5, 0, 0], [0, 5, 0], [0, 0, 5]], "output": [[1, 2, 0, 0, 0, 0], [2, 1, 0, 0, 0, 0], [0, 0, 1, 2, 0, 0], [0, 0, 2, 1, 0, 0], [0, 0, 0, 0, 1, 2], [0, 0, 0, 0, 2, 1]]}, {"input": [[0, 5, 0], [5, 5, 5], [0, 5, 0]], "output": [[0, 0, 1, 2, 0, 0], [0, 0, 2, 1, 0, 0], [1, 2, 1, 2, 1, 2], [2, 1, 2, 1, 2, 1], [0, 0, 1, 2, 0, 0], [0, 0, 2, 1, 0, 0]]}, {"input": [[0, 5, 0], [0, 5, 5], [5, 5, 0]], "output": [[0, 0, 1, 2, 0, 0], [0, 0, 2, 1, 0, 0], [0, 0, 1, 2, 1, 2], [0, 0, 2, 1, 2, 1], [1, 2, 1, 2, 0, 0], [2, 1, 2, 1, 0, 0]]}], "test": [{"input": [[0, 0, 0], [0, 5, 0], [5, 5, 5]], "output": [[0, 0, 0, 0, 0, 0], [0, 0, 0, 0, 0, 0], [0, 0, 1, 2, 0, 0], [0, 0, 2, 1, 0, 0], [1, 2, 1, 2, 1, 2], [2, 1, 2, 1, 2, 1]]}]}