{"train": [{"input": [[8, 8, 8, 8, 8, 2, 2, 2, 2, 2, 2, 2, 2, 2, 8], [8, 8, 8, 8, 8, 2, 2, 2, 2, 2, 2, 2, 2, 2, 8], [8, 8, 8, 8, 8, 2, 2, 2, 2, 2, 2, 2, 2, 2, 8], [8, 8, 8, 8, 8, 2, 2, 2, 2, 2, 2, 2, 2, 2, 8], [8, 8, 8, 8, 8, 2, 2, 2, 2, 2, 2, 2, 2, 2, 8], [8, 8, 3, 3, 3, 2, 2, 2, 2, 2, 2, 2, 2, 2, 8], [8, 8, 3, 3, 3, 3, 3, 3, 8, 8, 8, 8, 8, 8, 8], [8, 8, 3, 3, 3, 3, 3, 3, 8, 8, 8, 8, 8, 8, 8], [8, 8, 3, 3, 3, 3, 3, 3, 8, 8, 8, 8, 8, 8, 8], [8, 8, 3, 3, 3, 3, 3, 3, 8, 8, 8, 8, 8, 8, 8], [8, 8, 3, 3, 3, 3, 3, 3, 8, 8, 8, 8, 8, 8, 8], [8, 8, 8, 8, 8, 8, 8, 8, 8, 8, 5, 5, 8, 8, 8], [8, 8, 8, 8, 8, 8, 8, 8, 8, 8, 5, 5, 8, 8, 8], [8, 8, 8, 8, 8, 8, 8, 8, 8, 8, 8, 8, 8, 8, 8], [8, 8, 8, 8, 8, 8, 8, 8, 8, 8, 8, 8, 8, 8, 8], [8, 8, 8, 8, 8, 8, 8, 8, 8, 8, 8, 8, 8, 8, 8]], "output": [[5, 5, 3, 3, 3, 3, 2, 2, 2], [5, 5, 3, 3, 3, 3, 2, 2, 2], [3, 3, 3, 3, 3, 3, 2, 2, 2], [3, 3, 3, 3, 3, 3, 2, 2, 2], [3, 3, 3, 3, 3, 3, 2, 2, 2], [3, 3, 3, 3, 3, 3, 2, 2, 2]]}, {"input": [[4, 4, 4, 4, 4, 4, 4, 4, 4, 4, 4, 4, 4, 4, 4], [4, 4, 2, 2, 2, 2, 2, 2, 2, 2, 4, 4, 4, 4, 4], [4, 4, 2, 2, 2, 2, 2, 2, 2, 2, 4, 4, 4, 4, 4], [4, 4, 2, 2, 2, 2, 2, 2, 2, 2, 4, 4, 4, 4, 4], [4, 4, 2, 2, 2, 2, 1, 1, 1, 1, 1, 4, 4, 4, 4], [4, 4, 2, 2, 2, 2, 1, 1, 1, 1, 1, 4, 4, 4, 4], [4, 4, 2, 2, 2, 2, 1, 1, 1, 1, 1, 4, 4, 4, 4], [4, 4, 4, 4, 4, 4, 1, 1, 1, 1, 1, 4, 4, 4, 4], [4, 4, 4, 4, 4, 4, 1, 1, 1, 1, 1, 4, 4, 4, 4], [4, 3, 3, 3, 3, 4, 4, 4, 4, 4, 4, 4, 4, 4, 4], [4, 3, 3, 3, 3, 4, 4, 4, 4, 4, 4, 4, 4, 4, 4], [4, 4, 4, 4, 4, 4, 4, 4, 4, 4, 4, 4, 4, 4, 4], [4, 4, 4, 4, 4, 4, 4, 4, 4, 4, 4, 4, 4, 4, 4], [4, 4, 4, 4, 4, 4, 4, 4, 4, 4, 4, 4, 4, 4, 4]], "output": [[3, 3, 3, 3, 1, 2, 2, 2], [3, 3, 3, 3, 1, 2, 2, 2], [1, 1, 1, 1, 1, 2, 2, 2], [1, 1, 1, 1, 1, 2, 2, 2], [1, 1, 1, 1, 1, 2, 2, 2], [2, 2, 2, 2, 2, 2, 2, 2]]}, {"input": [[0, 0, 0, 0, 0, 0, 0, 0, 0, 0, 0, 0, 0, 0, 0], [0, 4, 4, 4, 4, 4, 0, 0, 0, 0, 0, 8, 8, 0, 0], [0, 4, 4, 4, 4, 4, 0, 0, 0, 0, 0, 0, 0, 0, 0], [0, 4, 4, 4, 6, 6, 6, 6, 6, 6, 6, 6, 0, 0, 0], [0, 4, 4, 4, 6, 6, 6, 6, 6, 6, 6, 6, 0, 0, 0], [0, 4, 4, 4, 6, 6, 6, 6, 6, 6, 6, 6, 0, 0, 0], [0, 0, 0, 0, 6, 6, 6, 6, 6, 6, 6, 6, 0, 0, 0], [0, 0, 0, 0, 6, 6, 6, 6, 6, 6, 6, 6, 0, 0, 0], [0, 0, 0, 0, 6, 6, 6, 6, 6, 6, 6, 6, 0, 0, 0], [0, 0, 3, 3, 3, 3, 6, 6, 6, 6, 6, 6, 0, 0, 0], [0, 0, 3, 3, 3, 3, 6, 6, 6, 6, 6, 6, 0, 0, 0], [0, 0, 3, 3, 3, 3, 0, 0, 0, 0, 0, 0, 0, 0, 0], [0, 0, 0, 0, 0, 0, 0, 0, 0, 0, 0, 0, 0, 0, 0], [0, 0, 0, 0, 0, 0, 0, 0, 0, 0, 0, 0, 0, 0, 0], [0, 0, 0, 0, 0, 0, 0, 0, 0, 0, 0, 0, 0, 0, 0]], "output": [[8, 8, 3, 3, 4, 6, 6, 6], [3, 3, 3, 3, 4, 6, 6, 6], [3, 3, 3, 3, 4, 6, 6, 6], [4, 4, 4, 4, 4, 6, 6, 6], [4, 4, 4, 4, 4, 6, 6, 6], [6, 6, 6, 6, 6, 6, 6, 6], [6, 6, 6, 6, 6, 6, 6, 6], [6, 6, 6, 6, 6, 6, 6, 6]]}], "test": [{"input": [[1, 1, 1, 1, 1, 1, 1, 1, 1, 1, 1, 1, 1, 1, 1, 1], [1, 1, 2, 2, 2, 2, 2, 2, 2, 2, 2, 2, 1, 1, 1, 1], [1, 1, 2, 2, 2, 2, 2, 2, 2, 2, 2, 2, 1, 1, 1, 1], [1, 1, 2, 2, 2, 2, 2, 2, 2, 2, 2, 2, 1, 1, 1, 1], [1, 1, 2, 2, 2, 2, 2, 2, 2, 2, 2, 2, 1, 1, 1, 1], [1, 1, 2, 2, 2, 2, 3, 3, 3, 3, 2, 2, 1, 1, 1, 1], [1, 1, 2, 2, 2, 2, 3, 3, 3, 3, 2, 2, 1, 1, 1, 1], [1, 1, 1, 1, 1, 1, 3, 3, 3, 3, 1, 1, 1, 1, 1, 1], [1, 1, 1, 1, 1, 1, 3, 3, 3, 3, 1, 1, 1, 1, 1, 1], [1, 1, 1, 1, 1, 1, 1, 1, 1, 1, 1, 1, 1, 1, 1, 1], [1, 1, 1, 1, 1, 1, 1, 1, 8, 8, 8, 1, 1, 1, 1, 1], [1, 1, 1, 1, 1, 1, 1, 1, 8, 8, 8, 1, 1, 1, 1, 1], [1, 1, 1, 1, 1, 1, 1, 1, 1, 1, 1, 1, 1, 1, 1, 1], [1, 1, 1, 6, 6, 1, 1, 1, 1, 1, 1, 1, 1, 1, 1, 1], [1, 1, 1, 1, 1, 1, 1, 1, 1, 1, 1, 1, 1, 1, 1, 1], [1, 1, 1, 1, 1, 1, 1, 1, 1, 1, 1, 1, 1, 1, 1, 1]], "output": [[6, 6, 8, 3, 2, 2, 2, 2, 2, 2], [8, 8, 8, 3, 2, 2, 2, 2, 2, 2], [3, 3, 3, 3, 2, 2, 2, 2, 2, 2], [3, 3, 3, 3, 2, 2, 2, 2, 2, 2], [2, 2, 2, 2, 2, 2, 2, 2, 2, 2], [2, 2, 2, 2, 2, 2, 2, 2, 2, 2]]}]}