{"train": [{"input": [[7, 7, 7, 2, 7, 7, 7], [7, 7, 7, 2, 7, 7, 7], [7, 7, 7, 2, 7, 7, 7], [5, 5, 5, 5, 5, 5, 5], [7, 7, 7, 2, 7, 7, 7], [7, 7, 7, 2, 7, 7, 7], [7, 7, 7, 2, 7, 7, 7]], "output": [[2, 5]]}, {"input": [[9, 7, 7, 7, 7, 7, 8, 7, 7, 7], [7, 9, 7, 7, 7, 7, 8, 7, 7, 7], [7, 7, 9, 7, 7, 7, 8, 7, 7, 7], [7, 7, 7, 9, 7, 7, 8, 7, 7, 7], [0, 0, 0, 0, 9, 0, 8, 0, 0, 0], [7, 7, 7, 7, 7, 9, 8, 7, 7, 7], [7, 7, 7, 7, 7, 7, 9, 7, 7, 7], [7, 7, 7, 7, 7, 7, 8, 9, 7, 7], [7, 7, 7, 7, 7, 7, 8, 7, 9, 7], [7, 7, 7, 7, 7, 7, 8, 7, 7, 9]], "output": [[0, 8, 9]]}, {"input": [[7, 1, 7, 7, 3, 7, 7, 7, 5, 7, 7, 7], [7, 7, 1, 7, 3, 7, 7, 7, 5, 7, 7, 7], [7, 7, 7, 1, 3, 7, 7, 7, 5, 7, 7, 7], [7, 7, 7, 7, 1, 7, 7, 7, 5, 7, 7, 7], [7, 7, 7, 7, 3, 1, 7, 7, 5, 7, 7, 7], [2, 2, 2, 2, 2, 2, 1, 2, 5, 2, 2, 2], [7, 7, 7, 7, 3, 7, 7, 1, 5, 7, 7, 7], [7, 7, 7, 7, 3, 7, 7, 7, 5, 7, 7, 7], [7, 7, 7, 7, 3, 7, 7, 7, 5, 1, 7, 7], [7, 7, 7, 7, 3, 7, 7, 7, 5, 7, 1, 7], [7, 7, 7, 7, 3, 7, 7, 7, 5, 7, 7, 1], [7, 7, 7, 7, 3, 7, 7, 7, 5, 7, 7, 7]], "output": [[3, 2, 1, 5]]}, {"input": [[7, 7, 7, 7, 7, 7, 7, 7, 7, 7, 5, 7, 9, 7, 4, 7], [7, 7, 7, 7, 7, 7, 7, 7, 7, 7, 5, 7, 9, 7, 4, 7], [7, 7, 7, 7, 7, 7, 7, 7, 7, 7, 5, 7, 9, 7, 4, 7], [7, 7, 7, 7, 7, 7, 7, 7, 7, 7, 5, 7, 9, 7, 4, 7], [7, 7, 7, 7, 7, 7, 7, 7, 7, 7, 5, 7, 9, 7, 4, 7], [7, 7, 7, 7, 7, 7, 7, 7, 7, 7, 5, 7, 9, 7, 4, 7], [7, 7, 7, 7, 7, 7, 7, 7, 7, 7, 5, 7, 9, 7, 4, 7], [7, 7, 7, 7, 7, 7, 7, 7, 7, 7, 5, 7, 9, 7, 4, 7], [7, 7, 7, 7, 7, 7, 7, 7, 7, 7, 5, 7, 9, 7, 4, 7], [7, 7, 7, 7, 7, 7, 7, 7, 7, 7, 5, 7, 9, 7, 4, 7], [7, 7, 7, 7, 7, 7, 7, 7, 7, 7, 5, 7, 9, 7, 4, 7], [7, 7, 7, 7, 7, 7, 7, 7, 7, 7, 5, 7, 9, 7, 4, 7], [3, 3, 3, 3, 3, 3, 3, 3, 3, 3, 5, 3, 3, 3, 3, 3], [7, 7, 7, 7, 7, 7, 7, 7, 7, 7, 5, 7, 9, 7, 4, 7], [1, 1, 1, 1, 1, 1, 1, 1, 1, 1, 5, 1, 9, 1, 1, 1], [7, 7, 7, 7, 7, 7, 7, 7, 7, 7, 5, 7, 9, 7, 4, 7]], "output": [[4, 1, 9, 3, 5]]}], "test": [{"input": [[7, 7, 7, 7, 7, 7, 4, 1, 7, 5, 7, 7, 7, 7, 7, 7], [7, 7, 7, 7, 7, 7, 4, 7, 1, 7, 7, 7, 7, 7, 7, 7], [7, 7, 7, 7, 7, 7, 4, 5, 7, 1, 7, 7, 7, 7, 7, 7], [7, 7, 7, 7, 7, 7, 4, 7, 7, 7, 1, 7, 7, 7, 7, 7], [7, 7, 7, 7, 7, 5, 4, 7, 7, 7, 7, 1, 7, 7, 7, 7], [0, 7, 7, 7, 5, 7, 4, 7, 7, 7, 7, 7, 1, 7, 7, 7], [7, 0, 7, 5, 7, 7, 4, 7, 7, 7, 7, 7, 7, 1, 7, 3], [9, 9, 9, 9, 9, 9, 9, 9, 9, 9, 9, 9, 9, 9, 3, 9], [7, 5, 7, 0, 7, 7, 4, 7, 7, 7, 7, 7, 7, 3, 7, 1], [5, 7, 7, 7, 0, 7, 4, 7, 7, 7, 7, 7, 3, 7, 7, 7], [7, 7, 7, 7, 7, 0, 4, 7, 7, 7, 7, 3, 7, 7, 7, 7], [7, 7, 7, 7, 7, 7, 0, 7, 7, 7, 3, 7, 7, 7, 7, 7], [7, 7, 7, 7, 7, 7, 4, 0, 7, 3, 7, 7, 7, 7, 7, 7], [7, 7, 7, 7, 7, 7, 4, 7, 3, 7, 7, 7, 7, 7, 7, 7], [7, 7, 7, 7, 7, 7, 4, 3, 7, 0, 7, 7, 7, 7, 7, 7], [7, 7, 7, 7, 7, 7, 3, 7, 7, 7, 0, 7, 7, 7, 7, 7]], "output": [[5, 4, 0, 9, 1, 3]]}]}