{"train": [{"input": [[7, 7, 7, 7, 7, 7, 7, 7, 7, 7, 7, 7, 7, 7, 7, 7], [7, 7, 7, 7, 7, 7, 7, 7, 7, 7, 7, 7, 7, 7, 7, 7], [7, 7, 7, 7, 7, 8, 7, 7, 7, 7, 7, 7, 7, 7, 7, 7], [7, 7, 7, 7, 8, 8, 8, 7, 7, 7, 7, 9, 9, 9, 7, 7], [7, 7, 7, 7, 7, 8, 7, 7, 7, 7, 7, 9, 9, 9, 7, 7], [7, 7, 7, 7, 7, 7, 7, 7, 7, 7, 7, 9, 9, 9, 7, 7], [7, 7, 7, 7, 7, 7, 7, 7, 7, 7, 7, 7, 7, 7, 7, 7], [7, 7, 7, 9, 9, 7, 7, 7, 7, 7, 7, 7, 9, 9, 9, 9], [7, 7, 7, 9, 9, 7, 7, 7, 7, 7, 7, 7, 9, 9, 9, 9], [7, 7, 7, 7, 7, 7, 7, 7, 7, 7, 7, 7, 9, 9, 9, 9], [7, 7, 7, 7, 7, 7, 7, 7, 7, 7, 7, 7, 9, 9, 9, 9], [7, 7, 7, 7, 7, 7, 7, 7, 7, 7, 7, 7, 7, 7, 7, 7], [7, 7, 7, 7, 7, 7, 7, 7, 7, 7, 7, 7, 7, 7, 7, 7], [7, 7, 7, 7, 7, 7, 7, 7, 7, 7, 7, 7, 7, 9, 7, 7], [7, 7, 9, 9, 7, 7, 7, 7, 7, 7, 7, 7, 7, 7, 7, 7], [7, 7, 9, 9, 7, 7, 7, 7, 7, 7, 7, 7, 7, 7, 7, 7]], "output": [[7, 7, 7, 7, 7, 7, 7, 7, 7, 7, 7, 7, 7, 7, 7, 7], [7, 7, 7, 7, 7, 7, 7, 7, 7, 7, 7, 7, 7, 7, 7, 7], [7, 7, 7, 7, 7, 7, 7, 7, 7, 7, 7, 7, 7, 7, 7, 7], [7, 7, 7, 7, 7, 7, 7, 7, 7, 7, 7, 9, 9, 9, 7, 7], [7, 7, 7, 7, 7, 7, 7, 7, 7, 7, 7, 9, 8, 9, 7, 7], [7, 7, 7, 7, 7, 7, 7, 7, 7, 7, 7, 9, 9, 9, 7, 7], [7, 7, 7, 7, 7, 7, 7, 7, 7, 7, 7, 7, 7, 7, 7, 7], [7, 7, 7, 9, 9, 7, 7, 7, 7, 7, 7, 7, 9, 9, 9, 9], [7, 7, 7, 9, 9, 7, 7, 7, 7, 7, 7, 7, 9, 9, 9, 9], [7, 7, 7, 7, 7, 7, 7, 7, 7, 7, 7, 7, 9, 9, 9, 9], [7, 7, 7, 7, 7, 7, 7, 7, 7, 7, 7, 7, 9, 9, 9, 9], [7, 7, 7, 7, 7, 7, 7, 7, 7, 7, 7, 7, 7, 7, 7, 7], [7, 7, 7, 7, 7, 7, 7, 7, 7, 7, 7, 7, 7, 7, 7, 7], [7, 7, 7, 7, 7, 7, 7, 7, 7, 7, 7, 7, 7, 8, 7, 7], [7, 7, 9, 9, 7, 7, 7, 7, 7, 7, 7, 7, 7, 7, 7, 7], [7, 7, 9, 9, 7, 7, 7, 7, 7, 7, 7, 7, 7, 7, 7, 7]]}, {"input": [[8, 7, 8, 8, 7, 8, 8, 8, 7, 8, 8, 8, 8, 7, 7, 7], [7, 7, 8, 8, 7, 8, 8, 8, 7, 8, 8, 8, 8, 7, 7, 7], [7, 7, 7, 7, 7, 8, 8, 8, 7, 8, 8, 8, 8, 7, 7, 7], [7, 7, 7, 7, 7, 7, 7, 7, 7, 8, 8, 8, 8, 7, 7, 7], [7, 7, 7, 7, 7, 7, 7, 7, 7, 7, 7, 7, 7, 7, 7, 7], [8, 8, 8, 8, 8, 7, 8, 8, 8, 8, 8, 8, 7, 7, 7, 7], [8, 8, 8, 8, 8, 7, 8, 8, 8, 8, 8, 8, 7, 7, 7, 7], [8, 8, 8, 8, 8, 7, 8, 8, 8, 8, 8, 8, 7, 7, 7, 7], [8, 8, 8, 8, 8, 7, 8, 8, 8, 8, 8, 8, 7, 7, 7, 7], [8, 8, 8, 8, 8, 7, 8, 8, 8, 8, 8, 8, 7, 7, 7, 7], [7, 7, 7, 7, 7, 7, 8, 8, 8, 8, 8, 8, 7, 7, 7, 7], [7, 7, 7, 7, 7, 7, 7, 7, 7, 7, 7, 7, 7, 7, 7, 7], [7, 7, 7, 7, 7, 7, 7, 7, 7, 7, 7, 7, 7, 7, 7, 7], [7, 7, 7, 7, 7, 7, 7, 7, 7, 7, 7, 7, 7, 7, 1, 7], [7, 7, 7, 7, 7, 7, 7, 7, 7, 7, 7, 7, 7, 1, 1, 1], [7, 7, 7, 7, 7, 7, 7, 7, 7, 7, 7, 7, 7, 7, 1, 7]], "output": [[1, 7, 8, 8, 7, 8, 8, 8, 7, 8, 8, 8, 8, 7, 7, 7], [7, 7, 8, 8, 7, 8, 1, 8, 7, 8, 8, 8, 8, 7, 7, 7], [7, 7, 7, 7, 7, 8, 8, 8, 7, 8, 8, 8, 8, 7, 7, 7], [7, 7, 7, 7, 7, 7, 7, 7, 7, 8, 8, 8, 8, 7, 7, 7], [7, 7, 7, 7, 7, 7, 7, 7, 7, 7, 7, 7, 7, 7, 7, 7], [8, 8, 8, 8, 8, 7, 8, 8, 8, 8, 8, 8, 7, 7, 7, 7], [8, 8, 8, 8, 8, 7, 8, 8, 8, 8, 8, 8, 7, 7, 7, 7], [8, 8, 1, 8, 8, 7, 8, 8, 8, 8, 8, 8, 7, 7, 7, 7], [8, 8, 8, 8, 8, 7, 8, 8, 8, 8, 8, 8, 7, 7, 7, 7], [8, 8, 8, 8, 8, 7, 8, 8, 8, 8, 8, 8, 7, 7, 7, 7], [7, 7, 7, 7, 7, 7, 8, 8, 8, 8, 8, 8, 7, 7, 7, 7], [7, 7, 7, 7, 7, 7, 7, 7, 7, 7, 7, 7, 7, 7, 7, 7], [7, 7, 7, 7, 7, 7, 7, 7, 7, 7, 7, 7, 7, 7, 7, 7], [7, 7, 7, 7, 7, 7, 7, 7, 7, 7, 7, 7, 7, 7, 7, 7], [7, 7, 7, 7, 7, 7, 7, 7, 7, 7, 7, 7, 7, 7, 7, 7], [7, 7, 7, 7, 7, 7, 7, 7, 7, 7, 7, 7, 7, 7, 7, 7]]}, {"input": [[7, 7, 7, 7, 7, 7, 1, 1, 1, 7, 7, 7, 7, 7, 3, 7], [7, 7, 7, 7, 7, 7, 1, 1, 1, 7, 7, 7, 7, 3, 3, 3], [7, 7, 7, 7, 7, 7, 1, 1, 1, 7, 7, 7, 7, 7, 3, 7], [7, 7, 1, 7, 7, 7, 7, 7, 7, 7, 7, 7, 7, 7, 7, 7], [7, 7, 7, 7, 7, 7, 7, 7, 7, 7, 7, 7, 7, 1, 1, 1], [7, 7, 7, 7, 7, 7, 7, 7, 7, 7, 7, 7, 7, 1, 1, 1], [7, 7, 7, 7, 7, 1, 1, 7, 7, 7, 7, 7, 7, 1, 1, 1], [7, 7, 7, 7, 7, 1, 1, 7, 7, 7, 7, 7, 7, 7, 7, 7], [7, 7, 7, 7, 7, 7, 7, 7, 7, 7, 7, 7, 7, 7, 7, 7], [7, 7, 7, 7, 7, 7, 7, 7, 7, 7, 7, 7, 7, 7, 7, 7], [7, 7, 7, 7, 7, 7, 7, 7, 7, 7, 7, 1, 7, 7, 7, 7], [7, 1, 7, 7, 1, 1, 1, 1, 7, 7, 7, 7, 7, 7, 7, 7], [7, 7, 7, 7, 1, 1, 1, 1, 7, 7, 7, 7, 7, 7, 7, 7], [7, 7, 7, 7, 1, 1, 1, 1, 7, 7, 7, 7, 7, 7, 7, 7], [7, 7, 7, 7, 1, 1, 1, 1, 7, 7, 7, 7, 7, 1, 1, 7], [7, 7, 7, 7, 7, 7, 7, 7, 7, 7, 7, 7, 7, 1, 1, 7]], "output": [[7, 7, 7, 7, 7, 7, 1, 1, 1, 7, 7, 7, 7, 7, 3, 7], [7, 7, 7, 7, 7, 7, 1, 3, 1, 7, 7, 7, 7, 3, 3, 3], [7, 7, 7, 7, 7, 7, 1, 1, 1, 7, 7, 7, 7, 7, 3, 7], [7, 7, 3, 7, 7, 7, 7, 7, 7, 7, 7, 7, 7, 7, 7, 7], [7, 7, 7, 7, 7, 7, 7, 7, 7, 7, 7, 7, 7, 1, 1, 1], [7, 7, 7, 7, 7, 7, 7, 7, 7, 7, 7, 7, 7, 1, 3, 1], [7, 7, 7, 7, 7, 1, 1, 7, 7, 7, 7, 7, 7, 1, 1, 1], [7, 7, 7, 7, 7, 1, 1, 7, 7, 7, 7, 7, 7, 7, 7, 7], [7, 7, 7, 7, 7, 7, 7, 7, 7, 7, 7, 7, 7, 7, 7, 7], [7, 7, 7, 7, 7, 7, 7, 7, 7, 7, 7, 7, 7, 7, 7, 7], [7, 7, 7, 7, 7, 7, 7, 7, 7, 7, 7, 3, 7, 7, 7, 7], [7, 3, 7, 7, 1, 1, 1, 1, 7, 7, 7, 7, 7, 7, 7, 7], [7, 7, 7, 7, 1, 1, 1, 1, 7, 7, 7, 7, 7, 7, 7, 7], [7, 7, 7, 7, 1, 1, 1, 1, 7, 7, 7, 7, 7, 7, 7, 7], [7, 7, 7, 7, 1, 1, 1, 1, 7, 7, 7, 7, 7, 1, 1, 7], [7, 7, 7, 7, 7, 7, 7, 7, 7, 7, 7, 7, 7, 1, 1, 7]]}], "test": [{"input": [[8, 8, 8, 8, 8, 8, 8, 7, 7, 7, 7, 7, 7, 7, 7, 7], [8, 8, 8, 8, 8, 8, 8, 7, 7, 7, 7, 7, 7, 7, 8, 7], [8, 8, 8, 8, 8, 8, 8, 7, 7, 7, 7, 7, 7, 7, 7, 7], [8, 8, 8, 8, 8, 8, 8, 7, 7, 7, 7, 7, 7, 8, 8, 8], [8, 8, 8, 8, 8, 8, 8, 7, 7, 7, 7, 7, 7, 8, 8, 8], [8, 8, 8, 8, 8, 8, 8, 7, 7, 7, 8, 7, 7, 8, 8, 8], [8, 8, 8, 8, 8, 8, 8, 7, 7, 7, 7, 7, 7, 7, 7, 7], [7, 7, 7, 7, 7, 7, 7, 7, 7, 7, 8, 8, 7, 7, 7, 7], [7, 7, 7, 4, 7, 7, 7, 7, 7, 7, 8, 8, 7, 7, 7, 7], [7, 7, 4, 4, 4, 7, 7, 7, 8, 7, 7, 7, 7, 7, 7, 7], [7, 7, 7, 4, 7, 7, 7, 7, 7, 7, 8, 8, 8, 7, 7, 7], [7, 7, 7, 7, 7, 7, 7, 8, 8, 7, 8, 8, 8, 7, 7, 7], [7, 7, 7, 7, 7, 8, 7, 8, 8, 7, 8, 8, 8, 7, 7, 7], [7, 7, 7, 7, 7, 7, 7, 7, 7, 7, 7, 7, 7, 7, 7, 7], [7, 8, 7, 7, 7, 7, 7, 7, 7, 7, 7, 7, 7, 7, 8, 8], [7, 7, 7, 7, 7, 7, 7, 7, 7, 7, 7, 7, 7, 7, 8, 8]], "output": [[8, 8, 8, 8, 8, 8, 8, 7, 7, 7, 7, 7, 7, 7, 7, 7], [8, 8, 8, 8, 8, 8, 8, 7, 7, 7, 7, 7, 7, 7, 4, 7], [8, 8, 8, 8, 8, 8, 8, 7, 7, 7, 7, 7, 7, 7, 7, 7], [8, 8, 8, 4, 8, 8, 8, 7, 7, 7, 7, 7, 7, 8, 8, 8], [8, 8, 8, 8, 8, 8, 8, 7, 7, 7, 7, 7, 7, 8, 4, 8], [8, 8, 8, 8, 8, 8, 8, 7, 7, 7, 4, 7, 7, 8, 8, 8], [8, 8, 8, 8, 8, 8, 8, 7, 7, 7, 7, 7, 7, 7, 7, 7], [7, 7, 7, 7, 7, 7, 7, 7, 7, 7, 8, 8, 7, 7, 7, 7], [7, 7, 7, 4, 7, 7, 7, 7, 7, 7, 8, 8, 7, 7, 7, 7], [7, 7, 4, 4, 4, 7, 7, 7, 4, 7, 7, 7, 7, 7, 7, 7], [7, 7, 7, 4, 7, 7, 7, 7, 7, 7, 8, 8, 8, 7, 7, 7], [7, 7, 7, 7, 7, 7, 7, 8, 8, 7, 8, 4, 8, 7, 7, 7], [7, 7, 7, 7, 7, 4, 7, 8, 8, 7, 8, 8, 8, 7, 7, 7], [7, 7, 7, 7, 7, 7, 7, 7, 7, 7, 7, 7, 7, 7, 7, 7], [7, 4, 7, 7, 7, 7, 7, 7, 7, 7, 7, 7, 7, 7, 8, 8], [7, 7, 7, 7, 7, 7, 7, 7, 7, 7, 7, 7, 7, 7, 8, 8]]}]}