{"train": [{"input": [[7, 3, 7, 3, 7, 7, 7, 0, 7, 7, 0], [7, 7, 3, 7, 3, 7, 7, 7, 7, 0, 7], [3, 7, 3, 7, 7, 7, 0, 0, 0, 0, 0], [7, 3, 7, 3, 7, 7, 7, 0, 7, 0, 7], [7, 7, 3, 7, 3, 7, 7, 7, 0, 7, 0], [7, 7, 7, 7, 7, 0, 7, 7, 7, 7, 7], [2, 2, 7, 2, 7, 7, 7, 7, 7, 9, 7], [7, 7, 2, 7, 2, 7, 9, 7, 9, 7, 9], [7, 2, 7, 2, 7, 7, 9, 7, 9, 9, 7], [7, 7, 7, 2, 7, 7, 7, 7, 9, 7, 9], [7, 2, 7, 7, 2, 7, 7, 9, 7, 7, 9]], "output": [[7, 7, 7, 7, 7, 7, 7, 7, 7, 7, 0], [7, 7, 7, 7, 7, 7, 7, 7, 7, 0, 7], [7, 7, 7, 7, 7, 7, 7, 7, 0, 7, 7], [7, 7, 7, 7, 7, 7, 7, 0, 7, 7, 7], [7, 7, 7, 7, 7, 7, 0, 7, 7, 7, 7], [7, 7, 7, 7, 7, 0, 7, 7, 7, 7, 7], [7, 7, 7, 7, 7, 7, 7, 7, 7, 7, 7], [7, 7, 7, 7, 7, 7, 7, 7, 7, 7, 7], [7, 7, 7, 7, 7, 7, 7, 7, 7, 7, 7], [7, 7, 7, 7, 7, 7, 7, 7, 7, 7, 7], [7, 7, 7, 7, 7, 7, 7, 7, 7, 7, 7]]}, {"input": [[0, 7, 0, 7, 4, 7, 7], [0, 7, 7, 7, 7, 4, 7], [7, 0, 7, 7, 4, 4, 7], [7, 7, 7, 5, 7, 7, 7], [5, 5, 7, 7, 7, 1, 7], [7, 5, 5, 7, 1, 1, 7], [7, 7, 5, 7, 1, 7, 7]], "output": [[7, 7, 7, 7, 7, 7, 7], [7, 7, 7, 7, 7, 7, 7], [7, 7, 7, 7, 7, 7, 7], [7, 7, 7, 5, 7, 7, 7], [7, 7, 5, 7, 7, 7, 7], [7, 5, 7, 7, 7, 7, 7], [5, 7, 7, 7, 7, 7, 7]]}], "test": [{"input": [[8, 7, 7, 7, 7, 7, 7, 7, 7, 7, 7, 6, 7], [7, 7, 8, 7, 8, 7, 7, 7, 6, 6, 7, 7, 6], [7, 8, 7, 8, 7, 8, 7, 7, 7, 6, 7, 7, 7], [7, 7, 7, 8, 7, 7, 7, 7, 6, 7, 6, 6, 7], [8, 7, 8, 7, 8, 7, 7, 6, 7, 6, 7, 7, 6], [7, 8, 7, 7, 7, 8, 7, 6, 6, 6, 7, 6, 7], [7, 7, 7, 7, 7, 7, 4, 7, 7, 7, 7, 7, 7], [7, 4, 4, 7, 4, 7, 7, 7, 2, 7, 7, 2, 7], [4, 7, 7, 7, 7, 7, 7, 7, 7, 2, 2, 7, 7], [7, 4, 7, 4, 4, 7, 7, 7, 2, 7, 7, 7, 7], [7, 7, 4, 4, 4, 7, 7, 2, 7, 2, 2, 2, 7], [7, 4, 7, 7, 7, 7, 7, 7, 7, 2, 7, 7, 2], [7, 7, 7, 7, 4, 7, 7, 2, 7, 7, 2, 7, 7]], "output": [[7, 7, 7, 7, 7, 7, 7, 7, 7, 7, 7, 7, 7], [7, 7, 7, 7, 7, 7, 7, 7, 7, 7, 7, 7, 7], [7, 7, 7, 7, 7, 7, 7, 7, 7, 7, 7, 7, 7], [7, 7, 7, 7, 7, 7, 7, 7, 7, 7, 7, 7, 7], [7, 7, 7, 7, 7, 7, 7, 7, 7, 7, 7, 7, 7], [7, 7, 7, 7, 7, 7, 7, 7, 7, 7, 7, 7, 7], [7, 7, 7, 7, 7, 7, 4, 7, 7, 7, 7, 7, 7], [7, 7, 7, 7, 7, 4, 7, 7, 7, 7, 7, 7, 7], [7, 7, 7, 7, 4, 7, 7, 7, 7, 7, 7, 7, 7], [7, 7, 7, 4, 7, 7, 7, 7, 7, 7, 7, 7, 7], [7, 7, 4, 7, 7, 7, 7, 7, 7, 7, 7, 7, 7], [7, 4, 7, 7, 7, 7, 7, 7, 7, 7, 7, 7, 7], [4, 7, 7, 7, 7, 7, 7, 7, 7, 7, 7, 7, 7]]}]}