{"train": [{"input": [[0, 0, 0, 0, 2, 0, 0, 0, 0, 2, 0, 0, 0, 0, 2, 0, 0, 0], [3, 0, 3, 3, 2, 0, 0, 0, 0, 2, 0, 0, 0, 0, 2, 0, 0, 0], [0, 3, 3, 0, 2, 0, 0, 0, 0, 2, 0, 0, 0, 0, 2, 0, 0, 0], [0, 0, 3, 0, 2, 0, 0, 0, 0, 2, 0, 0, 0, 0, 2, 0, 0, 0], [2, 2, 2, 2, 2, 2, 2, 2, 2, 2, 2, 2, 2, 2, 2, 2, 2, 2], [0, 0, 3, 0, 2, 0, 3, 0, 0, 2, 0, 0, 0, 0, 2, 0, 0, 0], [0, 3, 3, 0, 2, 0, 3, 3, 0, 2, 0, 0, 0, 0, 2, 0, 0, 0], [3, 0, 3, 3, 2, 3, 3, 0, 3, 2, 0, 0, 0, 0, 2, 0, 0, 0], [0, 0, 0, 0, 2, 0, 0, 0, 0, 2, 0, 0, 0, 0, 2, 0, 0, 0], [2, 2, 2, 2, 2, 2, 2, 2, 2, 2, 2, 2, 2, 2, 2, 2, 2, 2], [0, 0, 0, 0, 2, 0, 0, 0, 0, 2, 0, 0, 0, 0, 2, 0, 0, 0], [0, 0, 0, 0, 2, 0, 1, 0, 0, 2, 0, 0, 1, 0, 2, 0, 0, 0], [0, 0, 0, 0, 2, 0, 0, 1, 1, 2, 1, 1, 0, 0, 2, 0, 0, 0], [0, 0, 0, 0, 2, 0, 0, 1, 0, 2, 0, 1, 0, 0, 2, 0, 0, 0], [2, 2, 2, 2, 2, 2, 2, 2, 2, 2, 2, 2, 2, 2, 2, 2, 2, 2], [0, 0, 0, 0, 2, 0, 0, 0, 0, 2, 0, 1, 0, 0, 2, 0, 0, 0], [0, 0, 0, 0, 2, 0, 0, 0, 0, 2, 1, 1, 0, 0, 2, 0, 0, 0], [0, 0, 0, 0, 2, 0, 0, 0, 0, 2, 0, 0, 1, 0, 2, 0, 0, 0], [0, 0, 0, 0, 2, 0, 0, 0, 0, 2, 0, 0, 0, 0, 2, 0, 0, 0]], "output": [[0, 0, 0, 0, 2, 0, 0, 0, 0, 2, 0, 0, 0, 0, 2, 0, 0, 0], [3, 0, 3, 3, 2, 3, 3, 0, 3, 2, 0, 0, 0, 0, 2, 0, 0, 0], [0, 3, 3, 0, 2, 0, 3, 3, 0, 2, 0, 0, 0, 0, 2, 0, 0, 0], [0, 0, 3, 0, 2, 0, 3, 0, 0, 2, 0, 0, 0, 0, 2, 0, 0, 0], [2, 2, 2, 2, 2, 2, 2, 2, 2, 2, 2, 2, 2, 2, 2, 2, 2, 2], [0, 0, 3, 0, 2, 0, 3, 0, 0, 2, 0, 0, 0, 0, 2, 0, 0, 0], [0, 3, 3, 0, 2, 0, 3, 3, 0, 2, 0, 0, 0, 0, 2, 0, 0, 0], [3, 0, 3, 3, 2, 3, 3, 0, 3, 2, 0, 0, 0, 0, 2, 0, 0, 0], [0, 0, 0, 0, 2, 0, 0, 0, 0, 2, 0, 0, 0, 0, 2, 0, 0, 0], [2, 2, 2, 2, 2, 2, 2, 2, 2, 2, 2, 2, 2, 2, 2, 2, 2, 2], [0, 0, 0, 0, 2, 0, 0, 0, 0, 2, 0, 0, 0, 0, 2, 0, 0, 0], [0, 0, 0, 0, 2, 0, 1, 0, 0, 2, 0, 0, 1, 0, 2, 0, 0, 0], [0, 0, 0, 0, 2, 0, 0, 1, 1, 2, 1, 1, 0, 0, 2, 0, 0, 0], [0, 0, 0, 0, 2, 0, 0, 1, 0, 2, 0, 1, 0, 0, 2, 0, 0, 0], [2, 2, 2, 2, 2, 2, 2, 2, 2, 2, 2, 2, 2, 2, 2, 2, 2, 2], [0, 0, 0, 0, 2, 0, 0, 1, 0, 2, 0, 1, 0, 0, 2, 0, 0, 0], [0, 0, 0, 0, 2, 0, 0, 1, 1, 2, 1, 1, 0, 0, 2, 0, 0, 0], [0, 0, 0, 0, 2, 0, 1, 0, 0, 2, 0, 0, 1, 0, 2, 0, 0, 0], [0, 0, 0, 0, 2, 0, 0, 0, 0, 2, 0, 0, 0, 0, 2, 0, 0, 0]]}, {"input": [[0, 0, 0, 0, 6, 0, 0, 0, 0, 6, 0, 0, 0, 0, 6, 0, 0, 0, 0], [0, 0, 0, 0, 6, 0, 0, 0, 0, 6, 0, 0, 0, 0, 6, 0, 0, 0, 0], [0, 0, 0, 0, 6, 0, 0, 0, 0, 6, 0, 0, 0, 0, 6, 0, 0, 0, 0], [0, 0, 0, 0, 6, 0, 0, 0, 0, 6, 0, 0, 0, 0, 6, 0, 0, 0, 0], [6, 6, 6, 6, 6, 6, 6, 6, 6, 6, 6, 6, 6, 6, 6, 6, 6, 6, 6], [0, 0, 0, 0, 6, 0, 0, 0, 4, 6, 4, 0, 0, 0, 6, 0, 0, 0, 0], [0, 0, 0, 0, 6, 0, 0, 4, 0, 6, 0, 4, 0, 0, 6, 0, 0, 0, 0], [0, 0, 0, 0, 6, 0, 4, 4, 0, 6, 0, 4, 4, 0, 6, 0, 0, 0, 0], [0, 0, 0, 0, 6, 0, 0, 4, 0, 6, 0, 4, 0, 0, 6, 0, 0, 0, 0], [6, 6, 6, 6, 6, 6, 6, 6, 6, 6, 6, 6, 6, 6, 6, 6, 6, 6, 6], [0, 0, 0, 0, 6, 0, 0, 4, 0, 6, 0, 0, 0, 0, 6, 0, 0, 0, 0], [0, 0, 0, 0, 6, 0, 4, 4, 0, 6, 0, 0, 0, 0, 6, 0, 0, 0, 0], [0, 0, 0, 0, 6, 0, 0, 4, 0, 6, 0, 0, 0, 0, 6, 0, 0, 0, 0], [0, 0, 0, 0, 6, 0, 0, 0, 4, 6, 0, 0, 0, 0, 6, 0, 0, 0, 0], [6, 6, 6, 6, 6, 6, 6, 6, 6, 6, 6, 6, 6, 6, 6, 6, 6, 6, 6], [0, 0, 0, 0, 6, 0, 0, 0, 0, 6, 0, 0, 0, 0, 6, 0, 0, 0, 0], [0, 0, 0, 0, 6, 0, 0, 0, 0, 6, 0, 0, 0, 0, 6, 0, 0, 0, 0]], "output": [[0, 0, 0, 0, 6, 0, 0, 0, 0, 6, 0, 0, 0, 0, 6, 0, 0, 0, 0], [0, 0, 0, 0, 6, 0, 0, 0, 0, 6, 0, 0, 0, 0, 6, 0, 0, 0, 0], [0, 0, 0, 0, 6, 0, 0, 0, 0, 6, 0, 0, 0, 0, 6, 0, 0, 0, 0], [0, 0, 0, 0, 6, 0, 0, 0, 0, 6, 0, 0, 0, 0, 6, 0, 0, 0, 0], [6, 6, 6, 6, 6, 6, 6, 6, 6, 6, 6, 6, 6, 6, 6, 6, 6, 6, 6], [0, 0, 0, 0, 6, 0, 0, 0, 4, 6, 4, 0, 0, 0, 6, 0, 0, 0, 0], [0, 0, 0, 0, 6, 0, 0, 4, 0, 6, 0, 4, 0, 0, 6, 0, 0, 0, 0], [0, 0, 0, 0, 6, 0, 4, 4, 0, 6, 0, 4, 4, 0, 6, 0, 0, 0, 0], [0, 0, 0, 0, 6, 0, 0, 4, 0, 6, 0, 4, 0, 0, 6, 0, 0, 0, 0], [6, 6, 6, 6, 6, 6, 6, 6, 6, 6, 6, 6, 6, 6, 6, 6, 6, 6, 6], [0, 0, 0, 0, 6, 0, 0, 4, 0, 6, 0, 4, 0, 0, 6, 0, 0, 0, 0], [0, 0, 0, 0, 6, 0, 4, 4, 0, 6, 0, 4, 4, 0, 6, 0, 0, 0, 0], [0, 0, 0, 0, 6, 0, 0, 4, 0, 6, 0, 4, 0, 0, 6, 0, 0, 0, 0], [0, 0, 0, 0, 6, 0, 0, 0, 4, 6, 4, 0, 0, 0, 6, 0, 0, 0, 0], [6, 6, 6, 6, 6, 6, 6, 6, 6, 6, 6, 6, 6, 6, 6, 6, 6, 6, 6], [0, 0, 0, 0, 6, 0, 0, 0, 0, 6, 0, 0, 0, 0, 6, 0, 0, 0, 0], [0, 0, 0, 0, 6, 0, 0, 0, 0, 6, 0, 0, 0, 0, 6, 0, 0, 0, 0]]}], "test": [{"input": [[0, 0, 0, 0, 0, 8, 0, 0, 0, 0, 0, 8, 0, 0, 0, 0, 0, 8, 0, 0, 0, 0, 0], [0, 0, 0, 0, 0, 8, 0, 0, 0, 0, 0, 8, 0, 0, 0, 0, 0, 8, 0, 0, 0, 0, 0], [0, 0, 2, 0, 0, 8, 0, 0, 2, 0, 0, 8, 0, 0, 0, 0, 0, 8, 0, 0, 0, 0, 0], [0, 0, 2, 2, 2, 8, 2, 2, 2, 0, 0, 8, 0, 0, 0, 0, 0, 8, 0, 0, 0, 0, 0], [0, 0, 0, 2, 0, 8, 0, 2, 0, 0, 0, 8, 0, 0, 0, 0, 0, 8, 0, 0, 0, 0, 0], [8, 8, 8, 8, 8, 8, 8, 8, 8, 8, 8, 8, 8, 8, 8, 8, 8, 8, 8, 8, 8, 8, 8], [0, 0, 0, 2, 0, 8, 0, 0, 0, 0, 0, 8, 0, 0, 0, 0, 0, 8, 0, 0, 0, 0, 0], [0, 0, 2, 2, 2, 8, 0, 0, 0, 0, 0, 8, 0, 0, 0, 0, 0, 8, 0, 0, 0, 0, 0], [0, 0, 2, 0, 0, 8, 0, 0, 0, 0, 0, 8, 0, 0, 1, 1, 0, 8, 0, 0, 0, 0, 0], [0, 0, 0, 0, 0, 8, 0, 0, 0, 0, 0, 8, 0, 0, 1, 0, 1, 8, 0, 0, 0, 0, 0], [0, 0, 0, 0, 0, 8, 0, 0, 0, 0, 0, 8, 0, 0, 0, 1, 0, 8, 0, 0, 0, 0, 0], [8, 8, 8, 8, 8, 8, 8, 8, 8, 8, 8, 8, 8, 8, 8, 8, 8, 8, 8, 8, 8, 8, 8], [0, 0, 0, 0, 0, 8, 0, 0, 0, 0, 0, 8, 0, 0, 0, 1, 0, 8, 0, 1, 0, 0, 0], [0, 0, 0, 0, 0, 8, 0, 0, 0, 0, 0, 8, 0, 0, 1, 0, 1, 8, 1, 0, 1, 0, 0], [0, 0, 0, 0, 0, 8, 0, 0, 0, 0, 0, 8, 0, 0, 1, 1, 0, 8, 0, 1, 1, 0, 0], [0, 0, 4, 4, 4, 8, 4, 4, 4, 0, 0, 8, 0, 0, 0, 0, 0, 8, 0, 0, 0, 0, 0], [0, 0, 0, 4, 0, 8, 0, 4, 0, 0, 0, 8, 0, 0, 0, 0, 0, 8, 0, 0, 0, 0, 0], [8, 8, 8, 8, 8, 8, 8, 8, 8, 8, 8, 8, 8, 8, 8, 8, 8, 8, 8, 8, 8, 8, 8], [0, 0, 0, 0, 0, 8, 0, 4, 0, 0, 0, 8, 0, 0, 0, 0, 0, 8, 0, 0, 0, 0, 0], [0, 0, 0, 0, 0, 8, 4, 4, 4, 0, 0, 8, 0, 0, 0, 0, 0, 8, 0, 0, 0, 0, 0], [0, 0, 0, 0, 0, 8, 0, 0, 0, 0, 0, 8, 0, 0, 0, 0, 0, 8, 0, 0, 0, 0, 0], [0, 0, 0, 0, 0, 8, 0, 0, 0, 0, 0, 8, 0, 0, 0, 0, 0, 8, 0, 0, 0, 0, 0], [0, 0, 0, 0, 0, 8, 0, 0, 0, 0, 0, 8, 0, 0, 0, 0, 0, 8, 0, 0, 0, 0, 0], [8, 8, 8, 8, 8, 8, 8, 8, 8, 8, 8, 8, 8, 8, 8, 8, 8, 8, 8, 8, 8, 8, 8], [0, 0, 0, 0, 0, 8, 0, 0, 0, 0, 0, 8, 0, 0, 0, 0, 0, 8, 0, 0, 0, 0, 0], [0, 0, 0, 0, 0, 8, 0, 0, 0, 0, 0, 8, 0, 0, 0, 0, 0, 8, 0, 0, 0, 0, 0]], "output": [[0, 0, 0, 0, 0, 8, 0, 0, 0, 0, 0, 8, 0, 0, 0, 0, 0, 8, 0, 0, 0, 0, 0], [0, 0, 0, 0, 0, 8, 0, 0, 0, 0, 0, 8, 0, 0, 0, 0, 0, 8, 0, 0, 0, 0, 0], [0, 0, 2, 0, 0, 8, 0, 0, 2, 0, 0, 8, 0, 0, 0, 0, 0, 8, 0, 0, 0, 0, 0], [0, 0, 2, 2, 2, 8, 2, 2, 2, 0, 0, 8, 0, 0, 0, 0, 0, 8, 0, 0, 0, 0, 0], [0, 0, 0, 2, 0, 8, 0, 2, 0, 0, 0, 8, 0, 0, 0, 0, 0, 8, 0, 0, 0, 0, 0], [8, 8, 8, 8, 8, 8, 8, 8, 8, 8, 8, 8, 8, 8, 8, 8, 8, 8, 8, 8, 8, 8, 8], [0, 0, 0, 2, 0, 8, 0, 2, 0, 0, 0, 8, 0, 0, 0, 0, 0, 8, 0, 0, 0, 0, 0], [0, 0, 2, 2, 2, 8, 2, 2, 2, 0, 0, 8, 0, 0, 0, 0, 0, 8, 0, 0, 0, 0, 0], [0, 0, 2, 0, 0, 8, 0, 0, 2, 0, 0, 8, 0, 0, 1, 1, 0, 8, 0, 1, 1, 0, 0], [0, 0, 0, 0, 0, 8, 0, 0, 0, 0, 0, 8, 0, 0, 1, 0, 1, 8, 1, 0, 1, 0, 0], [0, 0, 0, 0, 0, 8, 0, 0, 0, 0, 0, 8, 0, 0, 0, 1, 0, 8, 0, 1, 0, 0, 0], [8, 8, 8, 8, 8, 8, 8, 8, 8, 8, 8, 8, 8, 8, 8, 8, 8, 8, 8, 8, 8, 8, 8], [0, 0, 0, 0, 0, 8, 0, 0, 0, 0, 0, 8, 0, 0, 0, 1, 0, 8, 0, 1, 0, 0, 0], [0, 0, 0, 0, 0, 8, 0, 0, 0, 0, 0, 8, 0, 0, 1, 0, 1, 8, 1, 0, 1, 0, 0], [0, 0, 0, 0, 0, 8, 0, 0, 0, 0, 0, 8, 0, 0, 1, 1, 0, 8, 0, 1, 1, 0, 0], [0, 0, 4, 4, 4, 8, 4, 4, 4, 0, 0, 8, 0, 0, 0, 0, 0, 8, 0, 0, 0, 0, 0], [0, 0, 0, 4, 0, 8, 0, 4, 0, 0, 0, 8, 0, 0, 0, 0, 0, 8, 0, 0, 0, 0, 0], [8, 8, 8, 8, 8, 8, 8, 8, 8, 8, 8, 8, 8, 8, 8, 8, 8, 8, 8, 8, 8, 8, 8], [0, 0, 0, 4, 0, 8, 0, 4, 0, 0, 0, 8, 0, 0, 0, 0, 0, 8, 0, 0, 0, 0, 0], [0, 0, 4, 4, 4, 8, 4, 4, 4, 0, 0, 8, 0, 0, 0, 0, 0, 8, 0, 0, 0, 0, 0], [0, 0, 0, 0, 0, 8, 0, 0, 0, 0, 0, 8, 0, 0, 0, 0, 0, 8, 0, 0, 0, 0, 0], [0, 0, 0, 0, 0, 8, 0, 0, 0, 0, 0, 8, 0, 0, 0, 0, 0, 8, 0, 0, 0, 0, 0], [0, 0, 0, 0, 0, 8, 0, 0, 0, 0, 0, 8, 0, 0, 0, 0, 0, 8, 0, 0, 0, 0, 0], [8, 8, 8, 8, 8, 8, 8, 8, 8, 8, 8, 8, 8, 8, 8, 8, 8, 8, 8, 8, 8, 8, 8], [0, 0, 0, 0, 0, 8, 0, 0, 0, 0, 0, 8, 0, 0, 0, 0, 0, 8, 0, 0, 0, 0, 0], [0, 0, 0, 0, 0, 8, 0, 0, 0, 0, 0, 8, 0, 0, 0, 0, 0, 8, 0, 0, 0, 0, 0]]}]}