{"train": [{"input": [[7, 7, 7, 7, 7, 6, 7, 7, 7, 7, 7, 6, 7, 7, 7, 7, 7], [7, 7, 1, 7, 7, 6, 7, 7, 7, 7, 7, 6, 7, 7, 7, 7, 7], [7, 1, 1, 1, 7, 6, 7, 7, 5, 7, 7, 6, 7, 7, 7, 7, 7], [7, 7, 7, 7, 7, 6, 7, 7, 7, 7, 7, 6, 7, 1, 1, 1, 7], [7, 7, 7, 7, 7, 6, 7, 7, 7, 7, 7, 6, 7, 7, 7, 7, 7]], "output": [[7, 7, 7, 7, 7], [7, 1, 1, 1, 7], [7, 7, 5, 7, 7], [7, 7, 1, 7, 7], [7, 1, 1, 1, 7]]}, {"input": [[1, 1, 1, 1, 1, 6, 7, 7, 7, 7, 7, 6, 7, 7, 7, 7, 7], [1, 7, 7, 7, 1, 6, 7, 7, 5, 5, 7, 6, 7, 7, 7, 7, 7], [1, 1, 1, 1, 1, 6, 7, 7, 7, 7, 7, 6, 7, 7, 7, 7, 7], [7, 7, 7, 7, 7, 6, 7, 7, 7, 7, 7, 6, 7, 7, 7, 7, 7], [7, 7, 7, 7, 7, 6, 7, 7, 7, 7, 7, 6, 7, 1, 1, 7, 7]], "output": [[7, 1, 1, 7, 7], [7, 7, 5, 5, 7], [1, 1, 1, 1, 1], [1, 7, 7, 7, 1], [1, 1, 1, 1, 1]]}, {"input": [[7, 7, 7, 7, 7, 6, 7, 7, 7, 7, 7, 6, 7, 7, 7, 7, 7], [7, 7, 7, 7, 7, 6, 7, 5, 5, 5, 5, 6, 7, 7, 7, 7, 7], [7, 7, 7, 7, 7, 6, 7, 7, 7, 7, 7, 6, 7, 1, 1, 1, 7], [1, 1, 1, 1, 1, 6, 7, 7, 7, 7, 7, 6, 7, 7, 7, 7, 7], [7, 7, 7, 7, 7, 6, 7, 7, 7, 7, 7, 6, 7, 7, 7, 7, 7]], "output": [[7, 7, 7, 7, 7], [7, 7, 7, 7, 7], [7, 1, 1, 1, 7], [7, 5, 5, 5, 5], [1, 1, 1, 1, 1]]}, {"input": [[7, 7, 7, 7, 7, 6, 7, 7, 7, 7, 7, 6, 7, 7, 7, 7, 7], [7, 5, 5, 5, 7, 6, 7, 7, 7, 7, 7, 6, 7, 7, 7, 5, 7], [7, 5, 7, 5, 7, 6, 7, 7, 1, 1, 7, 6, 7, 7, 7, 7, 7], [7, 5, 5, 5, 7, 6, 7, 7, 7, 7, 7, 6, 7, 7, 7, 7, 7], [7, 7, 7, 7, 7, 6, 7, 7, 7, 7, 7, 6, 7, 7, 7, 7, 7]], "output": [[7, 7, 7, 5, 7], [7, 7, 1, 1, 7], [7, 5, 5, 5, 7], [7, 5, 7, 5, 7], [7, 5, 5, 5, 7]]}, {"input": [[7, 7, 7, 7, 7, 6, 7, 7, 7, 7, 7, 6, 7, 7, 7, 7, 7], [7, 7, 7, 7, 7, 6, 7, 7, 1, 7, 7, 6, 7, 7, 7, 7, 7], [7, 5, 5, 5, 7, 6, 7, 1, 1, 1, 7, 6, 7, 7, 5, 7, 7], [7, 7, 7, 7, 7, 6, 7, 7, 1, 7, 7, 6, 7, 7, 7, 7, 7], [7, 7, 7, 7, 7, 6, 7, 7, 7, 7, 7, 6, 7, 7, 7, 7, 7]], "output": [[7, 7, 5, 7, 7], [7, 7, 1, 7, 7], [7, 1, 1, 1, 7], [7, 7, 1, 7, 7], [7, 5, 5, 5, 7]]}], "test": [{"input": [[7, 7, 7, 7, 7, 6, 7, 7, 7, 7, 7, 6, 7, 7, 7, 7, 7], [7, 7, 7, 7, 7, 6, 7, 7, 7, 7, 7, 6, 7, 7, 7, 7, 7], [7, 7, 7, 7, 7, 6, 7, 7, 5, 5, 7, 6, 7, 7, 7, 7, 7], [7, 1, 1, 7, 7, 6, 7, 7, 5, 5, 7, 6, 7, 7, 7, 1, 7], [7, 1, 1, 7, 7, 6, 7, 7, 7, 7, 7, 6, 7, 7, 7, 7, 7]], "output": [[7, 7, 7, 1, 7], [7, 7, 5, 5, 7], [7, 7, 5, 5, 7], [7, 1, 1, 7, 7], [7, 1, 1, 7, 7]]}, {"input": [[7, 7, 7, 7, 7, 6, 7, 7, 7, 7, 7, 6, 7, 7, 7, 7, 7], [7, 7, 7, 7, 7, 6, 7, 7, 7, 7, 7, 6, 7, 7, 7, 7, 7], [7, 5, 7, 7, 7, 6, 7, 7, 7, 7, 7, 6, 7, 7, 7, 7, 7], [5, 5, 5, 7, 7, 6, 7, 7, 7, 7, 7, 6, 7, 7, 7, 7, 7], [7, 5, 7, 7, 7, 6, 7, 1, 7, 7, 7, 6, 5, 5, 5, 5, 5]], "output": [[5, 5, 5, 5, 5], [7, 1, 7, 7, 7], [7, 5, 7, 7, 7], [5, 5, 5, 7, 7], [7, 5, 7, 7, 7]]}]}