{"train": [{"input": [[7, 7, 7, 7, 7, 7, 7, 7, 7], [7, 7, 7, 7, 7, 6, 7, 7, 7], [7, 7, 7, 7, 7, 6, 7, 7, 7], [7, 7, 7, 7, 7, 6, 7, 7, 7], [7, 7, 7, 7, 7, 6, 7, 7, 7], [7, 7, 7, 7, 7, 6, 7, 7, 7], [7, 7, 7, 8, 7, 6, 7, 1, 7], [7, 9, 7, 8, 7, 6, 7, 1, 7], [7, 9, 7, 8, 7, 6, 7, 1, 7]], "output": [[7, 7, 7, 7, 7, 7, 7, 7, 7], [7, 7, 7, 9, 7, 7, 7, 7, 7], [7, 7, 7, 9, 7, 7, 7, 7, 7], [7, 7, 7, 9, 7, 7, 7, 7, 7], [7, 7, 7, 9, 7, 7, 7, 7, 7], [7, 7, 7, 9, 7, 7, 7, 7, 7], [7, 1, 7, 9, 7, 8, 7, 7, 7], [7, 1, 7, 9, 7, 8, 7, 6, 7], [7, 1, 7, 9, 7, 8, 7, 6, 7]]}, {"input": [[7, 7, 7, 7, 7, 7, 7], [7, 2, 7, 7, 7, 7, 7], [7, 2, 7, 7, 7, 7, 7], [7, 2, 7, 7, 7, 5, 7], [7, 2, 7, 8, 7, 5, 7], [7, 2, 7, 8, 7, 5, 7], [7, 2, 7, 8, 7, 5, 7]], "output": [[7, 7, 7, 7, 7, 7, 7], [7, 7, 7, 7, 7, 8, 7], [7, 7, 7, 7, 7, 8, 7], [7, 7, 7, 2, 7, 8, 7], [7, 5, 7, 2, 7, 8, 7], [7, 5, 7, 2, 7, 8, 7], [7, 5, 7, 2, 7, 8, 7]]}, {"input": [[7, 7, 7, 7, 7, 7, 7, 7, 7, 7, 7], [7, 7, 7, 7, 7, 7, 7, 7, 7, 7, 7], [7, 7, 7, 7, 7, 7, 7, 7, 7, 7, 7], [7, 7, 7, 7, 7, 7, 7, 4, 7, 7, 7], [7, 7, 7, 7, 7, 7, 7, 4, 7, 7, 7], [7, 7, 7, 7, 7, 7, 7, 4, 7, 8, 7], [7, 7, 7, 2, 7, 7, 7, 4, 7, 8, 7], [7, 1, 7, 2, 7, 7, 7, 4, 7, 8, 7], [7, 1, 7, 2, 7, 5, 7, 4, 7, 8, 7], [7, 1, 7, 2, 7, 5, 7, 4, 7, 8, 7], [7, 1, 7, 2, 7, 5, 7, 4, 7, 8, 7]], "output": [[7, 7, 7, 7, 7, 7, 7, 7, 7, 7, 7], [7, 7, 7, 7, 7, 7, 7, 7, 7, 7, 7], [7, 7, 7, 7, 7, 7, 7, 7, 7, 7, 7], [7, 7, 7, 7, 7, 2, 7, 7, 7, 7, 7], [7, 7, 7, 7, 7, 2, 7, 7, 7, 7, 7], [7, 7, 7, 7, 7, 2, 7, 5, 7, 7, 7], [7, 8, 7, 7, 7, 2, 7, 5, 7, 7, 7], [7, 8, 7, 7, 7, 2, 7, 5, 7, 4, 7], [7, 8, 7, 1, 7, 2, 7, 5, 7, 4, 7], [7, 8, 7, 1, 7, 2, 7, 5, 7, 4, 7], [7, 8, 7, 1, 7, 2, 7, 5, 7, 4, 7]]}], "test": [{"input": [[7, 7, 7, 7, 7, 7, 7, 7, 7, 7, 7], [7, 0, 7, 7, 7, 7, 7, 7, 7, 7, 7], [7, 0, 7, 7, 7, 7, 7, 7, 7, 7, 7], [7, 0, 7, 7, 7, 7, 7, 7, 7, 7, 7], [7, 0, 7, 7, 7, 7, 7, 7, 7, 7, 7], [7, 0, 7, 7, 7, 7, 7, 7, 7, 7, 7], [7, 0, 7, 7, 7, 7, 7, 7, 7, 6, 7], [7, 0, 7, 7, 7, 8, 7, 9, 7, 6, 7], [7, 0, 7, 7, 7, 8, 7, 9, 7, 6, 7], [7, 0, 7, 7, 7, 8, 7, 9, 7, 6, 7], [7, 0, 7, 2, 7, 8, 7, 9, 7, 6, 7]], "output": [[7, 7, 7, 7, 7, 7, 7, 7, 7, 7, 7], [7, 7, 7, 7, 7, 7, 7, 7, 7, 9, 7], [7, 7, 7, 7, 7, 7, 7, 7, 7, 9, 7], [7, 7, 7, 7, 7, 7, 7, 7, 7, 9, 7], [7, 7, 7, 7, 7, 7, 7, 7, 7, 9, 7], [7, 7, 7, 7, 7, 7, 7, 7, 7, 9, 7], [7, 7, 7, 7, 7, 7, 7, 8, 7, 9, 7], [7, 7, 7, 0, 7, 2, 7, 8, 7, 9, 7], [7, 7, 7, 0, 7, 2, 7, 8, 7, 9, 7], [7, 7, 7, 0, 7, 2, 7, 8, 7, 9, 7], [7, 6, 7, 0, 7, 2, 7, 8, 7, 9, 7]]}]}