{"train": [{"input": [[0, 0, 0, 0, 0, 0, 0, 0, 4, 4, 0, 0, 0, 2, 2, 0], [0, 0, 0, 2, 2, 2, 0, 0, 4, 4, 0, 0, 0, 2, 2, 0], [0, 0, 0, 2, 2, 2, 0, 0, 0, 0, 0, 0, 0, 0, 0, 0], [0, 0, 0, 2, 2, 2, 0, 0, 0, 0, 2, 2, 2, 0, 0, 0], [0, 0, 0, 0, 0, 0, 0, 0, 0, 0, 2, 2, 2, 0, 0, 0], [0, 0, 0, 0, 0, 0, 3, 3, 0, 0, 2, 2, 2, 0, 0, 0], [8, 8, 8, 8, 0, 0, 3, 3, 0, 0, 0, 0, 0, 0, 0, 0], [8, 8, 8, 8, 0, 0, 0, 0, 0, 0, 0, 0, 2, 2, 2, 2], [8, 8, 8, 8, 0, 0, 0, 3, 3, 3, 0, 0, 2, 2, 2, 2], [8, 8, 8, 8, 0, 0, 0, 3, 3, 3, 0, 0, 2, 2, 2, 2], [0, 0, 0, 0, 0, 0, 0, 3, 3, 3, 0, 0, 2, 2, 2, 2], [0, 0, 0, 8, 8, 0, 0, 0, 0, 0, 0, 0, 0, 0, 0, 0], [0, 0, 0, 8, 8, 0, 0, 0, 0, 0, 0, 0, 0, 0, 0, 0], [0, 0, 0, 0, 0, 0, 0, 0, 0, 0, 0, 0, 3, 3, 0, 0], [0, 0, 0, 0, 0, 0, 0, 0, 0, 0, 0, 0, 3, 3, 0, 0], [0, 0, 0, 0, 0, 0, 0, 0, 0, 0, 0, 0, 0, 0, 0, 0]], "output": [[2, 2, 2, 2], [0, 3, 3, 3], [0, 0, 8, 8], [0, 0, 0, 4]]}, {"input": [[8, 8, 8, 8, 8, 0, 0, 0, 0, 0, 0, 0, 0, 0, 0, 0], [8, 8, 8, 8, 8, 0, 0, 0, 0, 0, 0, 0, 0, 0, 0, 0], [8, 8, 8, 8, 8, 0, 0, 0, 8, 8, 8, 8, 0, 0, 0, 0], [8, 8, 8, 8, 8, 0, 0, 0, 8, 8, 8, 8, 0, 0, 0, 0], [8, 8, 8, 8, 8, 0, 0, 0, 8, 8, 8, 8, 0, 0, 0, 0], [0, 0, 0, 0, 0, 0, 0, 0, 8, 8, 8, 8, 0, 0, 0, 0], [0, 0, 0, 0, 0, 0, 0, 0, 0, 0, 0, 0, 0, 0, 0, 0], [0, 0, 0, 0, 0, 8, 8, 8, 8, 0, 0, 1, 1, 0, 0, 0], [0, 0, 0, 0, 0, 8, 8, 8, 8, 0, 0, 1, 1, 0, 0, 0], [0, 0, 0, 0, 0, 8, 8, 8, 8, 0, 0, 0, 0, 0, 0, 0], [0, 0, 0, 0, 0, 8, 8, 8, 8, 0, 0, 0, 0, 0, 0, 0], [0, 2, 2, 0, 0, 0, 0, 0, 0, 0, 0, 0, 0, 0, 0, 0], [0, 2, 2, 0, 0, 0, 0, 2, 2, 2, 0, 0, 0, 0, 0, 0], [0, 0, 0, 0, 0, 0, 0, 2, 2, 2, 0, 0, 0, 0, 0, 0], [0, 0, 0, 0, 0, 0, 0, 2, 2, 2, 0, 0, 0, 0, 0, 0], [0, 0, 0, 0, 0, 0, 0, 0, 0, 0, 0, 0, 0, 0, 0, 0]], "output": [[8, 8, 8], [0, 2, 2], [0, 0, 1]]}, {"input": [[0, 0, 0, 0, 0, 0, 0, 0, 8, 8, 0, 8, 8, 8, 0, 0], [0, 1, 1, 0, 0, 0, 0, 0, 8, 8, 0, 8, 8, 8, 0, 0], [0, 1, 1, 0, 1, 1, 1, 0, 0, 0, 0, 8, 8, 8, 0, 0], [0, 0, 0, 0, 1, 1, 1, 0, 0, 0, 0, 0, 0, 0, 0, 0], [0, 0, 0, 0, 1, 1, 1, 0, 0, 0, 0, 0, 0, 8, 8, 0], [0, 0, 0, 0, 0, 0, 0, 0, 0, 0, 0, 0, 0, 8, 8, 0], [0, 0, 0, 0, 0, 0, 0, 3, 3, 3, 0, 0, 0, 0, 0, 0], [2, 2, 2, 0, 0, 0, 0, 3, 3, 3, 0, 1, 1, 1, 1, 1], [2, 2, 2, 0, 0, 0, 0, 3, 3, 3, 0, 1, 1, 1, 1, 1], [2, 2, 2, 0, 0, 0, 0, 0, 0, 0, 0, 1, 1, 1, 1, 1], [0, 0, 0, 0, 0, 0, 0, 0, 0, 0, 0, 1, 1, 1, 1, 1], [0, 0, 0, 0, 1, 1, 1, 1, 0, 0, 0, 1, 1, 1, 1, 1], [1, 1, 0, 0, 1, 1, 1, 1, 0, 0, 0, 0, 0, 0, 0, 0], [1, 1, 0, 0, 1, 1, 1, 1, 0, 2, 2, 2, 0, 0, 0, 0], [0, 0, 0, 0, 1, 1, 1, 1, 0, 2, 2, 2, 0, 0, 0, 0], [0, 0, 0, 0, 0, 0, 0, 0, 0, 2, 2, 2, 0, 0, 0, 0]], "output": [[1, 1, 1, 1, 1], [0, 0, 8, 8, 8], [0, 0, 0, 2, 2], [0, 0, 0, 0, 3]]}], "test": [{"input": [[0, 0, 0, 0, 0, 0, 8, 8, 0, 0, 0, 0, 0, 0, 0, 0], [0, 3, 3, 3, 0, 0, 8, 8, 0, 0, 0, 0, 0, 0, 0, 0], [0, 3, 3, 3, 0, 0, 0, 0, 0, 0, 3, 3, 0, 0, 8, 8], [0, 3, 3, 3, 0, 0, 0, 0, 0, 0, 3, 3, 0, 0, 8, 8], [0, 0, 0, 0, 0, 0, 0, 0, 0, 0, 0, 0, 0, 0, 0, 0], [0, 0, 0, 0, 4, 4, 4, 0, 0, 0, 0, 0, 0, 0, 0, 0], [0, 0, 0, 0, 4, 4, 4, 0, 0, 4, 4, 0, 0, 0, 0, 0], [0, 0, 0, 0, 4, 4, 4, 0, 0, 4, 4, 0, 0, 0, 3, 3], [0, 0, 0, 0, 0, 0, 0, 0, 0, 0, 0, 0, 0, 0, 3, 3], [0, 0, 0, 0, 0, 4, 4, 4, 0, 0, 0, 0, 0, 0, 0, 0], [0, 0, 0, 0, 0, 4, 4, 4, 0, 0, 0, 0, 0, 0, 0, 0], [0, 3, 3, 0, 0, 4, 4, 4, 0, 3, 3, 3, 3, 0, 0, 0], [0, 3, 3, 0, 0, 0, 0, 0, 0, 3, 3, 3, 3, 0, 0, 0], [0, 0, 0, 0, 4, 4, 0, 0, 0, 3, 3, 3, 3, 0, 0, 0], [0, 0, 0, 0, 4, 4, 0, 0, 0, 3, 3, 3, 3, 0, 0, 0], [0, 0, 0, 0, 0, 0, 0, 0, 0, 0, 0, 0, 0, 0, 0, 0]], "output": [[3, 3, 3, 3, 3], [0, 4, 4, 4, 4], [0, 0, 0, 8, 8]]}]}