{"train": [{"input": [[4, 5, 4], [2, 2, 5], [5, 5, 4]], "output": [[0, 0, 0, 4, 5, 4, 0, 0, 0], [0, 0, 0, 2, 2, 5, 0, 0, 0], [0, 0, 0, 5, 5, 4, 0, 0, 0], [0, 0, 0, 0, 0, 0, 4, 5, 4], [0, 0, 0, 0, 0, 0, 2, 2, 5], [0, 0, 0, 0, 0, 0, 5, 5, 4], [4, 5, 4, 4, 5, 4, 0, 0, 0], [2, 2, 5, 2, 2, 5, 0, 0, 0], [5, 5, 4, 5, 5, 4, 0, 0, 0]]}, {"input": [[7, 7, 1], [4, 7, 1], [3, 3, 7]], "output": [[7, 7, 1, 7, 7, 1, 0, 0, 0], [4, 7, 1, 4, 7, 1, 0, 0, 0], [3, 3, 7, 3, 3, 7, 0, 0, 0], [0, 0, 0, 7, 7, 1, 0, 0, 0], [0, 0, 0, 4, 7, 1, 0, 0, 0], [0, 0, 0, 3, 3, 7, 0, 0, 0], [0, 0, 0, 0, 0, 0, 7, 7, 1], [0, 0, 0, 0, 0, 0, 4, 7, 1], [0, 0, 0, 0, 0, 0, 3, 3, 7]]}, {"input": [[1, 2, 3], [9, 9, 1], [2, 9, 4]], "output": [[0, 0, 0, 0, 0, 0, 0, 0, 0], [0, 0, 0, 0, 0, 0, 0, 0, 0], [0, 0, 0, 0, 0, 0, 0, 0, 0], [1, 2, 3, 1, 2, 3, 0, 0, 0], [9, 9, 1, 9, 9, 1, 0, 0, 0], [2, 9, 4, 2, 9, 4, 0, 0, 0], [0, 0, 0, 1, 2, 3, 0, 0, 0], [0, 0, 0, 9, 9, 1, 0, 0, 0], [0, 0, 0, 2, 9, 4, 0, 0, 0]]}, {"input": [[8, 8, 1], [8, 6, 1], [4, 9, 6]], "output": [[8, 8, 1, 8, 8, 1, 0, 0, 0], [8, 6, 1, 8, 6, 1, 0, 0, 0], [4, 9, 6, 4, 9, 6, 0, 0, 0], [8, 8, 1, 0, 0, 0, 0, 0, 0], [8, 6, 1, 0, 0, 0, 0, 0, 0], [4, 9, 6, 0, 0, 0, 0, 0, 0], [0, 0, 0, 0, 0, 0, 0, 0, 0], [0, 0, 0, 0, 0, 0, 0, 0, 0], [0, 0, 0, 0, 0, 0, 0, 0, 0]]}], "test": [{"input": [[9, 6, 7], [8, 7, 7], [2, 8, 7]], "output": [[0, 0, 0, 0, 0, 0, 9, 6, 7], [0, 0, 0, 0, 0, 0, 8, 7, 7], [0, 0, 0, 0, 0, 0, 2, 8, 7], [0, 0, 0, 9, 6, 7, 9, 6, 7], [0, 0, 0, 8, 7, 7, 8, 7, 7], [0, 0, 0, 2, 8, 7, 2, 8, 7], [0, 0, 0, 0, 0, 0, 9, 6, 7], [0, 0, 0, 0, 0, 0, 8, 7, 7], [0, 0, 0, 0, 0, 0, 2, 8, 7]]}]}