{"train": [{"input": [[0, 0, 0, 5, 0, 2, 0, 5, 2, 0, 0], [2, 0, 0, 5, 0, 0, 0, 5, 0, 0, 2], [0, 0, 0, 5, 0, 0, 0, 5, 0, 0, 0], [5, 5, 5, 5, 5, 5, 5, 5, 5, 5, 5], [2, 0, 0, 5, 0, 0, 0, 5, 0, 0, 0], [2, 0, 0, 5, 0, 0, 2, 5, 0, 0, 0], [0, 0, 0, 5, 0, 0, 0, 5, 0, 2, 0], [5, 5, 5, 5, 5, 5, 5, 5, 5, 5, 5], [0, 0, 0, 5, 0, 0, 0, 5, 0, 0, 0], [2, 0, 0, 5, 0, 0, 2, 5, 0, 0, 2], [0, 0, 0, 5, 0, 0, 0, 5, 0, 0, 0]], "output": [[0, 0, 0, 5, 0, 0, 0, 5, 2, 2, 2], [0, 0, 0, 5, 0, 0, 0, 5, 2, 2, 2], [0, 0, 0, 5, 0, 0, 0, 5, 2, 2, 2], [5, 5, 5, 5, 5, 5, 5, 5, 5, 5, 5], [2, 2, 2, 5, 0, 0, 0, 5, 0, 0, 0], [2, 2, 2, 5, 0, 0, 0, 5, 0, 0, 0], [2, 2, 2, 5, 0, 0, 0, 5, 0, 0, 0], [5, 5, 5, 5, 5, 5, 5, 5, 5, 5, 5], [0, 0, 0, 5, 0, 0, 0, 5, 0, 0, 0], [0, 0, 0, 5, 0, 0, 0, 5, 0, 0, 0], [0, 0, 0, 5, 0, 0, 0, 5, 0, 0, 0]]}, {"input": [[0, 0, 0, 5, 0, 0, 0, 5, 0, 0, 0], [1, 0, 0, 5, 0, 0, 0, 5, 0, 1, 0], [0, 0, 0, 5, 0, 0, 1, 5, 0, 0, 0], [5, 5, 5, 5, 5, 5, 5, 5, 5, 5, 5], [0, 0, 0, 5, 0, 0, 1, 5, 0, 0, 0], [0, 0, 0, 5, 0, 0, 0, 5, 0, 1, 0], [0, 0, 0, 5, 0, 0, 0, 5, 0, 0, 0], [5, 5, 5, 5, 5, 5, 5, 5, 5, 5, 5], [0, 0, 0, 5, 0, 0, 0, 5, 1, 0, 0], [0, 1, 0, 5, 0, 0, 0, 5, 0, 0, 1], [0, 0, 0, 5, 0, 0, 0, 5, 0, 0, 0]], "output": [[0, 0, 0, 5, 0, 0, 0, 5, 0, 0, 0], [0, 0, 0, 5, 0, 0, 0, 5, 0, 0, 0], [0, 0, 0, 5, 0, 0, 0, 5, 0, 0, 0], [5, 5, 5, 5, 5, 5, 5, 5, 5, 5, 5], [0, 0, 0, 5, 0, 0, 0, 5, 0, 0, 0], [0, 0, 0, 5, 0, 0, 0, 5, 0, 0, 0], [0, 0, 0, 5, 0, 0, 0, 5, 0, 0, 0], [5, 5, 5, 5, 5, 5, 5, 5, 5, 5, 5], [0, 0, 0, 5, 0, 0, 0, 5, 1, 1, 1], [0, 0, 0, 5, 0, 0, 0, 5, 1, 1, 1], [0, 0, 0, 5, 0, 0, 0, 5, 1, 1, 1]]}, {"input": [[3, 3, 0, 5, 0, 0, 0, 5, 0, 0, 0], [0, 0, 0, 5, 0, 0, 0, 5, 0, 3, 0], [0, 0, 0, 5, 0, 0, 0, 5, 0, 0, 0], [5, 5, 5, 5, 5, 5, 5, 5, 5, 5, 5], [0, 0, 0, 5, 0, 0, 0, 5, 0, 0, 0], [0, 3, 0, 5, 0, 3, 0, 5, 0, 0, 0], [0, 0, 0, 5, 3, 0, 0, 5, 0, 0, 0], [5, 5, 5, 5, 5, 5, 5, 5, 5, 5, 5], [0, 0, 0, 5, 0, 0, 0, 5, 0, 0, 0], [0, 3, 0, 5, 3, 0, 0, 5, 3, 3, 0], [0, 0, 0, 5, 0, 0, 0, 5, 0, 0, 3]], "output": [[0, 0, 0, 5, 0, 0, 0, 5, 0, 0, 0], [0, 0, 0, 5, 0, 0, 0, 5, 0, 0, 0], [0, 0, 0, 5, 0, 0, 0, 5, 0, 0, 0], [5, 5, 5, 5, 5, 5, 5, 5, 5, 5, 5], [0, 0, 0, 5, 0, 0, 0, 5, 0, 0, 0], [0, 0, 0, 5, 0, 0, 0, 5, 0, 0, 0], [0, 0, 0, 5, 0, 0, 0, 5, 0, 0, 0], [5, 5, 5, 5, 5, 5, 5, 5, 5, 5, 5], [0, 0, 0, 5, 0, 0, 0, 5, 3, 3, 3], [0, 0, 0, 5, 0, 0, 0, 5, 3, 3, 3], [0, 0, 0, 5, 0, 0, 0, 5, 3, 3, 3]]}], "test": [{"input": [[4, 4, 0, 5, 0, 0, 0, 5, 0, 0, 0], [0, 4, 0, 5, 0, 0, 4, 5, 4, 4, 0], [4, 0, 0, 5, 0, 0, 0, 5, 0, 4, 0], [5, 5, 5, 5, 5, 5, 5, 5, 5, 5, 5], [0, 0, 0, 5, 0, 0, 0, 5, 0, 4, 0], [4, 0, 0, 5, 0, 4, 0, 5, 4, 0, 4], [0, 0, 0, 5, 0, 0, 0, 5, 0, 0, 0], [5, 5, 5, 5, 5, 5, 5, 5, 5, 5, 5], [0, 0, 0, 5, 0, 4, 0, 5, 0, 0, 4], [4, 0, 0, 5, 0, 0, 4, 5, 0, 4, 0], [0, 0, 0, 5, 4, 4, 0, 5, 0, 0, 0]], "output": [[4, 4, 4, 5, 0, 0, 0, 5, 0, 0, 0], [4, 4, 4, 5, 0, 0, 0, 5, 0, 0, 0], [4, 4, 4, 5, 0, 0, 0, 5, 0, 0, 0], [5, 5, 5, 5, 5, 5, 5, 5, 5, 5, 5], [0, 0, 0, 5, 0, 0, 0, 5, 0, 0, 0], [0, 0, 0, 5, 0, 0, 0, 5, 0, 0, 0], [0, 0, 0, 5, 0, 0, 0, 5, 0, 0, 0], [5, 5, 5, 5, 5, 5, 5, 5, 5, 5, 5], [0, 0, 0, 5, 4, 4, 4, 5, 0, 0, 0], [0, 0, 0, 5, 4, 4, 4, 5, 0, 0, 0], [0, 0, 0, 5, 4, 4, 4, 5, 0, 0, 0]]}]}