{"train": [{"input": [[7, 7, 4, 7, 6, 7, 0, 7, 7, 7], [7, 5, 1, 3, 7, 7, 7, 7, 9, 1], [7, 2, 3, 7, 2, 7, 7, 7, 7, 7], [7, 8, 9, 7, 8, 7, 0, 7, 2, 8], [5, 9, 7, 1, 7, 5, 6, 8, 7, 8], [7, 2, 7, 0, 7, 7, 7, 1, 7, 6], [7, 7, 7, 7, 7, 7, 7, 7, 7, 4], [7, 7, 8, 7, 7, 4, 0, 7, 7, 5], [6, 7, 7, 7, 1, 2, 7, 7, 0, 4], [7, 7, 7, 7, 7, 2, 1, 7, 6, 7]], "output": [[7, 7, 7, 8, 8, 8, 7, 7, 7, 7], [7, 7, 7, 7, 7, 7, 7, 7, 7, 7], [7, 7, 7, 7, 7, 7, 7, 7, 7, 7], [7, 7, 7, 7, 7, 7, 7, 7, 7, 7], [7, 7, 8, 8, 8, 8, 8, 8, 8, 7], [7, 7, 7, 7, 7, 7, 8, 8, 8, 8], [7, 7, 7, 7, 7, 7, 7, 7, 7, 7], [7, 7, 7, 7, 7, 7, 7, 7, 7, 7], [8, 8, 8, 8, 8, 7, 7, 7, 7, 7], [7, 7, 7, 7, 7, 7, 8, 8, 8, 7]]}, {"input": [[7, 7, 7, 7, 7, 7, 7, 5, 7, 7], [7, 7, 9, 6, 7, 7, 2, 7, 7, 7], [7, 7, 7, 7, 7, 7, 7, 2, 9, 7], [2, 7, 9, 9, 7, 6, 7, 5, 7, 7], [7, 7, 7, 7, 7, 7, 7, 7, 7, 7], [7, 7, 7, 7, 7, 2, 7, 7, 7, 7], [7, 5, 9, 6, 7, 7, 7, 7, 7, 9], [7, 7, 7, 7, 7, 7, 7, 7, 7, 7], [7, 2, 7, 7, 7, 9, 7, 7, 7, 7], [7, 2, 2, 7, 7, 7, 7, 6, 7, 5]], "output": [[7, 7, 7, 7, 7, 7, 7, 7, 7, 7], [7, 7, 8, 8, 8, 7, 7, 7, 7, 7], [7, 7, 7, 7, 7, 7, 7, 7, 7, 7], [7, 7, 8, 8, 8, 8, 8, 7, 7, 7], [7, 7, 7, 7, 7, 7, 7, 7, 7, 7], [7, 7, 7, 7, 7, 7, 7, 7, 7, 7], [7, 8, 8, 8, 8, 7, 7, 7, 7, 7], [7, 7, 7, 7, 7, 7, 7, 7, 7, 7], [7, 7, 7, 7, 7, 7, 7, 7, 7, 7], [7, 7, 7, 7, 7, 8, 8, 8, 8, 7]]}], "test": [{"input": [[0, 5, 7, 4, 7, 5, 1, 3, 7, 7], [7, 7, 7, 4, 4, 6, 5, 2, 7, 7], [4, 6, 2, 8, 7, 7, 8, 7, 0, 3], [1, 7, 7, 5, 3, 7, 6, 3, 7, 7], [0, 9, 7, 7, 7, 3, 7, 7, 7, 7], [7, 9, 3, 0, 7, 0, 5, 5, 3, 7], [7, 1, 7, 1, 7, 5, 5, 8, 7, 6], [7, 7, 7, 3, 3, 2, 7, 0, 9, 2], [7, 7, 0, 7, 6, 0, 7, 7, 1, 7], [1, 7, 4, 7, 1, 2, 7, 7, 1, 7]], "output": [[7, 7, 7, 7, 7, 7, 7, 7, 7, 7], [7, 7, 7, 8, 8, 8, 8, 8, 7, 7], [8, 8, 8, 8, 8, 8, 8, 7, 7, 7], [7, 7, 7, 8, 8, 8, 8, 8, 7, 7], [7, 7, 7, 7, 7, 7, 7, 7, 7, 7], [7, 7, 7, 7, 7, 7, 7, 7, 7, 7], [7, 7, 7, 7, 8, 8, 8, 8, 8, 8], [7, 7, 7, 7, 7, 7, 7, 7, 7, 7], [7, 7, 7, 8, 8, 8, 8, 7, 7, 7], [7, 7, 7, 7, 7, 7, 7, 7, 7, 7]]}]}