{"train": [{"input": [[0, 0, 0, 0, 0, 0, 0, 0, 0, 0, 0, 0, 0, 0, 0, 0, 0, 0, 0, 0, 0, 0, 0, 0], [0, 0, 0, 0, 0, 0, 0, 0, 0, 0, 0, 0, 0, 0, 0, 0, 0, 0, 0, 0, 0, 0, 0, 0], [0, 0, 0, 0, 0, 0, 0, 0, 0, 0, 0, 0, 0, 0, 0, 0, 0, 0, 0, 0, 0, 0, 0, 0], [0, 0, 8, 8, 8, 8, 8, 3, 8, 8, 0, 0, 8, 8, 3, 8, 8, 3, 8, 8, 0, 0, 0, 0], [0, 0, 8, 3, 8, 8, 8, 8, 8, 8, 0, 0, 8, 3, 3, 3, 8, 8, 3, 8, 0, 0, 0, 0], [0, 0, 8, 8, 8, 3, 8, 8, 8, 3, 0, 0, 8, 8, 3, 8, 8, 3, 3, 3, 0, 0, 0, 0], [0, 0, 8, 8, 3, 3, 3, 8, 8, 3, 0, 0, 8, 8, 8, 8, 8, 8, 3, 8, 0, 0, 0, 0], [0, 0, 8, 8, 8, 3, 8, 8, 8, 8, 0, 0, 3, 8, 8, 8, 3, 8, 8, 3, 0, 0, 0, 0], [0, 0, 8, 8, 8, 8, 8, 8, 8, 8, 0, 0, 8, 8, 8, 3, 3, 3, 8, 8, 0, 0, 0, 0], [0, 0, 8, 3, 8, 8, 8, 8, 8, 8, 0, 0, 8, 3, 8, 8, 3, 8, 8, 8, 0, 0, 0, 0], [0, 0, 8, 8, 8, 8, 8, 3, 8, 8, 0, 0, 8, 8, 8, 8, 8, 8, 3, 3, 0, 0, 0, 0], [0, 0, 0, 0, 0, 0, 0, 0, 0, 0, 0, 0, 0, 0, 0, 0, 0, 0, 0, 0, 0, 0, 0, 0], [0, 0, 0, 0, 0, 0, 0, 0, 0, 0, 0, 0, 0, 0, 0, 0, 0, 0, 0, 0, 0, 0, 0, 0], [0, 0, 0, 0, 0, 0, 0, 0, 8, 8, 8, 8, 8, 8, 8, 8, 8, 8, 0, 0, 0, 0, 0, 0], [0, 0, 0, 0, 0, 0, 0, 0, 8, 8, 3, 8, 8, 8, 3, 8, 8, 8, 0, 0, 0, 0, 0, 0], [0, 0, 0, 0, 0, 0, 0, 0, 8, 3, 3, 3, 8, 8, 8, 8, 8, 8, 0, 0, 0, 0, 0, 0], [0, 0, 0, 0, 0, 0, 0, 0, 8, 8, 3, 8, 8, 8, 8, 8, 3, 8, 0, 0, 0, 0, 0, 0], [0, 0, 0, 0, 0, 0, 0, 0, 8, 8, 8, 8, 8, 8, 8, 3, 3, 3, 0, 0, 0, 0, 0, 0], [0, 0, 0, 0, 0, 0, 0, 0, 8, 8, 8, 8, 8, 8, 8, 8, 3, 8, 0, 0, 0, 0, 0, 0], [0, 0, 0, 0, 0, 0, 0, 0, 8, 8, 3, 8, 8, 8, 8, 8, 8, 8, 0, 0, 0, 0, 0, 0], [0, 0, 0, 0, 0, 0, 0, 0, 8, 8, 8, 8, 8, 8, 8, 8, 8, 8, 0, 0, 0, 0, 0, 0], [0, 0, 0, 0, 0, 0, 0, 0, 0, 0, 0, 0, 0, 0, 0, 0, 0, 0, 0, 0, 0, 0, 0, 0], [0, 0, 0, 0, 0, 0, 0, 0, 0, 0, 0, 0, 0, 0, 0, 0, 0, 0, 0, 0, 0, 0, 0, 0], [0, 0, 0, 0, 0, 0, 0, 0, 0, 0, 0, 0, 0, 0, 0, 0, 0, 0, 0, 0, 0, 0, 0, 0]], "output": [[8, 8, 3, 8, 8, 3, 8, 8], [8, 3, 3, 3, 8, 8, 3, 8], [8, 8, 3, 8, 8, 3, 3, 3], [8, 8, 8, 8, 8, 8, 3, 8], [3, 8, 8, 8, 3, 8, 8, 3], [8, 8, 8, 3, 3, 3, 8, 8], [8, 3, 8, 8, 3, 8, 8, 8], [8, 8, 8, 8, 8, 8, 3, 3]]}, {"input": [[0, 0, 0, 0, 0, 0, 0, 0, 0, 0, 0, 0, 0, 0, 0, 0, 0, 0, 0, 0, 0, 0, 0, 0], [0, 3, 8, 8, 3, 8, 8, 8, 3, 8, 0, 0, 3, 8, 8, 8, 3, 8, 8, 8, 3, 8, 0, 0], [0, 8, 8, 3, 3, 3, 8, 8, 8, 3, 0, 0, 8, 8, 3, 8, 8, 8, 8, 3, 3, 3, 0, 0], [0, 8, 8, 8, 3, 8, 8, 8, 8, 8, 0, 0, 8, 3, 3, 3, 8, 8, 8, 8, 3, 8, 0, 0], [0, 8, 3, 8, 8, 8, 8, 3, 8, 8, 0, 0, 8, 8, 3, 8, 3, 8, 3, 8, 8, 8, 0, 0], [0, 8, 8, 8, 3, 8, 3, 3, 3, 8, 0, 0, 8, 8, 8, 8, 8, 8, 8, 8, 3, 3, 0, 0], [0, 3, 8, 8, 8, 8, 8, 3, 8, 8, 0, 0, 8, 3, 8, 3, 8, 8, 3, 8, 8, 8, 0, 0], [0, 8, 8, 3, 8, 8, 8, 8, 3, 8, 0, 0, 8, 8, 8, 8, 8, 3, 3, 3, 8, 8, 0, 0], [0, 0, 0, 0, 0, 0, 0, 0, 0, 0, 0, 0, 8, 8, 3, 8, 8, 8, 3, 8, 8, 8, 0, 0], [0, 0, 0, 0, 0, 0, 0, 0, 0, 0, 0, 0, 8, 8, 8, 8, 8, 8, 8, 8, 3, 8, 0, 0], [0, 0, 0, 0, 0, 0, 0, 0, 0, 0, 0, 0, 0, 0, 0, 0, 0, 0, 0, 0, 0, 0, 0, 0], [0, 0, 0, 0, 0, 0, 0, 0, 0, 0, 0, 0, 0, 0, 0, 0, 0, 0, 0, 0, 0, 0, 0, 0], [0, 8, 8, 3, 8, 8, 8, 8, 3, 8, 0, 0, 0, 0, 0, 0, 0, 0, 0, 0, 0, 0, 0, 0], [0, 8, 3, 3, 3, 8, 8, 3, 3, 3, 0, 8, 8, 3, 8, 8, 8, 8, 8, 8, 8, 8, 0, 0], [0, 8, 8, 3, 8, 8, 8, 8, 3, 8, 0, 8, 8, 8, 3, 8, 8, 8, 8, 3, 3, 8, 0, 0], [0, 3, 8, 8, 8, 3, 8, 8, 8, 8, 0, 8, 8, 3, 3, 3, 8, 8, 8, 8, 8, 8, 0, 0], [0, 8, 3, 8, 8, 8, 8, 3, 8, 3, 0, 8, 8, 8, 3, 8, 8, 8, 3, 8, 8, 3, 0, 0], [0, 3, 3, 3, 8, 8, 3, 3, 3, 8, 0, 3, 8, 8, 8, 8, 8, 3, 3, 3, 8, 8, 0, 0], [0, 8, 3, 8, 8, 8, 8, 3, 8, 8, 0, 8, 8, 3, 8, 3, 8, 8, 3, 8, 8, 8, 0, 0], [0, 8, 8, 8, 8, 3, 8, 8, 8, 8, 0, 8, 3, 3, 3, 8, 8, 8, 8, 8, 3, 8, 0, 0], [0, 0, 0, 0, 0, 0, 0, 0, 0, 0, 0, 8, 8, 3, 8, 8, 8, 3, 3, 8, 8, 8, 0, 0], [0, 0, 0, 0, 0, 0, 0, 0, 0, 0, 0, 0, 0, 0, 0, 0, 0, 0, 0, 0, 0, 0, 0, 0], [0, 0, 0, 0, 0, 0, 0, 0, 0, 0, 0, 0, 0, 0, 0, 0, 0, 0, 0, 0, 0, 0, 0, 0], [0, 0, 0, 0, 0, 0, 0, 0, 0, 0, 0, 0, 0, 0, 0, 0, 0, 0, 0, 0, 0, 0, 0, 0]], "output": [[8, 8, 3, 8, 8, 8, 8, 3, 8], [8, 3, 3, 3, 8, 8, 3, 3, 3], [8, 8, 3, 8, 8, 8, 8, 3, 8], [3, 8, 8, 8, 3, 8, 8, 8, 8], [8, 3, 8, 8, 8, 8, 3, 8, 3], [3, 3, 3, 8, 8, 3, 3, 3, 8], [8, 3, 8, 8, 8, 8, 3, 8, 8], [8, 8, 8, 8, 3, 8, 8, 8, 8]]}, {"input": [[0, 0, 0, 0, 0, 0, 0, 0, 0, 0, 0, 0, 0, 0, 0, 0, 0, 0, 0, 0], [0, 0, 0, 0, 0, 0, 0, 0, 0, 0, 0, 0, 0, 0, 0, 0, 0, 0, 0, 0], [0, 0, 8, 3, 8, 8, 8, 3, 8, 0, 0, 0, 3, 8, 8, 3, 8, 8, 3, 8], [0, 0, 3, 3, 3, 8, 3, 3, 3, 0, 0, 0, 8, 8, 3, 8, 8, 3, 3, 3], [0, 0, 8, 3, 8, 8, 8, 3, 8, 0, 0, 0, 8, 3, 3, 3, 8, 8, 3, 8], [0, 0, 8, 8, 8, 3, 8, 8, 8, 0, 0, 0, 8, 8, 3, 8, 8, 8, 8, 8], [0, 0, 8, 3, 8, 8, 8, 8, 8, 0, 0, 0, 3, 8, 8, 8, 8, 3, 8, 8], [0, 0, 0, 0, 0, 0, 0, 0, 0, 0, 0, 0, 8, 8, 8, 8, 3, 3, 3, 8], [0, 0, 0, 0, 0, 0, 0, 0, 0, 0, 0, 0, 8, 8, 3, 8, 8, 3, 8, 8], [0, 0, 0, 0, 0, 0, 0, 0, 0, 0, 0, 0, 3, 3, 8, 8, 8, 8, 8, 3], [0, 0, 0, 0, 0, 0, 0, 0, 0, 0, 0, 0, 0, 0, 0, 0, 0, 0, 0, 0], [0, 0, 3, 8, 8, 8, 8, 8, 8, 8, 8, 8, 8, 0, 0, 0, 0, 0, 0, 0], [0, 0, 8, 8, 8, 3, 8, 8, 3, 8, 8, 8, 8, 0, 0, 0, 0, 0, 0, 0], [0, 0, 8, 8, 3, 3, 3, 8, 8, 8, 3, 8, 8, 0, 0, 0, 0, 0, 0, 0], [0, 0, 8, 8, 8, 3, 8, 8, 8, 3, 3, 3, 8, 0, 0, 0, 0, 0, 0, 0], [0, 0, 8, 3, 8, 8, 8, 8, 8, 8, 3, 8, 8, 0, 0, 0, 0, 0, 0, 0], [0, 0, 3, 3, 3, 8, 8, 3, 8, 8, 8, 8, 8, 0, 0, 0, 0, 0, 0, 0], [0, 0, 8, 3, 8, 8, 3, 3, 3, 8, 8, 3, 8, 0, 0, 0, 0, 0, 0, 0], [0, 0, 8, 8, 8, 8, 8, 3, 8, 8, 8, 8, 8, 0, 0, 0, 0, 0, 0, 0], [0, 0, 0, 0, 0, 0, 0, 0, 0, 0, 0, 0, 0, 0, 0, 0, 0, 0, 0, 0], [0, 0, 0, 0, 0, 0, 0, 0, 0, 0, 0, 0, 0, 0, 0, 0, 0, 0, 0, 0], [0, 0, 0, 0, 0, 0, 0, 0, 0, 0, 0, 0, 0, 0, 0, 0, 0, 0, 0, 0]], "output": [[3, 8, 8, 8, 8, 8, 8, 8, 8, 8, 8], [8, 8, 8, 3, 8, 8, 3, 8, 8, 8, 8], [8, 8, 3, 3, 3, 8, 8, 8, 3, 8, 8], [8, 8, 8, 3, 8, 8, 8, 3, 3, 3, 8], [8, 3, 8, 8, 8, 8, 8, 8, 3, 8, 8], [3, 3, 3, 8, 8, 3, 8, 8, 8, 8, 8], [8, 3, 8, 8, 3, 3, 3, 8, 8, 3, 8], [8, 8, 8, 8, 8, 3, 8, 8, 8, 8, 8]]}, {"input": [[0, 0, 0, 0, 0, 0, 0, 0, 0, 0, 0, 0, 0, 0, 0, 0, 0, 0, 0, 0, 0, 0, 0], [0, 0, 0, 0, 0, 0, 0, 0, 0, 0, 0, 0, 0, 0, 0, 0, 0, 0, 0, 0, 0, 0, 0], [0, 0, 8, 3, 8, 8, 8, 8, 8, 8, 0, 0, 0, 0, 0, 0, 0, 0, 0, 0, 0, 0, 0], [0, 0, 8, 8, 3, 8, 8, 8, 3, 8, 0, 0, 0, 8, 8, 3, 3, 8, 8, 8, 0, 0, 0], [0, 0, 8, 3, 3, 3, 8, 3, 3, 3, 0, 0, 0, 3, 8, 8, 8, 8, 8, 3, 0, 0, 0], [0, 0, 8, 8, 3, 8, 8, 8, 3, 8, 0, 0, 0, 8, 8, 8, 3, 8, 8, 8, 0, 0, 0], [0, 0, 8, 8, 8, 8, 3, 8, 8, 8, 0, 0, 0, 8, 8, 3, 3, 3, 8, 3, 0, 0, 0], [0, 0, 0, 0, 0, 0, 0, 0, 0, 0, 0, 0, 0, 8, 8, 8, 3, 8, 8, 8, 0, 0, 0], [0, 0, 0, 0, 0, 0, 0, 0, 0, 0, 0, 0, 0, 8, 3, 8, 8, 8, 8, 8, 0, 0, 0], [0, 8, 3, 8, 8, 8, 8, 8, 3, 8, 0, 0, 0, 8, 8, 8, 8, 3, 8, 8, 0, 0, 0], [0, 8, 8, 3, 8, 8, 8, 3, 3, 3, 0, 0, 0, 0, 0, 0, 0, 0, 0, 0, 0, 0, 0], [0, 8, 3, 3, 3, 8, 3, 8, 3, 8, 0, 8, 3, 8, 8, 8, 8, 8, 3, 0, 0, 0, 0], [0, 8, 8, 3, 8, 8, 8, 8, 8, 8, 0, 3, 3, 3, 8, 8, 3, 8, 8, 0, 0, 0, 0], [0, 8, 8, 8, 8, 8, 8, 8, 8, 8, 0, 8, 3, 8, 8, 3, 3, 3, 8, 0, 0, 0, 0], [0, 8, 3, 8, 8, 8, 3, 8, 8, 8, 0, 8, 8, 8, 8, 8, 3, 8, 8, 0, 0, 0, 0], [0, 8, 8, 8, 8, 3, 3, 3, 8, 8, 0, 8, 3, 8, 8, 8, 8, 3, 8, 0, 0, 0, 0], [0, 8, 3, 8, 8, 8, 3, 8, 3, 8, 0, 3, 3, 3, 8, 8, 3, 3, 3, 0, 0, 0, 0], [0, 3, 8, 8, 8, 8, 8, 8, 8, 3, 0, 8, 3, 8, 8, 8, 8, 3, 8, 0, 0, 0, 0], [0, 8, 8, 3, 8, 8, 8, 3, 8, 8, 0, 0, 0, 0, 0, 0, 0, 0, 0, 0, 0, 0, 0], [0, 0, 0, 0, 0, 0, 0, 0, 0, 0, 0, 0, 0, 0, 0, 0, 0, 0, 0, 0, 0, 0, 0], [0, 0, 0, 0, 0, 0, 0, 0, 0, 0, 0, 0, 0, 0, 0, 0, 0, 0, 0, 0, 0, 0, 0], [0, 0, 0, 0, 0, 0, 0, 0, 0, 0, 0, 0, 0, 0, 0, 0, 0, 0, 0, 0, 0, 0, 0], [0, 0, 0, 0, 0, 0, 0, 0, 0, 0, 0, 0, 0, 0, 0, 0, 0, 0, 0, 0, 0, 0, 0]], "output": [[8, 3, 8, 8, 8, 8, 8, 3], [3, 3, 3, 8, 8, 3, 8, 8], [8, 3, 8, 8, 3, 3, 3, 8], [8, 8, 8, 8, 8, 3, 8, 8], [8, 3, 8, 8, 8, 8, 3, 8], [3, 3, 3, 8, 8, 3, 3, 3], [8, 3, 8, 8, 8, 8, 3, 8]]}], "test": [{"input": [[0, 0, 0, 0, 0, 0, 0, 0, 0, 0, 0, 0, 0, 0, 0, 0, 0, 0, 0, 0, 0, 0, 0], [0, 8, 8, 3, 8, 8, 8, 3, 8, 3, 8, 0, 0, 0, 0, 0, 0, 0, 0, 0, 0, 0, 0], [0, 8, 3, 3, 3, 8, 8, 8, 3, 3, 3, 0, 0, 8, 8, 8, 8, 8, 8, 3, 3, 8, 8], [0, 8, 8, 3, 8, 8, 8, 8, 8, 3, 8, 0, 0, 3, 8, 8, 3, 8, 8, 8, 8, 8, 8], [0, 8, 3, 8, 8, 8, 3, 8, 3, 8, 8, 0, 0, 8, 8, 3, 3, 3, 8, 8, 8, 3, 8], [0, 8, 8, 8, 8, 3, 3, 3, 8, 8, 3, 0, 0, 8, 8, 8, 3, 8, 8, 8, 8, 8, 8], [0, 3, 3, 8, 8, 8, 3, 8, 8, 8, 8, 0, 0, 8, 8, 8, 8, 8, 8, 8, 8, 8, 8], [0, 8, 8, 8, 8, 8, 8, 8, 8, 3, 8, 0, 0, 8, 8, 8, 3, 8, 8, 3, 8, 8, 8], [0, 3, 8, 8, 3, 8, 8, 8, 3, 8, 8, 0, 0, 8, 8, 8, 8, 8, 8, 8, 8, 8, 8], [0, 0, 0, 0, 0, 0, 0, 0, 0, 0, 0, 0, 0, 8, 3, 8, 8, 8, 8, 8, 8, 3, 8], [0, 0, 0, 0, 0, 0, 0, 0, 0, 0, 0, 0, 0, 0, 0, 0, 0, 0, 0, 0, 0, 0, 0], [0, 0, 0, 0, 0, 0, 0, 0, 0, 0, 0, 0, 0, 0, 0, 0, 0, 0, 0, 0, 0, 0, 0], [3, 8, 8, 8, 8, 8, 3, 8, 8, 8, 0, 0, 3, 3, 8, 8, 3, 8, 8, 8, 3, 8, 0], [8, 8, 3, 8, 8, 3, 3, 3, 8, 8, 0, 0, 8, 8, 8, 3, 3, 3, 8, 8, 8, 3, 0], [8, 3, 3, 3, 8, 8, 3, 8, 3, 8, 0, 0, 3, 8, 8, 8, 3, 8, 8, 8, 8, 8, 0], [8, 8, 3, 8, 8, 8, 8, 3, 3, 3, 0, 0, 8, 3, 8, 8, 8, 8, 8, 3, 8, 8, 0], [8, 8, 8, 8, 3, 8, 8, 8, 3, 8, 0, 0, 3, 3, 3, 8, 8, 8, 3, 3, 3, 8, 0], [8, 3, 8, 3, 3, 3, 8, 8, 8, 8, 0, 0, 8, 3, 8, 3, 8, 8, 8, 3, 8, 8, 0], [3, 3, 3, 8, 3, 8, 8, 8, 8, 3, 0, 0, 8, 8, 3, 3, 3, 8, 8, 8, 8, 8, 0], [8, 3, 8, 8, 8, 8, 8, 3, 8, 8, 0, 0, 8, 8, 8, 3, 8, 8, 8, 3, 8, 3, 0], [0, 0, 0, 0, 0, 0, 0, 0, 0, 0, 0, 0, 0, 0, 0, 0, 0, 0, 0, 0, 0, 0, 0], [0, 0, 0, 0, 0, 0, 0, 0, 0, 0, 0, 0, 0, 0, 0, 0, 0, 0, 0, 0, 0, 0, 0]], "output": [[3, 8, 8, 8, 8, 8, 3, 8, 8, 8], [8, 8, 3, 8, 8, 3, 3, 3, 8, 8], [8, 3, 3, 3, 8, 8, 3, 8, 3, 8], [8, 8, 3, 8, 8, 8, 8, 3, 3, 3], [8, 8, 8, 8, 3, 8, 8, 8, 3, 8], [8, 3, 8, 3, 3, 3, 8, 8, 8, 8], [3, 3, 3, 8, 3, 8, 8, 8, 8, 3], [8, 3, 8, 8, 8, 8, 8, 3, 8, 8]]}]}