{"train": [{"input": [[6, 6, 6, 6, 6, 6, 6, 0, 7, 7], [8, 8, 8, 8, 0, 7, 0, 8, 8, 8], [0, 2, 7, 0, 4, 4, 4, 4, 4, 4]], "output": [[0, 0, 0, 0, 0, 0, 0, 6, 6, 6], [0, 0, 0, 0, 8, 8, 8, 0, 0, 0], [4, 4, 4, 4, 0, 0, 0, 0, 0, 0]]}, {"input": [[6, 6, 6, 6, 6, 0, 7, 0, 7, 0], [4, 4, 4, 0, 0, 7, 7, 7, 0, 0], [8, 8, 8, 8, 0, 0, 7, 0, 7, 0]], "output": [[0, 0, 0, 0, 0, 6, 6, 6, 6, 6], [0, 0, 0, 4, 4, 4, 4, 4, 4, 4], [0, 0, 0, 0, 8, 8, 8, 8, 8, 8]]}, {"input": [[0, 4, 0, 4, 0, 4, 0, 4, 0, 4], [6, 0, 6, 0, 6, 0, 6, 0, 6, 0], [0, 8, 0, 8, 0, 8, 0, 8, 0, 8]], "output": [[4, 0, 4, 0, 4, 0, 4, 0, 4, 0], [0, 6, 0, 6, 0, 6, 0, 6, 0, 6], [8, 0, 8, 0, 8, 0, 8, 0, 8, 0]]}], "test": [{"input": [[8, 8, 8, 0, 0, 3, 0, 8, 8, 8], [3, 0, 4, 4, 4, 4, 4, 4, 0, 0], [0, 6, 0, 6, 3, 6, 0, 6, 0, 6]], "output": [[0, 0, 0, 8, 8, 8, 8, 0, 0, 0], [4, 4, 0, 0, 0, 0, 0, 0, 4, 4], [6, 0, 6, 0, 6, 0, 6, 0, 6, 0]]}]}