{"train": [{"input": [[0, 0, 0, 0, 0, 0, 0, 0, 0, 0, 0, 0, 0, 0, 0, 0, 0, 0, 0, 0, 0, 0], [0, 1, 1, 1, 1, 1, 1, 1, 0, 0, 0, 0, 0, 0, 0, 0, 0, 0, 0, 0, 0, 0], [0, 1, 4, 4, 1, 0, 0, 1, 0, 1, 1, 1, 1, 1, 1, 1, 1, 1, 1, 1, 0, 0], [0, 1, 4, 4, 1, 0, 0, 1, 0, 1, 0, 0, 0, 0, 0, 1, 0, 0, 0, 1, 0, 0], [0, 1, 1, 1, 1, 1, 1, 1, 0, 1, 0, 0, 0, 0, 0, 1, 0, 0, 0, 1, 0, 0], [0, 1, 9, 9, 1, 6, 6, 1, 0, 1, 0, 0, 0, 0, 0, 1, 0, 0, 0, 1, 0, 0], [0, 1, 9, 9, 1, 6, 6, 1, 0, 1, 1, 1, 1, 1, 1, 1, 1, 1, 1, 1, 0, 0], [0, 1, 1, 1, 1, 1, 1, 1, 0, 1, 0, 0, 0, 0, 0, 1, 0, 0, 0, 1, 0, 0], [0, 0, 0, 0, 0, 0, 0, 0, 0, 1, 0, 0, 0, 0, 0, 1, 0, 0, 0, 1, 0, 0], [0, 0, 0, 0, 0, 0, 0, 0, 0, 1, 0, 0, 0, 0, 0, 1, 0, 0, 0, 1, 0, 0], [0, 0, 0, 0, 0, 0, 0, 0, 0, 1, 0, 0, 0, 0, 0, 1, 0, 0, 0, 1, 0, 0], [0, 1, 1, 1, 1, 1, 1, 1, 0, 1, 0, 0, 0, 0, 0, 1, 0, 0, 0, 1, 0, 0], [0, 1, 0, 0, 1, 3, 3, 1, 0, 1, 1, 1, 1, 1, 1, 1, 1, 1, 1, 1, 0, 0], [0, 1, 0, 0, 1, 3, 3, 1, 0, 0, 0, 0, 0, 0, 0, 0, 0, 0, 0, 0, 0, 0], [0, 1, 0, 0, 1, 3, 3, 1, 0, 0, 1, 1, 1, 1, 1, 1, 1, 1, 1, 0, 0, 0], [0, 1, 0, 0, 1, 3, 3, 1, 0, 0, 1, 0, 0, 0, 1, 0, 0, 0, 1, 0, 0, 0], [0, 1, 1, 1, 1, 1, 1, 1, 0, 0, 1, 1, 1, 1, 1, 1, 1, 1, 1, 0, 0, 0], [0, 1, 0, 0, 1, 0, 0, 1, 0, 0, 1, 0, 0, 0, 1, 0, 0, 0, 1, 0, 0, 0], [0, 1, 0, 0, 1, 0, 0, 1, 0, 0, 1, 0, 0, 0, 1, 0, 0, 0, 1, 0, 0, 0], [0, 1, 0, 0, 1, 0, 0, 1, 0, 0, 1, 1, 1, 1, 1, 1, 1, 1, 1, 0, 0, 0], [0, 1, 1, 1, 1, 1, 1, 1, 0, 0, 0, 0, 0, 0, 0, 0, 0, 0, 0, 0, 0, 0], [0, 0, 0, 0, 0, 0, 0, 0, 0, 0, 0, 0, 0, 0, 0, 0, 0, 0, 0, 0, 0, 0]], "output": [[0, 0, 0, 0, 0, 0, 0, 0, 0, 0, 0, 0, 0, 0, 0, 0, 0, 0, 0, 0, 0, 0], [0, 1, 1, 1, 1, 1, 1, 1, 0, 0, 0, 0, 0, 0, 0, 0, 0, 0, 0, 0, 0, 0], [0, 1, 4, 4, 1, 3, 3, 1, 0, 1, 1, 1, 1, 1, 1, 1, 1, 1, 1, 1, 0, 0], [0, 1, 4, 4, 1, 3, 3, 1, 0, 1, 4, 4, 4, 4, 4, 1, 3, 3, 3, 1, 0, 0], [0, 1, 1, 1, 1, 1, 1, 1, 0, 1, 4, 4, 4, 4, 4, 1, 3, 3, 3, 1, 0, 0], [0, 1, 9, 9, 1, 6, 6, 1, 0, 1, 4, 4, 4, 4, 4, 1, 3, 3, 3, 1, 0, 0], [0, 1, 9, 9, 1, 6, 6, 1, 0, 1, 1, 1, 1, 1, 1, 1, 1, 1, 1, 1, 0, 0], [0, 1, 1, 1, 1, 1, 1, 1, 0, 1, 9, 9, 9, 9, 9, 1, 6, 6, 6, 1, 0, 0], [0, 0, 0, 0, 0, 0, 0, 0, 0, 1, 9, 9, 9, 9, 9, 1, 6, 6, 6, 1, 0, 0], [0, 0, 0, 0, 0, 0, 0, 0, 0, 1, 9, 9, 9, 9, 9, 1, 6, 6, 6, 1, 0, 0], [0, 0, 0, 0, 0, 0, 0, 0, 0, 1, 9, 9, 9, 9, 9, 1, 6, 6, 6, 1, 0, 0], [0, 1, 1, 1, 1, 1, 1, 1, 0, 1, 9, 9, 9, 9, 9, 1, 6, 6, 6, 1, 0, 0], [0, 1, 4, 4, 1, 3, 3, 1, 0, 1, 1, 1, 1, 1, 1, 1, 1, 1, 1, 1, 0, 0], [0, 1, 4, 4, 1, 3, 3, 1, 0, 0, 0, 0, 0, 0, 0, 0, 0, 0, 0, 0, 0, 0], [0, 1, 4, 4, 1, 3, 3, 1, 0, 0, 1, 1, 1, 1, 1, 1, 1, 1, 1, 0, 0, 0], [0, 1, 4, 4, 1, 3, 3, 1, 0, 0, 1, 4, 4, 4, 1, 3, 3, 3, 1, 0, 0, 0], [0, 1, 1, 1, 1, 1, 1, 1, 0, 0, 1, 1, 1, 1, 1, 1, 1, 1, 1, 0, 0, 0], [0, 1, 9, 9, 1, 6, 6, 1, 0, 0, 1, 9, 9, 9, 1, 6, 6, 6, 1, 0, 0, 0], [0, 1, 9, 9, 1, 6, 6, 1, 0, 0, 1, 9, 9, 9, 1, 6, 6, 6, 1, 0, 0, 0], [0, 1, 9, 9, 1, 6, 6, 1, 0, 0, 1, 1, 1, 1, 1, 1, 1, 1, 1, 0, 0, 0], [0, 1, 1, 1, 1, 1, 1, 1, 0, 0, 0, 0, 0, 0, 0, 0, 0, 0, 0, 0, 0, 0], [0, 0, 0, 0, 0, 0, 0, 0, 0, 0, 0, 0, 0, 0, 0, 0, 0, 0, 0, 0, 0, 0]]}, {"input": [[0, 0, 0, 0, 0, 0, 0, 0, 0, 0, 0, 0, 0, 0, 0, 0, 0, 0, 0, 0, 0, 0], [0, 0, 5, 5, 5, 5, 5, 5, 0, 0, 5, 5, 5, 5, 5, 0, 0, 0, 0, 0, 0, 0], [0, 0, 5, 0, 0, 5, 0, 5, 0, 0, 5, 1, 5, 0, 5, 0, 0, 0, 0, 0, 0, 0], [0, 0, 5, 5, 5, 5, 5, 5, 0, 0, 5, 5, 5, 5, 5, 0, 0, 0, 0, 0, 0, 0], [0, 0, 5, 6, 6, 5, 0, 5, 0, 0, 5, 0, 5, 3, 5, 0, 0, 0, 0, 0, 0, 0], [0, 0, 5, 6, 6, 5, 0, 5, 0, 0, 5, 5, 5, 5, 5, 0, 0, 0, 0, 0, 0, 0], [0, 0, 5, 5, 5, 5, 5, 5, 0, 0, 0, 0, 0, 0, 0, 0, 0, 0, 0, 0, 0, 0], [0, 0, 0, 0, 0, 0, 0, 0, 0, 0, 0, 0, 0, 0, 0, 0, 0, 0, 0, 0, 0, 0], [0, 5, 5, 5, 5, 5, 5, 0, 0, 0, 0, 0, 0, 0, 0, 0, 0, 0, 0, 0, 0, 0], [0, 5, 0, 0, 5, 0, 5, 0, 0, 0, 0, 0, 0, 0, 0, 0, 0, 0, 0, 0, 0, 0], [0, 5, 0, 0, 5, 0, 5, 0, 5, 5, 5, 5, 5, 5, 5, 5, 5, 0, 0, 0, 0, 0], [0, 5, 0, 0, 5, 0, 5, 0, 5, 0, 0, 0, 5, 4, 4, 4, 5, 0, 0, 0, 0, 0], [0, 5, 0, 0, 5, 0, 5, 0, 5, 0, 0, 0, 5, 4, 4, 4, 5, 0, 0, 0, 0, 0], [0, 5, 0, 0, 5, 0, 5, 0, 5, 5, 5, 5, 5, 5, 5, 5, 5, 0, 0, 0, 0, 0], [0, 5, 5, 5, 5, 5, 5, 0, 5, 0, 0, 0, 5, 0, 0, 0, 5, 0, 0, 0, 0, 0], [0, 5, 0, 0, 5, 0, 5, 0, 5, 0, 0, 0, 5, 0, 0, 0, 5, 0, 0, 0, 0, 0], [0, 5, 0, 0, 5, 0, 5, 0, 5, 5, 5, 5, 5, 5, 5, 5, 5, 0, 0, 0, 0, 0], [0, 5, 0, 0, 5, 0, 5, 0, 0, 0, 0, 0, 0, 0, 0, 0, 0, 0, 0, 0, 0, 0], [0, 5, 5, 5, 5, 5, 5, 0, 0, 0, 0, 0, 0, 0, 0, 0, 0, 0, 0, 0, 0, 0], [0, 0, 0, 0, 0, 0, 0, 0, 0, 0, 0, 0, 0, 0, 0, 0, 0, 0, 0, 0, 0, 0], [0, 0, 0, 0, 0, 0, 0, 0, 0, 0, 0, 0, 0, 0, 0, 0, 0, 0, 0, 0, 0, 0], [0, 0, 0, 0, 0, 0, 0, 0, 0, 0, 0, 0, 0, 0, 0, 0, 0, 0, 0, 0, 0, 0]], "output": [[0, 0, 0, 0, 0, 0, 0, 0, 0, 0, 0, 0, 0, 0, 0, 0, 0, 0, 0, 0, 0, 0], [0, 0, 5, 5, 5, 5, 5, 5, 0, 0, 5, 5, 5, 5, 5, 0, 0, 0, 0, 0, 0, 0], [0, 0, 5, 1, 1, 5, 4, 5, 0, 0, 5, 1, 5, 4, 5, 0, 0, 0, 0, 0, 0, 0], [0, 0, 5, 5, 5, 5, 5, 5, 0, 0, 5, 5, 5, 5, 5, 0, 0, 0, 0, 0, 0, 0], [0, 0, 5, 6, 6, 5, 3, 5, 0, 0, 5, 6, 5, 3, 5, 0, 0, 0, 0, 0, 0, 0], [0, 0, 5, 6, 6, 5, 3, 5, 0, 0, 5, 5, 5, 5, 5, 0, 0, 0, 0, 0, 0, 0], [0, 0, 5, 5, 5, 5, 5, 5, 0, 0, 0, 0, 0, 0, 0, 0, 0, 0, 0, 0, 0, 0], [0, 0, 0, 0, 0, 0, 0, 0, 0, 0, 0, 0, 0, 0, 0, 0, 0, 0, 0, 0, 0, 0], [0, 5, 5, 5, 5, 5, 5, 0, 0, 0, 0, 0, 0, 0, 0, 0, 0, 0, 0, 0, 0, 0], [0, 5, 1, 1, 5, 4, 5, 0, 0, 0, 0, 0, 0, 0, 0, 0, 0, 0, 0, 0, 0, 0], [0, 5, 1, 1, 5, 4, 5, 0, 5, 5, 5, 5, 5, 5, 5, 5, 5, 0, 0, 0, 0, 0], [0, 5, 1, 1, 5, 4, 5, 0, 5, 1, 1, 1, 5, 4, 4, 4, 5, 0, 0, 0, 0, 0], [0, 5, 1, 1, 5, 4, 5, 0, 5, 1, 1, 1, 5, 4, 4, 4, 5, 0, 0, 0, 0, 0], [0, 5, 1, 1, 5, 4, 5, 0, 5, 5, 5, 5, 5, 5, 5, 5, 5, 0, 0, 0, 0, 0], [0, 5, 5, 5, 5, 5, 5, 0, 5, 6, 6, 6, 5, 3, 3, 3, 5, 0, 0, 0, 0, 0], [0, 5, 6, 6, 5, 3, 5, 0, 5, 6, 6, 6, 5, 3, 3, 3, 5, 0, 0, 0, 0, 0], [0, 5, 6, 6, 5, 3, 5, 0, 5, 5, 5, 5, 5, 5, 5, 5, 5, 0, 0, 0, 0, 0], [0, 5, 6, 6, 5, 3, 5, 0, 0, 0, 0, 0, 0, 0, 0, 0, 0, 0, 0, 0, 0, 0], [0, 5, 5, 5, 5, 5, 5, 0, 0, 0, 0, 0, 0, 0, 0, 0, 0, 0, 0, 0, 0, 0], [0, 0, 0, 0, 0, 0, 0, 0, 0, 0, 0, 0, 0, 0, 0, 0, 0, 0, 0, 0, 0, 0], [0, 0, 0, 0, 0, 0, 0, 0, 0, 0, 0, 0, 0, 0, 0, 0, 0, 0, 0, 0, 0, 0], [0, 0, 0, 0, 0, 0, 0, 0, 0, 0, 0, 0, 0, 0, 0, 0, 0, 0, 0, 0, 0, 0]]}], "test": [{"input": [[0, 0, 0, 0, 0, 0, 0, 0, 0, 0, 0, 0, 0, 0, 0, 0, 0, 0, 0, 0, 0, 0, 0, 0, 0, 0, 0, 0], [0, 8, 8, 8, 8, 8, 8, 0, 0, 0, 0, 0, 0, 0, 0, 0, 0, 0, 0, 0, 0, 0, 0, 0, 0, 0, 0, 0], [0, 8, 0, 0, 8, 0, 8, 0, 0, 0, 0, 0, 0, 0, 0, 0, 0, 0, 0, 0, 0, 0, 0, 0, 0, 0, 0, 0], [0, 8, 8, 8, 8, 8, 8, 0, 0, 0, 8, 8, 8, 8, 8, 8, 8, 8, 8, 8, 8, 8, 0, 0, 0, 0, 0, 0], [0, 8, 4, 4, 8, 0, 8, 0, 0, 0, 8, 3, 3, 3, 3, 8, 0, 0, 0, 0, 0, 8, 0, 0, 0, 0, 0, 0], [0, 8, 4, 4, 8, 0, 8, 0, 0, 0, 8, 3, 3, 3, 3, 8, 0, 0, 0, 0, 0, 8, 0, 0, 0, 0, 0, 0], [0, 8, 8, 8, 8, 8, 8, 0, 0, 0, 8, 3, 3, 3, 3, 8, 0, 0, 0, 0, 0, 8, 0, 0, 0, 0, 0, 0], [0, 0, 0, 0, 0, 0, 0, 0, 0, 0, 8, 8, 8, 8, 8, 8, 8, 8, 8, 8, 8, 8, 0, 0, 0, 0, 0, 0], [0, 0, 0, 0, 0, 0, 0, 0, 0, 0, 8, 0, 0, 0, 0, 8, 0, 0, 0, 0, 0, 8, 0, 0, 0, 0, 0, 0], [0, 8, 8, 8, 8, 8, 8, 8, 8, 0, 8, 0, 0, 0, 0, 8, 0, 0, 0, 0, 0, 8, 0, 0, 0, 0, 0, 0], [0, 8, 0, 0, 0, 8, 0, 0, 8, 0, 8, 0, 0, 0, 0, 8, 0, 0, 0, 0, 0, 8, 0, 0, 0, 0, 0, 0], [0, 8, 0, 0, 0, 8, 0, 0, 8, 0, 8, 0, 0, 0, 0, 8, 0, 0, 0, 0, 0, 8, 0, 0, 0, 0, 0, 0], [0, 8, 0, 0, 0, 8, 0, 0, 8, 0, 8, 8, 8, 8, 8, 8, 8, 8, 8, 8, 8, 8, 0, 0, 0, 0, 0, 0], [0, 8, 0, 0, 0, 8, 0, 0, 8, 0, 0, 0, 0, 0, 0, 0, 0, 0, 0, 0, 0, 0, 0, 0, 0, 0, 0, 0], [0, 8, 0, 0, 0, 8, 0, 0, 8, 0, 0, 8, 8, 8, 8, 8, 8, 8, 8, 8, 0, 0, 0, 0, 0, 0, 0, 0], [0, 8, 0, 0, 0, 8, 0, 0, 8, 0, 0, 8, 0, 0, 0, 0, 8, 2, 2, 8, 0, 0, 8, 8, 8, 8, 8, 0], [0, 8, 0, 0, 0, 8, 0, 0, 8, 0, 0, 8, 0, 0, 0, 0, 8, 2, 2, 8, 0, 0, 8, 0, 8, 0, 8, 0], [0, 8, 8, 8, 8, 8, 8, 8, 8, 0, 0, 8, 8, 8, 8, 8, 8, 8, 8, 8, 0, 0, 8, 8, 8, 8, 8, 0], [0, 8, 0, 0, 0, 8, 1, 1, 8, 0, 0, 8, 0, 0, 0, 0, 8, 0, 0, 8, 0, 0, 8, 0, 8, 0, 8, 0], [0, 8, 0, 0, 0, 8, 1, 1, 8, 0, 0, 8, 0, 0, 0, 0, 8, 0, 0, 8, 0, 0, 8, 8, 8, 8, 8, 0], [0, 8, 0, 0, 0, 8, 1, 1, 8, 0, 0, 8, 8, 8, 8, 8, 8, 8, 8, 8, 0, 0, 0, 0, 0, 0, 0, 0], [0, 8, 0, 0, 0, 8, 1, 1, 8, 0, 0, 0, 0, 0, 0, 0, 0, 0, 0, 0, 0, 0, 0, 0, 0, 0, 0, 0], [0, 8, 0, 0, 0, 8, 1, 1, 8, 0, 0, 0, 0, 8, 8, 8, 8, 8, 8, 8, 8, 8, 8, 8, 8, 8, 8, 0], [0, 8, 0, 0, 0, 8, 1, 1, 8, 0, 0, 0, 0, 8, 0, 0, 0, 0, 0, 8, 0, 0, 0, 0, 0, 0, 8, 0], [0, 8, 0, 0, 0, 8, 1, 1, 8, 0, 0, 0, 0, 8, 8, 8, 8, 8, 8, 8, 8, 8, 8, 8, 8, 8, 8, 0], [0, 8, 0, 0, 0, 8, 1, 1, 8, 0, 0, 0, 0, 8, 0, 0, 0, 0, 0, 8, 0, 0, 0, 0, 0, 0, 8, 0], [0, 8, 8, 8, 8, 8, 8, 8, 8, 0, 0, 0, 0, 8, 8, 8, 8, 8, 8, 8, 8, 8, 8, 8, 8, 8, 8, 0], [0, 0, 0, 0, 0, 0, 0, 0, 0, 0, 0, 0, 0, 0, 0, 0, 0, 0, 0, 0, 0, 0, 0, 0, 0, 0, 0, 0]], "output": [[0, 0, 0, 0, 0, 0, 0, 0, 0, 0, 0, 0, 0, 0, 0, 0, 0, 0, 0, 0, 0, 0, 0, 0, 0, 0, 0, 0], [0, 8, 8, 8, 8, 8, 8, 0, 0, 0, 0, 0, 0, 0, 0, 0, 0, 0, 0, 0, 0, 0, 0, 0, 0, 0, 0, 0], [0, 8, 3, 3, 8, 2, 8, 0, 0, 0, 0, 0, 0, 0, 0, 0, 0, 0, 0, 0, 0, 0, 0, 0, 0, 0, 0, 0], [0, 8, 8, 8, 8, 8, 8, 0, 0, 0, 8, 8, 8, 8, 8, 8, 8, 8, 8, 8, 8, 8, 0, 0, 0, 0, 0, 0], [0, 8, 4, 4, 8, 1, 8, 0, 0, 0, 8, 3, 3, 3, 3, 8, 2, 2, 2, 2, 2, 8, 0, 0, 0, 0, 0, 0], [0, 8, 4, 4, 8, 1, 8, 0, 0, 0, 8, 3, 3, 3, 3, 8, 2, 2, 2, 2, 2, 8, 0, 0, 0, 0, 0, 0], [0, 8, 8, 8, 8, 8, 8, 0, 0, 0, 8, 3, 3, 3, 3, 8, 2, 2, 2, 2, 2, 8, 0, 0, 0, 0, 0, 0], [0, 0, 0, 0, 0, 0, 0, 0, 0, 0, 8, 8, 8, 8, 8, 8, 8, 8, 8, 8, 8, 8, 0, 0, 0, 0, 0, 0], [0, 0, 0, 0, 0, 0, 0, 0, 0, 0, 8, 4, 4, 4, 4, 8, 1, 1, 1, 1, 1, 8, 0, 0, 0, 0, 0, 0], [0, 8, 8, 8, 8, 8, 8, 8, 8, 0, 8, 4, 4, 4, 4, 8, 1, 1, 1, 1, 1, 8, 0, 0, 0, 0, 0, 0], [0, 8, 3, 3, 3, 8, 2, 2, 8, 0, 8, 4, 4, 4, 4, 8, 1, 1, 1, 1, 1, 8, 0, 0, 0, 0, 0, 0], [0, 8, 3, 3, 3, 8, 2, 2, 8, 0, 8, 4, 4, 4, 4, 8, 1, 1, 1, 1, 1, 8, 0, 0, 0, 0, 0, 0], [0, 8, 3, 3, 3, 8, 2, 2, 8, 0, 8, 8, 8, 8, 8, 8, 8, 8, 8, 8, 8, 8, 0, 0, 0, 0, 0, 0], [0, 8, 3, 3, 3, 8, 2, 2, 8, 0, 0, 0, 0, 0, 0, 0, 0, 0, 0, 0, 0, 0, 0, 0, 0, 0, 0, 0], [0, 8, 3, 3, 3, 8, 2, 2, 8, 0, 0, 8, 8, 8, 8, 8, 8, 8, 8, 8, 0, 0, 0, 0, 0, 0, 0, 0], [0, 8, 3, 3, 3, 8, 2, 2, 8, 0, 0, 8, 3, 3, 3, 3, 8, 2, 2, 8, 0, 0, 8, 8, 8, 8, 8, 0], [0, 8, 3, 3, 3, 8, 2, 2, 8, 0, 0, 8, 3, 3, 3, 3, 8, 2, 2, 8, 0, 0, 8, 3, 8, 2, 8, 0], [0, 8, 8, 8, 8, 8, 8, 8, 8, 0, 0, 8, 8, 8, 8, 8, 8, 8, 8, 8, 0, 0, 8, 8, 8, 8, 8, 0], [0, 8, 4, 4, 4, 8, 1, 1, 8, 0, 0, 8, 4, 4, 4, 4, 8, 1, 1, 8, 0, 0, 8, 4, 8, 1, 8, 0], [0, 8, 4, 4, 4, 8, 1, 1, 8, 0, 0, 8, 4, 4, 4, 4, 8, 1, 1, 8, 0, 0, 8, 8, 8, 8, 8, 0], [0, 8, 4, 4, 4, 8, 1, 1, 8, 0, 0, 8, 8, 8, 8, 8, 8, 8, 8, 8, 0, 0, 0, 0, 0, 0, 0, 0], [0, 8, 4, 4, 4, 8, 1, 1, 8, 0, 0, 0, 0, 0, 0, 0, 0, 0, 0, 0, 0, 0, 0, 0, 0, 0, 0, 0], [0, 8, 4, 4, 4, 8, 1, 1, 8, 0, 0, 0, 0, 8, 8, 8, 8, 8, 8, 8, 8, 8, 8, 8, 8, 8, 8, 0], [0, 8, 4, 4, 4, 8, 1, 1, 8, 0, 0, 0, 0, 8, 3, 3, 3, 3, 3, 8, 2, 2, 2, 2, 2, 2, 8, 0], [0, 8, 4, 4, 4, 8, 1, 1, 8, 0, 0, 0, 0, 8, 8, 8, 8, 8, 8, 8, 8, 8, 8, 8, 8, 8, 8, 0], [0, 8, 4, 4, 4, 8, 1, 1, 8, 0, 0, 0, 0, 8, 4, 4, 4, 4, 4, 8, 1, 1, 1, 1, 1, 1, 8, 0], [0, 8, 8, 8, 8, 8, 8, 8, 8, 0, 0, 0, 0, 8, 8, 8, 8, 8, 8, 8, 8, 8, 8, 8, 8, 8, 8, 0], [0, 0, 0, 0, 0, 0, 0, 0, 0, 0, 0, 0, 0, 0, 0, 0, 0, 0, 0, 0, 0, 0, 0, 0, 0, 0, 0, 0]]}]}