{"train": [{"input": [[4, 4, 7, 7, 7, 4, 4, 7, 4, 4], [4, 7, 7, 7, 7, 7, 4, 7, 4, 7], [7, 4, 4, 7, 7, 7, 4, 7, 7, 7], [7, 7, 7, 7, 7, 7, 7, 7, 7, 7], [7, 7, 7, 7, 7, 4, 7, 7, 7, 7], [4, 7, 4, 7, 7, 7, 7, 7, 7, 7], [7, 7, 7, 4, 7, 4, 7, 7, 7, 7], [7, 5, 5, 5, 7, 7, 4, 7, 7, 7], [7, 7, 9, 7, 7, 7, 7, 7, 7, 7], [7, 7, 7, 7, 7, 7, 7, 7, 7, 4]], "output": [[4, 4, 7, 7, 7, 4, 4, 7, 4, 4], [4, 7, 7, 7, 7, 7, 4, 7, 4, 7], [7, 7, 7, 7, 7, 7, 4, 7, 7, 7], [7, 7, 7, 7, 7, 7, 7, 7, 7, 7], [7, 7, 7, 7, 7, 4, 7, 7, 7, 7], [4, 7, 7, 7, 7, 7, 7, 7, 7, 7], [7, 7, 7, 4, 7, 4, 7, 7, 7, 7], [7, 5, 5, 5, 7, 7, 4, 7, 7, 7], [7, 7, 9, 7, 7, 7, 7, 7, 7, 7], [7, 7, 7, 7, 7, 7, 7, 7, 7, 4]]}, {"input": [[7, 7, 7, 7, 7, 7, 7, 7, 7, 7, 7, 7], [4, 7, 7, 4, 7, 7, 4, 7, 7, 7, 7, 7], [7, 7, 7, 7, 7, 7, 4, 7, 4, 7, 7, 7], [7, 7, 4, 7, 7, 4, 7, 7, 7, 7, 4, 4], [7, 4, 7, 7, 7, 7, 7, 7, 4, 7, 7, 7], [7, 4, 7, 7, 7, 7, 7, 7, 4, 4, 7, 4], [7, 4, 4, 7, 7, 7, 5, 7, 7, 4, 4, 7], [4, 7, 7, 7, 4, 7, 5, 9, 7, 7, 7, 4], [4, 7, 7, 4, 4, 4, 5, 7, 7, 7, 4, 4], [7, 7, 4, 7, 4, 7, 7, 7, 4, 7, 7, 7], [7, 7, 4, 7, 7, 7, 7, 7, 7, 7, 7, 7], [7, 7, 7, 7, 7, 7, 7, 7, 7, 4, 7, 7], [7, 4, 7, 7, 7, 7, 4, 7, 7, 7, 7, 7], [7, 7, 7, 7, 7, 7, 7, 7, 7, 7, 7, 7]], "output": [[7, 7, 7, 7, 7, 7, 7, 7, 7, 7, 7, 7], [4, 7, 7, 4, 7, 7, 4, 7, 7, 7, 7, 7], [7, 7, 7, 7, 7, 7, 4, 7, 4, 7, 7, 7], [7, 7, 4, 7, 7, 4, 7, 7, 7, 7, 4, 4], [7, 4, 7, 7, 7, 7, 7, 7, 4, 7, 7, 7], [7, 4, 7, 7, 7, 7, 7, 7, 4, 4, 7, 4], [7, 4, 4, 7, 7, 7, 5, 7, 7, 4, 4, 7], [7, 7, 7, 7, 7, 7, 5, 9, 7, 7, 7, 4], [7, 7, 7, 7, 7, 7, 5, 7, 7, 7, 4, 4], [7, 7, 4, 7, 7, 7, 7, 7, 4, 7, 7, 7], [7, 7, 4, 7, 7, 7, 7, 7, 7, 7, 7, 7], [7, 7, 7, 7, 7, 7, 7, 7, 7, 4, 7, 7], [7, 4, 7, 7, 7, 7, 4, 7, 7, 7, 7, 7], [7, 7, 7, 7, 7, 7, 7, 7, 7, 7, 7, 7]]}, {"input": [[7, 4, 7, 7, 7, 7, 7, 7, 7, 7, 7, 7, 7], [4, 4, 7, 7, 5, 7, 7, 4, 7, 7, 7, 7, 7], [4, 4, 7, 9, 5, 7, 7, 4, 7, 4, 4, 7, 7], [7, 7, 7, 7, 5, 7, 7, 4, 7, 4, 7, 7, 4], [7, 7, 7, 7, 7, 7, 7, 4, 7, 7, 7, 7, 7], [7, 7, 7, 7, 7, 7, 4, 4, 4, 7, 7, 7, 7], [7, 4, 7, 7, 7, 7, 7, 7, 7, 7, 7, 7, 7], [7, 7, 7, 7, 7, 7, 7, 7, 7, 7, 7, 4, 7], [7, 7, 7, 7, 4, 7, 7, 7, 7, 7, 4, 7, 7], [7, 4, 7, 4, 7, 7, 7, 7, 7, 7, 7, 7, 7]], "output": [[7, 4, 7, 7, 7, 7, 7, 7, 7, 7, 7, 7, 7], [4, 4, 7, 7, 5, 7, 7, 7, 7, 7, 7, 7, 7], [4, 4, 7, 9, 5, 7, 7, 7, 7, 7, 7, 7, 7], [7, 7, 7, 7, 5, 7, 7, 7, 7, 7, 7, 7, 4], [7, 7, 7, 7, 7, 7, 7, 7, 7, 7, 7, 7, 7], [7, 7, 7, 7, 7, 7, 7, 7, 7, 7, 7, 7, 7], [7, 4, 7, 7, 7, 7, 7, 7, 7, 7, 7, 7, 7], [7, 7, 7, 7, 7, 7, 7, 7, 7, 7, 7, 4, 7], [7, 7, 7, 7, 4, 7, 7, 7, 7, 7, 4, 7, 7], [7, 4, 7, 4, 7, 7, 7, 7, 7, 7, 7, 7, 7]]}], "test": [{"input": [[7, 7, 7, 4, 7, 7, 7, 7, 7, 7, 7], [4, 7, 7, 7, 7, 7, 7, 4, 7, 7, 7], [4, 7, 7, 7, 7, 7, 7, 7, 7, 7, 7], [7, 7, 7, 5, 7, 7, 7, 4, 7, 7, 4], [4, 7, 9, 5, 7, 4, 4, 7, 7, 4, 4], [4, 7, 7, 5, 4, 7, 4, 4, 7, 7, 7], [7, 7, 7, 7, 4, 7, 7, 7, 7, 7, 7], [7, 7, 7, 7, 4, 7, 4, 7, 7, 7, 7], [7, 7, 7, 7, 7, 7, 7, 7, 4, 7, 4]], "output": [[7, 7, 7, 4, 7, 7, 7, 7, 7, 7, 7], [4, 7, 7, 7, 7, 7, 7, 4, 7, 7, 7], [4, 7, 7, 7, 7, 7, 7, 7, 7, 7, 7], [7, 7, 7, 5, 7, 7, 7, 4, 7, 7, 7], [4, 7, 9, 5, 7, 7, 7, 7, 7, 7, 7], [4, 7, 7, 5, 4, 7, 7, 7, 7, 7, 7], [7, 7, 7, 7, 4, 7, 7, 7, 7, 7, 7], [7, 7, 7, 7, 4, 7, 4, 7, 7, 7, 7], [7, 7, 7, 7, 7, 7, 7, 7, 4, 7, 4]]}]}