{"train": [{"input": [[0, 0, 0, 0, 0, 0, 0, 0, 0, 0, 0, 0], [0, 0, 0, 0, 0, 0, 0, 0, 0, 0, 0, 0], [0, 0, 0, 0, 9, 9, 6, 9, 9, 9, 0, 0], [0, 0, 0, 0, 9, 9, 9, 6, 9, 9, 0, 0], [0, 0, 0, 0, 9, 9, 6, 9, 9, 9, 0, 0], [0, 0, 0, 0, 0, 0, 0, 0, 0, 0, 0, 0], [0, 0, 0, 0, 0, 0, 0, 0, 0, 0, 0, 0], [0, 9, 9, 9, 6, 9, 9, 0, 0, 9, 9, 0], [0, 9, 9, 6, 9, 9, 9, 0, 0, 9, 6, 0], [0, 9, 9, 9, 6, 9, 9, 0, 0, 6, 9, 0], [0, 0, 0, 0, 0, 0, 0, 0, 0, 9, 9, 0], [0, 0, 0, 0, 0, 0, 0, 0, 0, 0, 0, 0]], "output": [[0, 0, 0, 0, 0, 0, 0, 0, 0, 0, 0, 0], [0, 0, 0, 0, 0, 0, 0, 0, 0, 0, 0, 0], [0, 0, 0, 9, 9, 0, 0, 0, 9, 9, 9, 0], [0, 0, 0, 9, 9, 9, 0, 0, 0, 9, 9, 0], [0, 0, 0, 9, 9, 0, 0, 0, 9, 9, 9, 0], [0, 0, 0, 0, 0, 0, 0, 0, 0, 0, 0, 0], [0, 0, 0, 0, 0, 0, 0, 0, 0, 9, 9, 0], [9, 9, 9, 0, 0, 0, 9, 9, 0, 9, 0, 0], [9, 9, 0, 0, 0, 9, 9, 9, 0, 0, 0, 0], [9, 9, 9, 0, 0, 0, 9, 9, 0, 0, 0, 0], [0, 0, 0, 0, 0, 0, 0, 0, 0, 0, 9, 0], [0, 0, 0, 0, 0, 0, 0, 0, 0, 9, 9, 0]]}, {"input": [[0, 0, 0, 0, 0, 0, 0, 0], [0, 9, 9, 9, 0, 0, 0, 0], [0, 9, 9, 9, 0, 0, 0, 0], [0, 6, 9, 6, 0, 0, 0, 0], [0, 9, 6, 9, 0, 0, 0, 0], [0, 9, 9, 9, 0, 0, 0, 0], [0, 9, 9, 9, 0, 0, 0, 0], [0, 0, 0, 0, 0, 0, 0, 0]], "output": [[0, 9, 9, 9, 0, 0, 0, 0], [0, 9, 9, 9, 0, 0, 0, 0], [0, 0, 9, 0, 0, 0, 0, 0], [0, 0, 0, 0, 0, 0, 0, 0], [0, 0, 0, 0, 0, 0, 0, 0], [0, 9, 0, 9, 0, 0, 0, 0], [0, 9, 9, 9, 0, 0, 0, 0], [0, 9, 9, 9, 0, 0, 0, 0]]}, {"input": [[0, 0, 0, 0, 0, 0, 0, 0, 0, 0, 0, 0, 0, 0, 0, 0], [0, 0, 0, 0, 0, 0, 0, 0, 0, 0, 0, 0, 0, 0, 0, 0], [0, 0, 0, 0, 0, 0, 9, 9, 6, 9, 0, 0, 9, 9, 9, 9], [0, 0, 0, 0, 0, 0, 9, 6, 9, 9, 0, 0, 9, 9, 9, 9], [0, 0, 9, 9, 0, 0, 0, 0, 0, 0, 0, 0, 9, 9, 9, 9], [0, 0, 6, 9, 0, 0, 0, 0, 0, 0, 0, 0, 9, 6, 9, 6], [0, 0, 9, 6, 0, 0, 0, 0, 0, 0, 0, 0, 6, 9, 6, 9], [0, 0, 9, 9, 0, 0, 0, 0, 0, 0, 0, 0, 9, 9, 9, 9], [0, 0, 0, 0, 0, 0, 0, 0, 0, 0, 0, 0, 9, 9, 9, 9], [0, 0, 0, 0, 0, 0, 0, 0, 0, 0, 0, 0, 9, 9, 9, 9], [0, 0, 0, 0, 0, 0, 0, 0, 0, 0, 0, 0, 0, 0, 0, 0], [0, 0, 9, 9, 9, 9, 6, 9, 9, 9, 0, 0, 0, 0, 0, 0], [0, 0, 9, 9, 9, 6, 9, 9, 9, 9, 0, 0, 0, 0, 0, 0], [0, 0, 9, 9, 9, 9, 6, 9, 9, 9, 0, 0, 0, 0, 0, 0], [0, 0, 9, 9, 9, 6, 9, 9, 9, 9, 0, 0, 0, 0, 0, 0], [0, 0, 0, 0, 0, 0, 0, 0, 0, 0, 0, 0, 0, 0, 0, 0]], "output": [[0, 0, 0, 0, 0, 0, 0, 0, 0, 0, 0, 0, 0, 0, 0, 0], [0, 0, 0, 0, 0, 0, 0, 0, 0, 0, 0, 0, 9, 9, 9, 9], [0, 0, 0, 0, 0, 9, 9, 0, 0, 0, 9, 0, 9, 9, 9, 9], [0, 0, 9, 9, 0, 9, 0, 0, 0, 9, 9, 0, 9, 9, 9, 9], [0, 0, 0, 9, 0, 0, 0, 0, 0, 0, 0, 0, 9, 0, 9, 0], [0, 0, 0, 0, 0, 0, 0, 0, 0, 0, 0, 0, 0, 0, 0, 0], [0, 0, 0, 0, 0, 0, 0, 0, 0, 0, 0, 0, 0, 0, 0, 0], [0, 0, 9, 0, 0, 0, 0, 0, 0, 0, 0, 0, 0, 9, 0, 9], [0, 0, 9, 9, 0, 0, 0, 0, 0, 0, 0, 0, 9, 9, 9, 9], [0, 0, 0, 0, 0, 0, 0, 0, 0, 0, 0, 0, 9, 9, 9, 9], [0, 0, 0, 0, 0, 0, 0, 0, 0, 0, 0, 0, 9, 9, 9, 9], [0, 9, 9, 9, 9, 0, 0, 0, 9, 9, 9, 0, 0, 0, 0, 0], [0, 9, 9, 9, 0, 0, 0, 9, 9, 9, 9, 0, 0, 0, 0, 0], [0, 9, 9, 9, 9, 0, 0, 0, 9, 9, 9, 0, 0, 0, 0, 0], [0, 9, 9, 9, 0, 0, 0, 9, 9, 9, 9, 0, 0, 0, 0, 0], [0, 0, 0, 0, 0, 0, 0, 0, 0, 0, 0, 0, 0, 0, 0, 0]]}], "test": [{"input": [[0, 0, 0, 9, 6, 9, 9, 0, 0, 0, 0, 0, 0, 0, 0, 0, 0, 0, 0], [0, 0, 0, 9, 9, 6, 9, 0, 0, 0, 9, 9, 6, 9, 9, 9, 0, 0, 0], [0, 0, 0, 0, 0, 0, 0, 0, 0, 0, 9, 9, 9, 6, 9, 9, 0, 0, 0], [0, 0, 0, 0, 0, 0, 0, 0, 0, 0, 9, 9, 6, 9, 9, 9, 0, 0, 0], [0, 0, 0, 0, 0, 0, 0, 0, 0, 0, 0, 0, 0, 0, 0, 0, 0, 0, 0], [0, 0, 9, 9, 9, 9, 9, 0, 0, 0, 0, 0, 0, 0, 0, 0, 0, 0, 0], [0, 0, 9, 9, 9, 9, 9, 0, 9, 9, 9, 9, 9, 9, 0, 0, 0, 0, 0], [0, 0, 9, 9, 9, 9, 9, 0, 9, 9, 9, 9, 9, 9, 0, 0, 0, 9, 9], [0, 0, 9, 9, 9, 9, 9, 0, 9, 9, 9, 9, 9, 9, 0, 0, 0, 9, 6], [0, 0, 9, 6, 9, 6, 9, 0, 9, 9, 9, 9, 9, 9, 0, 0, 0, 6, 9], [0, 0, 6, 9, 6, 9, 6, 0, 9, 9, 9, 9, 9, 9, 0, 0, 0, 9, 9], [0, 0, 9, 9, 9, 9, 9, 0, 6, 9, 6, 9, 6, 9, 0, 0, 0, 0, 0], [0, 0, 9, 9, 9, 9, 9, 0, 9, 6, 9, 6, 9, 6, 0, 0, 0, 0, 0], [0, 0, 9, 9, 9, 9, 9, 0, 9, 9, 9, 9, 9, 9, 0, 0, 0, 0, 0], [0, 0, 9, 9, 9, 9, 9, 0, 9, 9, 9, 9, 9, 9, 0, 0, 0, 9, 9], [0, 0, 0, 0, 0, 0, 0, 0, 9, 9, 9, 9, 9, 9, 0, 0, 0, 6, 9], [0, 0, 0, 0, 0, 0, 0, 0, 9, 9, 9, 9, 9, 9, 0, 0, 0, 9, 6], [0, 0, 9, 9, 6, 9, 0, 0, 9, 9, 9, 9, 9, 9, 0, 0, 0, 9, 9], [0, 0, 9, 6, 9, 9, 0, 0, 0, 0, 0, 0, 0, 0, 0, 0, 0, 0, 0]], "output": [[0, 0, 9, 0, 0, 0, 9, 9, 0, 0, 0, 0, 0, 0, 0, 0, 0, 0, 0], [0, 0, 9, 9, 0, 0, 0, 9, 0, 9, 9, 0, 0, 0, 9, 9, 9, 0, 0], [0, 0, 0, 0, 0, 0, 0, 0, 0, 9, 9, 9, 0, 0, 0, 9, 9, 0, 0], [0, 0, 0, 0, 0, 0, 0, 0, 0, 9, 9, 0, 0, 0, 9, 9, 9, 0, 0], [0, 0, 9, 9, 9, 9, 9, 0, 0, 0, 0, 0, 0, 0, 0, 0, 0, 0, 0], [0, 0, 9, 9, 9, 9, 9, 0, 9, 9, 9, 9, 9, 9, 0, 0, 0, 0, 0], [0, 0, 9, 9, 9, 9, 9, 0, 9, 9, 9, 9, 9, 9, 0, 0, 0, 9, 9], [0, 0, 9, 9, 9, 9, 9, 0, 9, 9, 9, 9, 9, 9, 0, 0, 0, 9, 0], [0, 0, 9, 0, 9, 0, 9, 0, 9, 9, 9, 9, 9, 9, 0, 0, 0, 0, 0], [0, 0, 0, 0, 0, 0, 0, 0, 9, 9, 9, 9, 9, 9, 0, 0, 0, 0, 0], [0, 0, 0, 0, 0, 0, 0, 0, 0, 9, 0, 9, 0, 9, 0, 0, 0, 0, 9], [0, 0, 0, 9, 0, 9, 0, 0, 0, 0, 0, 0, 0, 0, 0, 0, 0, 9, 9], [0, 0, 9, 9, 9, 9, 9, 0, 0, 0, 0, 0, 0, 0, 0, 0, 0, 0, 0], [0, 0, 9, 9, 9, 9, 9, 0, 9, 0, 9, 0, 9, 0, 0, 0, 0, 9, 9], [0, 0, 9, 9, 9, 9, 9, 0, 9, 9, 9, 9, 9, 9, 0, 0, 0, 0, 9], [0, 0, 9, 9, 9, 9, 9, 0, 9, 9, 9, 9, 9, 9, 0, 0, 0, 0, 0], [0, 0, 0, 0, 0, 0, 0, 0, 9, 9, 9, 9, 9, 9, 0, 0, 0, 0, 0], [0, 9, 9, 0, 0, 0, 9, 0, 9, 9, 9, 9, 9, 9, 0, 0, 0, 9, 0], [0, 9, 0, 0, 0, 9, 9, 0, 9, 9, 9, 9, 9, 9, 0, 0, 0, 9, 9]]}]}