{"train": [{"input": [[0, 0, 0, 0], [0, 0, 5, 0], [0, 0, 0, 0], [0, 5, 0, 0]], "output": [[0, 2, 0, 0, 0, 2, 0, 0, 0, 2, 0, 0], [0, 0, 5, 0, 0, 0, 5, 0, 0, 0, 5, 0], [2, 0, 0, 0, 2, 0, 0, 0, 2, 0, 0, 0], [0, 5, 0, 0, 0, 5, 0, 0, 0, 5, 0, 0], [0, 2, 0, 0, 0, 2, 0, 0, 0, 2, 0, 0], [0, 0, 5, 0, 0, 0, 5, 0, 0, 0, 5, 0], [2, 0, 0, 0, 2, 0, 0, 0, 2, 0, 0, 0], [0, 5, 0, 0, 0, 5, 0, 0, 0, 5, 0, 0], [0, 2, 0, 0, 0, 2, 0, 0, 0, 2, 0, 0], [0, 0, 5, 0, 0, 0, 5, 0, 0, 0, 5, 0], [2, 0, 0, 0, 2, 0, 0, 0, 2, 0, 0, 0], [0, 5, 0, 0, 0, 5, 0, 0, 0, 5, 0, 0]]}, {"input": [[0, 0, 0], [0, 0, 6], [6, 0, 0]], "output": [[0, 2, 0, 0, 2, 0, 0, 2, 0], [0, 0, 6, 0, 0, 6, 0, 0, 6], [6, 0, 0, 6, 0, 0, 6, 0, 0], [0, 2, 0, 0, 2, 0, 0, 2, 0], [0, 0, 6, 0, 0, 6, 0, 0, 6], [6, 0, 0, 6, 0, 0, 6, 0, 0], [0, 2, 0, 0, 2, 0, 0, 2, 0], [0, 0, 6, 0, 0, 6, 0, 0, 6], [6, 0, 0, 6, 0, 0, 6, 0, 0]]}, {"input": [[0, 0, 0, 0, 0], [0, 8, 0, 0, 0], [0, 8, 0, 0, 0], [0, 0, 0, 0, 0], [0, 0, 0, 0, 0]], "output": [[2, 0, 0, 0, 0, 2, 0, 0, 0, 0, 2, 0, 0, 0, 0], [2, 8, 0, 0, 0, 2, 8, 0, 0, 0, 2, 8, 0, 0, 0], [0, 8, 0, 0, 0, 0, 8, 0, 0, 0, 0, 8, 0, 0, 0], [0, 0, 0, 0, 0, 0, 0, 0, 0, 0, 0, 0, 0, 0, 0], [0, 0, 0, 0, 0, 0, 0, 0, 0, 0, 0, 0, 0, 0, 0], [2, 0, 0, 0, 0, 2, 0, 0, 0, 0, 2, 0, 0, 0, 0], [2, 8, 0, 0, 0, 2, 8, 0, 0, 0, 2, 8, 0, 0, 0], [0, 8, 0, 0, 0, 0, 8, 0, 0, 0, 0, 8, 0, 0, 0], [0, 0, 0, 0, 0, 0, 0, 0, 0, 0, 0, 0, 0, 0, 0], [0, 0, 0, 0, 0, 0, 0, 0, 0, 0, 0, 0, 0, 0, 0], [2, 0, 0, 0, 0, 2, 0, 0, 0, 0, 2, 0, 0, 0, 0], [2, 8, 0, 0, 0, 2, 8, 0, 0, 0, 2, 8, 0, 0, 0], [0, 8, 0, 0, 0, 0, 8, 0, 0, 0, 0, 8, 0, 0, 0], [0, 0, 0, 0, 0, 0, 0, 0, 0, 0, 0, 0, 0, 0, 0], [0, 0, 0, 0, 0, 0, 0, 0, 0, 0, 0, 0, 0, 0, 0]]}, {"input": [[0, 0, 0, 0], [0, 0, 0, 0], [0, 0, 0, 0], [1, 0, 0, 0]], "output": [[0, 0, 0, 0, 0, 0, 0, 0, 0, 0, 0, 0], [0, 0, 0, 0, 0, 0, 0, 0, 0, 0, 0, 0], [0, 0, 0, 2, 0, 0, 0, 2, 0, 0, 0, 2], [1, 0, 0, 0, 1, 0, 0, 0, 1, 0, 0, 0], [0, 0, 0, 0, 0, 0, 0, 0, 0, 0, 0, 0], [0, 0, 0, 0, 0, 0, 0, 0, 0, 0, 0, 0], [0, 0, 0, 2, 0, 0, 0, 2, 0, 0, 0, 2], [1, 0, 0, 0, 1, 0, 0, 0, 1, 0, 0, 0], [0, 0, 0, 0, 0, 0, 0, 0, 0, 0, 0, 0], [0, 0, 0, 0, 0, 0, 0, 0, 0, 0, 0, 0], [0, 0, 0, 2, 0, 0, 0, 2, 0, 0, 0, 2], [1, 0, 0, 0, 1, 0, 0, 0, 1, 0, 0, 0]]}, {"input": [[0, 0], [0, 7]], "output": [[2, 0, 2, 0, 2, 0], [0, 7, 0, 7, 0, 7], [2, 0, 2, 0, 2, 0], [0, 7, 0, 7, 0, 7], [2, 0, 2, 0, 2, 0], [0, 7, 0, 7, 0, 7]]}], "test": [{"input": [[0, 0, 0, 0], [0, 0, 4, 0], [0, 0, 0, 0], [4, 0, 0, 0]], "output": [[0, 2, 0, 0, 0, 2, 0, 0, 0, 2, 0, 0], [0, 0, 4, 0, 0, 0, 4, 0, 0, 0, 4, 0], [0, 0, 0, 2, 0, 0, 0, 2, 0, 0, 0, 2], [4, 0, 0, 0, 4, 0, 0, 0, 4, 0, 0, 0], [0, 2, 0, 0, 0, 2, 0, 0, 0, 2, 0, 0], [0, 0, 4, 0, 0, 0, 4, 0, 0, 0, 4, 0], [0, 0, 0, 2, 0, 0, 0, 2, 0, 0, 0, 2], [4, 0, 0, 0, 4, 0, 0, 0, 4, 0, 0, 0], [0, 2, 0, 0, 0, 2, 0, 0, 0, 2, 0, 0], [0, 0, 4, 0, 0, 0, 4, 0, 0, 0, 4, 0], [0, 0, 0, 2, 0, 0, 0, 2, 0, 0, 0, 2], [4, 0, 0, 0, 4, 0, 0, 0, 4, 0, 0, 0]]}]}