{"train": [{"input": [[8, 8, 8, 8, 8, 0, 1, 0, 1, 1, 8, 1, 1, 1, 0, 0, 0, 0, 0, 1], [1, 0, 0, 0, 0, 8, 1, 1, 0, 0, 0, 8, 0, 5, 5, 5, 5, 5, 8, 1], [0, 0, 0, 0, 0, 8, 1, 0, 0, 8, 1, 1, 1, 5, 5, 5, 5, 5, 8, 0], [1, 8, 0, 1, 8, 0, 0, 8, 8, 8, 8, 1, 8, 5, 5, 5, 5, 5, 1, 0], [0, 8, 0, 9, 9, 9, 9, 8, 0, 0, 0, 0, 0, 5, 5, 5, 5, 5, 8, 0], [8, 1, 8, 9, 9, 9, 9, 8, 1, 1, 0, 1, 1, 0, 8, 0, 8, 8, 0, 8], [0, 0, 0, 9, 9, 9, 9, 0, 1, 1, 8, 8, 3, 3, 8, 1, 1, 0, 0, 1], [8, 1, 1, 8, 1, 8, 0, 1, 0, 0, 0, 3, 3, 3, 1, 0, 8, 1, 8, 8], [0, 1, 8, 8, 1, 1, 0, 8, 8, 3, 3, 3, 3, 3, 8, 0, 0, 8, 1, 0], [0, 1, 1, 0, 1, 0, 0, 0, 8, 3, 3, 3, 3, 3, 1, 1, 8, 8, 1, 0], [8, 0, 8, 0, 8, 0, 0, 0, 0, 3, 3, 3, 3, 3, 1, 1, 1, 0, 8, 8], [0, 0, 0, 0, 8, 1, 1, 1, 1, 3, 3, 3, 3, 3, 1, 1, 0, 1, 8, 1], [0, 8, 8, 0, 8, 8, 1, 8, 0, 3, 3, 3, 8, 1, 1, 0, 0, 0, 0, 0], [0, 0, 8, 8, 0, 0, 8, 0, 1, 0, 0, 1, 0, 0, 0, 8, 1, 1, 1, 0], [0, 0, 1, 0, 1, 0, 1, 8, 8, 1, 0, 0, 8, 0, 1, 0, 1, 1, 0, 0], [0, 4, 4, 4, 4, 4, 8, 4, 0, 0, 0, 1, 0, 8, 0, 8, 0, 1, 8, 0], [1, 4, 4, 4, 4, 4, 4, 4, 0, 1, 1, 0, 8, 0, 0, 0, 0, 8, 1, 8], [1, 4, 4, 4, 4, 4, 1, 1, 0, 1, 0, 1, 1, 0, 0, 0, 0, 1, 0, 8], [0, 1, 0, 0, 0, 1, 8, 1, 0, 8, 0, 1, 0, 0, 8, 0, 0, 8, 1, 0], [8, 0, 1, 0, 0, 1, 0, 8, 0, 1, 1, 0, 1, 8, 0, 8, 0, 0, 1, 0]], "output": [[3, 3, 3], [3, 3, 3], [3, 3, 3]]}, {"input": [[6, 6, 6, 7, 7, 7, 0, 0, 6, 0, 0, 6, 0, 0, 6, 6, 0, 0, 6, 6], [0, 0, 0, 0, 6, 0, 0, 0, 7, 0, 0, 7, 0, 0, 6, 7, 6, 0, 7, 0], [6, 0, 0, 7, 6, 0, 0, 0, 0, 7, 0, 0, 6, 6, 0, 0, 0, 6, 7, 6], [7, 0, 7, 2, 2, 2, 2, 0, 7, 0, 7, 7, 0, 7, 0, 0, 6, 7, 0, 6], [0, 7, 0, 2, 2, 2, 2, 7, 6, 7, 0, 0, 6, 7, 6, 0, 7, 0, 6, 0], [7, 0, 0, 2, 2, 2, 2, 7, 0, 0, 0, 0, 6, 7, 0, 0, 0, 0, 0, 0], [6, 6, 6, 2, 2, 2, 2, 0, 7, 0, 0, 9, 9, 9, 7, 7, 0, 7, 7, 0], [7, 0, 0, 0, 7, 0, 0, 7, 6, 0, 6, 9, 9, 9, 7, 0, 6, 0, 0, 0], [7, 6, 0, 6, 6, 7, 0, 6, 0, 6, 7, 9, 9, 9, 6, 0, 0, 0, 0, 0], [0, 0, 7, 7, 6, 0, 7, 6, 6, 7, 6, 9, 9, 9, 0, 0, 0, 0, 0, 0], [0, 7, 7, 6, 0, 0, 0, 0, 7, 0, 6, 0, 6, 0, 0, 7, 0, 7, 0, 0], [0, 6, 7, 7, 0, 7, 7, 7, 0, 0, 0, 6, 6, 6, 0, 0, 0, 0, 6, 6], [6, 7, 7, 0, 7, 6, 0, 6, 0, 0, 0, 0, 0, 6, 0, 0, 0, 0, 0, 7], [7, 6, 6, 0, 6, 7, 0, 6, 0, 6, 7, 6, 0, 0, 6, 7, 0, 0, 7, 6], [6, 0, 0, 6, 0, 7, 4, 4, 4, 4, 4, 0, 0, 7, 6, 0, 6, 0, 0, 0], [7, 0, 7, 0, 0, 0, 4, 4, 4, 4, 4, 7, 0, 7, 6, 0, 0, 0, 0, 7], [6, 6, 0, 0, 0, 0, 4, 4, 4, 4, 4, 0, 0, 0, 0, 0, 0, 6, 0, 0], [6, 7, 6, 6, 6, 0, 4, 4, 4, 4, 4, 6, 7, 7, 6, 7, 0, 0, 0, 6], [7, 0, 0, 0, 6, 6, 4, 4, 4, 4, 4, 6, 0, 6, 0, 0, 0, 0, 6, 7], [0, 0, 7, 7, 6, 0, 0, 6, 7, 6, 6, 0, 6, 0, 6, 0, 7, 7, 0, 0]], "output": [[4, 4, 4], [4, 4, 4], [4, 4, 4]]}, {"input": [[0, 3, 2, 0, 0, 0, 0, 0, 2, 0, 3, 2, 2, 3, 3, 2, 0, 0, 0, 0], [2, 2, 0, 0, 2, 0, 0, 0, 3, 3, 2, 2, 0, 3, 0, 0, 3, 2, 2, 3], [0, 2, 8, 8, 8, 8, 8, 8, 0, 0, 0, 2, 3, 3, 0, 2, 6, 6, 0, 2], [3, 8, 8, 8, 8, 8, 8, 8, 3, 0, 0, 3, 2, 3, 6, 6, 6, 6, 6, 2], [0, 8, 8, 8, 8, 8, 8, 8, 3, 2, 0, 2, 3, 9, 6, 6, 6, 6, 6, 3], [2, 0, 8, 8, 8, 8, 8, 8, 8, 0, 0, 2, 0, 0, 6, 6, 6, 6, 6, 0], [0, 2, 0, 8, 8, 8, 8, 8, 8, 2, 2, 0, 6, 6, 6, 6, 6, 6, 6, 2], [0, 0, 2, 3, 8, 8, 8, 8, 8, 8, 0, 3, 0, 6, 6, 6, 6, 6, 6, 3], [0, 0, 0, 2, 0, 0, 2, 0, 0, 2, 0, 3, 3, 6, 6, 6, 0, 0, 0, 0], [0, 0, 2, 2, 0, 3, 0, 3, 3, 0, 0, 0, 0, 0, 0, 0, 0, 3, 0, 0], [0, 2, 3, 2, 2, 3, 3, 2, 2, 0, 2, 2, 0, 2, 0, 0, 2, 0, 2, 2], [3, 0, 0, 3, 2, 0, 3, 0, 0, 2, 4, 4, 4, 0, 0, 0, 2, 0, 2, 3], [0, 0, 0, 0, 2, 0, 2, 0, 0, 4, 4, 4, 4, 0, 0, 3, 0, 2, 0, 2], [3, 2, 0, 0, 0, 3, 0, 0, 4, 4, 4, 4, 4, 3, 2, 3, 2, 0, 2, 0], [3, 2, 2, 0, 2, 0, 0, 0, 4, 4, 4, 4, 4, 3, 2, 0, 3, 0, 2, 2], [2, 3, 0, 0, 2, 2, 0, 3, 0, 4, 4, 4, 4, 3, 2, 0, 0, 0, 3, 2], [2, 2, 0, 3, 0, 2, 0, 3, 0, 2, 3, 2, 2, 2, 0, 2, 2, 3, 0, 3], [2, 2, 0, 0, 0, 0, 0, 3, 2, 3, 0, 2, 0, 0, 0, 2, 0, 2, 2, 2], [0, 0, 0, 0, 0, 0, 3, 3, 2, 3, 3, 3, 2, 0, 0, 3, 0, 2, 3, 3], [0, 0, 3, 2, 0, 0, 2, 2, 2, 0, 3, 0, 0, 2, 0, 3, 0, 3, 0, 0]], "output": [[8, 8, 8], [8, 8, 8], [8, 8, 8]]}], "test": [{"input": [[0, 9, 9, 7, 0, 0, 9, 7, 7, 7, 0, 7, 0, 0, 7, 0, 9, 0, 0, 0], [0, 0, 7, 3, 3, 3, 3, 0, 7, 7, 0, 0, 0, 0, 6, 6, 6, 6, 0, 9], [0, 7, 9, 3, 3, 3, 3, 3, 3, 0, 9, 9, 7, 0, 6, 6, 6, 6, 0, 7], [0, 9, 0, 3, 3, 3, 3, 3, 3, 3, 7, 0, 7, 6, 6, 6, 6, 6, 0, 0], [9, 0, 0, 7, 0, 9, 7, 7, 0, 7, 7, 0, 0, 0, 9, 6, 6, 6, 7, 7], [0, 0, 9, 7, 0, 9, 9, 0, 0, 7, 0, 0, 9, 0, 0, 6, 6, 6, 0, 7], [0, 9, 0, 9, 0, 0, 7, 0, 0, 9, 0, 0, 0, 0, 0, 9, 9, 0, 0, 0], [0, 9, 0, 0, 9, 7, 0, 0, 0, 9, 7, 0, 9, 9, 0, 7, 0, 0, 0, 0], [0, 7, 8, 8, 8, 8, 9, 9, 0, 7, 0, 0, 9, 7, 7, 0, 0, 9, 7, 7], [9, 0, 9, 8, 8, 8, 7, 7, 0, 7, 0, 0, 9, 0, 0, 9, 0, 7, 0, 0], [0, 0, 9, 8, 8, 8, 0, 9, 0, 9, 0, 0, 7, 5, 5, 0, 0, 9, 0, 9], [0, 0, 9, 8, 8, 8, 9, 0, 0, 0, 0, 9, 5, 5, 5, 7, 0, 0, 0, 9], [9, 0, 0, 8, 8, 8, 0, 7, 9, 9, 7, 0, 5, 5, 5, 5, 0, 0, 0, 7], [9, 9, 9, 7, 9, 8, 8, 0, 9, 7, 0, 5, 5, 5, 5, 5, 9, 0, 7, 0], [0, 0, 7, 7, 0, 7, 8, 0, 0, 0, 7, 5, 5, 5, 5, 5, 5, 9, 0, 9], [9, 7, 7, 0, 9, 0, 7, 9, 7, 0, 9, 5, 5, 5, 5, 5, 5, 0, 0, 9], [0, 7, 7, 0, 0, 7, 9, 0, 7, 0, 9, 7, 5, 5, 5, 5, 5, 9, 7, 9], [0, 0, 7, 7, 7, 0, 0, 9, 0, 9, 0, 0, 5, 5, 5, 5, 5, 0, 0, 0], [0, 0, 0, 0, 0, 7, 9, 0, 0, 0, 9, 9, 5, 5, 5, 0, 9, 0, 9, 0], [0, 0, 9, 0, 7, 0, 0, 9, 7, 0, 0, 7, 0, 0, 7, 9, 0, 0, 0, 0]], "output": [[5, 5, 5], [5, 5, 5], [5, 5, 5]]}]}