{"train": [{"input": [[0, 5, 0, 0, 5, 0, 0, 0, 0, 0], [5, 5, 0, 0, 0, 5, 5, 0, 5, 0], [0, 0, 0, 5, 5, 0, 0, 5, 5, 5], [0, 0, 5, 0, 5, 5, 0, 0, 5, 0], [0, 5, 0, 0, 0, 0, 0, 0, 5, 0], [5, 0, 5, 0, 0, 5, 5, 5, 0, 5], [0, 0, 0, 5, 0, 5, 5, 0, 5, 0], [0, 0, 5, 0, 5, 5, 5, 0, 0, 0], [5, 0, 5, 5, 0, 5, 5, 0, 5, 0], [0, 0, 0, 0, 0, 0, 0, 5, 0, 0]], "output": [[0, 5, 1, 1, 5, 0, 0, 0, 0, 0], [5, 5, 1, 1, 0, 5, 5, 0, 5, 0], [1, 1, 0, 5, 5, 0, 0, 5, 5, 5], [1, 1, 5, 0, 5, 5, 1, 1, 5, 0], [0, 5, 0, 1, 1, 0, 1, 1, 5, 0], [5, 0, 5, 1, 1, 5, 5, 5, 0, 5], [1, 1, 0, 5, 0, 5, 5, 0, 5, 0], [1, 1, 5, 0, 5, 5, 5, 0, 0, 0], [5, 0, 5, 5, 0, 5, 5, 0, 5, 0], [0, 0, 0, 0, 0, 0, 0, 5, 0, 0]]}, {"input": [[5, 5, 0, 0, 0, 0, 0, 5, 0, 0], [0, 0, 5, 5, 0, 0, 0, 0, 5, 5], [5, 5, 0, 5, 0, 0, 0, 0, 5, 0], [0, 0, 0, 0, 5, 5, 5, 5, 0, 5], [0, 5, 0, 5, 0, 5, 5, 0, 5, 0], [5, 0, 0, 0, 0, 5, 0, 0, 5, 5], [5, 5, 5, 0, 5, 0, 0, 0, 0, 5], [0, 5, 0, 0, 0, 0, 5, 5, 5, 0], [5, 0, 0, 0, 0, 5, 0, 0, 5, 5], [5, 0, 0, 0, 0, 0, 5, 5, 0, 0]], "output": [[5, 5, 0, 0, 1, 1, 1, 5, 0, 0], [0, 0, 5, 5, 1, 1, 1, 0, 5, 5], [5, 5, 0, 5, 1, 1, 1, 0, 5, 0], [0, 0, 0, 0, 5, 5, 5, 5, 0, 5], [0, 5, 0, 5, 0, 5, 5, 0, 5, 0], [5, 0, 0, 0, 0, 5, 1, 1, 5, 5], [5, 5, 5, 0, 5, 0, 1, 1, 0, 5], [0, 5, 1, 1, 1, 0, 5, 5, 5, 0], [5, 0, 1, 1, 1, 5, 0, 0, 5, 5], [5, 0, 1, 1, 1, 0, 5, 5, 0, 0]]}, {"input": [[0, 0, 5, 0, 0, 0, 0, 5, 0, 5], [0, 5, 0, 0, 0, 5, 0, 0, 0, 5], [0, 0, 5, 0, 5, 0, 0, 0, 0, 0], [0, 0, 0, 0, 5, 0, 0, 0, 0, 0], [0, 5, 5, 0, 0, 5, 5, 5, 0, 5], [5, 0, 0, 5, 0, 5, 0, 0, 0, 0], [5, 5, 5, 5, 0, 5, 5, 5, 0, 0], [0, 0, 0, 5, 0, 0, 0, 0, 5, 0], [0, 0, 0, 0, 5, 5, 5, 5, 5, 5], [0, 0, 0, 0, 0, 5, 0, 0, 5, 0]], "output": [[0, 0, 5, 1, 1, 0, 0, 5, 0, 5], [0, 5, 0, 1, 1, 5, 1, 1, 1, 5], [1, 1, 5, 0, 5, 0, 1, 1, 1, 0], [1, 1, 0, 0, 5, 0, 1, 1, 1, 0], [0, 5, 5, 0, 0, 5, 5, 5, 0, 5], [5, 0, 0, 5, 0, 5, 0, 0, 1, 1], [5, 5, 5, 5, 0, 5, 5, 5, 1, 1], [1, 1, 1, 5, 0, 0, 0, 0, 5, 0], [1, 1, 1, 0, 5, 5, 5, 5, 5, 5], [1, 1, 1, 0, 0, 5, 0, 0, 5, 0]]}], "test": [{"input": [[5, 0, 0, 0, 5, 0, 5, 0, 5, 0], [5, 0, 0, 5, 0, 5, 5, 0, 0, 0], [5, 5, 0, 5, 5, 0, 0, 5, 5, 0], [5, 0, 0, 0, 0, 0, 0, 5, 0, 0], [5, 0, 0, 0, 5, 5, 0, 0, 0, 5], [0, 0, 0, 0, 0, 0, 5, 5, 0, 0], [0, 0, 5, 5, 0, 0, 5, 5, 0, 0], [5, 0, 5, 0, 5, 0, 5, 0, 0, 5], [0, 5, 5, 0, 5, 0, 0, 5, 5, 5], [0, 0, 0, 5, 5, 5, 0, 0, 0, 0]], "output": [[5, 1, 1, 0, 5, 0, 5, 0, 5, 0], [5, 1, 1, 5, 0, 5, 5, 0, 0, 0], [5, 5, 0, 5, 5, 1, 1, 5, 5, 0], [5, 1, 1, 1, 0, 1, 1, 5, 0, 0], [5, 1, 1, 1, 5, 5, 0, 0, 0, 5], [0, 1, 1, 1, 1, 1, 5, 5, 1, 1], [0, 0, 5, 5, 1, 1, 5, 5, 1, 1], [5, 0, 5, 0, 5, 0, 5, 0, 0, 5], [0, 5, 5, 0, 5, 0, 0, 5, 5, 5], [0, 0, 0, 5, 5, 5, 0, 0, 0, 0]]}]}