{"train": [{"input": [[9, 0, 0, 9, 9], [0, 0, 0, 0, 0], [0, 0, 9, 0, 9], [0, 0, 4, 4, 0], [4, 4, 4, 0, 0], [4, 0, 4, 0, 4]], "output": [[6, 0, 6, 0, 6], [6, 6, 6, 0, 0], [6, 0, 0, 0, 0]]}, {"input": [[0, 0, 9, 9, 0], [9, 9, 0, 9, 9], [0, 9, 0, 0, 0], [4, 4, 0, 0, 0], [4, 0, 4, 4, 4], [0, 4, 0, 0, 4]], "output": [[6, 6, 6, 6, 0], [0, 6, 6, 0, 0], [0, 0, 0, 0, 6]]}, {"input": [[0, 9, 9, 0, 0], [9, 0, 0, 0, 9], [9, 0, 0, 0, 0], [0, 0, 4, 0, 4], [4, 4, 0, 4, 0], [4, 0, 4, 4, 0]], "output": [[0, 6, 0, 0, 6], [0, 6, 0, 6, 6], [0, 0, 6, 6, 0]]}, {"input": [[0, 9, 0, 0, 0], [0, 9, 9, 0, 9], [9, 0, 0, 0, 9], [4, 4, 0, 4, 0], [0, 4, 4, 4, 0], [4, 4, 0, 0, 0]], "output": [[6, 0, 0, 6, 0], [0, 0, 0, 6, 6], [0, 6, 0, 0, 6]]}, {"input": [[9, 9, 0, 9, 0], [9, 0, 0, 9, 0], [0, 9, 9, 9, 9], [4, 0, 0, 4, 0], [4, 4, 0, 4, 4], [4, 4, 4, 0, 4]], "output": [[0, 6, 0, 0, 0], [0, 6, 0, 0, 6], [6, 0, 0, 6, 0]]}], "test": [{"input": [[0, 0, 9, 0, 9], [0, 9, 0, 0, 0], [9, 0, 9, 0, 0], [4, 0, 4, 4, 4], [0, 4, 4, 0, 4], [4, 0, 0, 0, 0]], "output": [[6, 0, 0, 6, 0], [0, 0, 6, 0, 6], [0, 0, 6, 0, 0]]}, {"input": [[9, 9, 0, 9, 0], [0, 0, 9, 0, 9], [0, 0, 0, 9, 9], [4, 4, 4, 0, 4], [4, 0, 4, 4, 4], [4, 4, 0, 0, 0]], "output": [[0, 0, 6, 6, 6], [6, 0, 0, 6, 0], [6, 6, 0, 6, 6]]}]}