{"train": [{"input": [[4, 4, 8, 8, 8, 0, 8, 8, 8, 8, 8, 0, 8, 8, 8, 8, 6], [8, 4, 4, 8, 8, 0, 5, 8, 8, 8, 5, 0, 8, 8, 8, 8, 8], [8, 8, 4, 4, 8, 0, 5, 5, 8, 8, 8, 0, 8, 8, 8, 8, 8], [4, 8, 8, 4, 4, 0, 8, 8, 8, 8, 8, 0, 8, 8, 6, 6, 8], [4, 4, 8, 8, 4, 0, 8, 8, 8, 8, 8, 0, 8, 8, 8, 6, 6]], "output": [[4, 4, 8, 8, 8], [5, 4, 4, 8, 8], [5, 5, 4, 4, 8], [8, 6, 6, 4, 4], [8, 8, 6, 6, 4]]}, {"input": [[8, 8, 8, 8, 8, 0, 8, 8, 8, 8, 8, 0, 1, 1, 1, 8, 1], [2, 2, 2, 8, 2, 0, 8, 8, 8, 8, 8, 0, 8, 8, 8, 8, 8], [8, 8, 8, 8, 8, 0, 6, 6, 6, 8, 6, 0, 8, 8, 8, 8, 8], [8, 8, 8, 8, 8, 0, 6, 6, 6, 8, 6, 0, 8, 8, 8, 8, 8], [8, 8, 8, 8, 8, 0, 8, 8, 8, 8, 8, 0, 8, 8, 8, 8, 8]], "output": [[1, 1, 1, 8, 8], [2, 2, 2, 8, 8], [6, 6, 6, 8, 8], [6, 6, 6, 8, 8], [8, 8, 8, 8, 8]]}, {"input": [[8, 8, 8, 8, 8, 0, 8, 8, 8, 8, 7, 0, 8, 8, 8, 4, 4], [8, 8, 8, 8, 8, 0, 8, 7, 7, 7, 8, 0, 8, 8, 8, 8, 4], [6, 8, 8, 8, 6, 0, 8, 7, 8, 7, 8, 0, 8, 8, 4, 8, 8], [6, 8, 8, 8, 8, 0, 8, 7, 7, 7, 8, 0, 8, 8, 8, 8, 8], [6, 6, 6, 8, 8, 0, 8, 8, 8, 8, 8, 0, 8, 8, 8, 8, 8]], "output": [[8, 8, 8, 4, 4], [8, 7, 7, 7, 4], [6, 7, 8, 7, 8], [6, 7, 7, 7, 8], [6, 6, 6, 8, 8]]}, {"input": [[8, 8, 8, 8, 8, 0, 8, 8, 8, 8, 8, 0, 9, 8, 8, 8, 8], [8, 1, 8, 8, 8, 0, 8, 8, 5, 5, 8, 0, 8, 8, 8, 8, 8], [8, 8, 8, 8, 8, 0, 8, 8, 8, 8, 8, 0, 8, 9, 9, 8, 8], [8, 8, 8, 8, 1, 0, 8, 8, 8, 5, 8, 0, 8, 9, 8, 8, 8], [8, 8, 1, 1, 1, 0, 8, 8, 8, 8, 8, 0, 8, 8, 8, 8, 8]], "output": [[8, 8, 8, 8, 8], [8, 8, 5, 5, 8], [8, 9, 9, 8, 8], [8, 9, 8, 8, 1], [8, 8, 1, 1, 1]]}], "test": [{"input": [[6, 6, 6, 8, 8, 0, 8, 8, 8, 8, 8, 0, 8, 8, 8, 4, 4], [8, 6, 8, 8, 8, 0, 1, 8, 1, 8, 8, 0, 8, 8, 8, 4, 4], [8, 8, 8, 8, 8, 0, 1, 1, 1, 8, 8, 0, 8, 8, 8, 8, 8], [8, 8, 8, 8, 8, 0, 8, 8, 8, 8, 8, 0, 4, 4, 4, 4, 4], [8, 8, 8, 6, 6, 0, 8, 1, 8, 8, 8, 0, 8, 8, 8, 8, 8]], "output": [[6, 6, 6, 8, 8], [1, 6, 1, 8, 8], [1, 1, 1, 8, 8], [4, 4, 4, 4, 4], [8, 8, 8, 8, 8]]}, {"input": [[8, 8, 8, 5, 5, 0, 8, 8, 2, 2, 8, 0, 3, 3, 8, 8, 8], [8, 8, 8, 8, 8, 0, 8, 8, 8, 2, 2, 0, 3, 3, 3, 8, 8], [8, 8, 8, 8, 8, 0, 2, 8, 8, 8, 8, 0, 8, 3, 8, 8, 8], [5, 5, 5, 8, 8, 0, 2, 8, 8, 8, 8, 0, 8, 8, 8, 3, 3], [5, 5, 5, 8, 8, 0, 8, 8, 8, 8, 8, 0, 8, 8, 8, 3, 3]], "output": [[3, 3, 2, 2, 8], [3, 3, 3, 2, 2], [8, 3, 8, 8, 8], [5, 5, 5, 8, 8], [5, 5, 5, 8, 8]]}]}