{"train": [{"input": [[0, 0, 0, 0, 0, 0, 0, 0, 0, 0, 0, 0, 0, 0, 0, 0, 0, 0, 0], [0, 6, 6, 6, 6, 6, 0, 0, 0, 0, 0, 0, 6, 6, 6, 6, 6, 0, 0], [0, 6, 6, 6, 6, 6, 0, 0, 0, 0, 0, 0, 6, 0, 6, 0, 6, 0, 0], [0, 6, 0, 6, 0, 6, 0, 0, 0, 0, 0, 0, 6, 6, 6, 6, 6, 0, 0], [0, 6, 6, 6, 6, 6, 0, 0, 0, 0, 0, 0, 6, 0, 6, 6, 6, 0, 0], [0, 6, 6, 6, 6, 6, 0, 0, 0, 0, 0, 0, 6, 6, 6, 6, 6, 0, 0], [0, 0, 0, 0, 0, 0, 0, 0, 0, 0, 0, 0, 0, 0, 0, 0, 0, 0, 0], [0, 0, 0, 0, 0, 0, 0, 6, 6, 6, 6, 6, 0, 0, 0, 0, 0, 0, 0], [0, 0, 0, 0, 0, 0, 0, 6, 0, 6, 6, 6, 0, 0, 0, 0, 0, 0, 0], [0, 6, 6, 6, 6, 6, 0, 6, 6, 6, 6, 6, 0, 0, 0, 0, 0, 0, 0], [0, 6, 6, 0, 6, 6, 0, 6, 6, 6, 0, 6, 0, 0, 0, 0, 0, 0, 0], [0, 6, 6, 6, 6, 6, 0, 6, 6, 6, 6, 6, 0, 0, 6, 6, 6, 6, 6], [0, 6, 0, 6, 6, 6, 0, 0, 0, 0, 0, 0, 0, 0, 6, 6, 6, 6, 6], [0, 6, 6, 6, 6, 6, 0, 0, 0, 0, 0, 0, 0, 0, 6, 0, 6, 6, 6], [0, 0, 0, 0, 0, 0, 0, 0, 0, 0, 0, 0, 0, 0, 6, 6, 6, 0, 6], [0, 0, 0, 0, 0, 0, 0, 0, 0, 0, 0, 0, 0, 0, 6, 6, 6, 6, 6]], "output": [[6, 6, 6, 6, 6], [6, 0, 6, 0, 6], [6, 6, 6, 6, 6], [6, 0, 6, 6, 6], [6, 6, 6, 6, 6]]}, {"input": [[0, 0, 0, 0, 0, 0, 0, 0, 0, 0, 0, 0, 0, 0, 8, 8, 8, 8, 8], [0, 8, 8, 8, 8, 8, 0, 0, 0, 0, 0, 0, 0, 0, 8, 0, 8, 8, 8], [0, 8, 0, 8, 0, 8, 0, 0, 8, 8, 8, 8, 8, 0, 8, 8, 8, 0, 8], [0, 8, 8, 8, 8, 8, 0, 0, 8, 0, 8, 0, 8, 0, 8, 0, 8, 8, 8], [0, 8, 0, 8, 8, 8, 0, 0, 8, 8, 8, 8, 8, 0, 8, 8, 8, 8, 8], [0, 8, 8, 8, 8, 8, 0, 0, 8, 8, 8, 0, 8, 0, 0, 0, 0, 0, 0], [0, 0, 0, 0, 0, 0, 0, 0, 8, 8, 8, 8, 8, 0, 0, 0, 0, 0, 0], [0, 0, 0, 0, 0, 0, 0, 0, 0, 0, 0, 0, 0, 0, 0, 0, 0, 0, 0], [0, 0, 0, 0, 0, 0, 0, 0, 0, 0, 0, 0, 8, 8, 8, 8, 8, 0, 0], [0, 0, 0, 8, 8, 8, 8, 8, 0, 0, 0, 0, 8, 8, 8, 0, 8, 0, 0], [0, 0, 0, 8, 0, 8, 0, 8, 0, 0, 0, 0, 8, 0, 8, 8, 8, 0, 0], [0, 0, 0, 8, 8, 8, 8, 8, 0, 0, 0, 0, 8, 8, 8, 0, 8, 0, 0], [0, 0, 0, 8, 0, 8, 0, 8, 0, 0, 0, 0, 8, 8, 8, 8, 8, 0, 0], [0, 0, 0, 8, 8, 8, 8, 8, 0, 0, 0, 0, 0, 0, 0, 0, 0, 0, 0], [0, 0, 0, 0, 0, 0, 0, 0, 0, 0, 0, 0, 0, 0, 0, 0, 0, 0, 0]], "output": [[8, 8, 8, 8, 8], [8, 0, 8, 0, 8], [8, 8, 8, 8, 8], [8, 0, 8, 0, 8], [8, 8, 8, 8, 8]]}, {"input": [[0, 0, 0, 0, 0, 0, 0, 0, 2, 2, 2, 2, 2, 0, 0, 0, 0, 0, 0], [0, 0, 0, 0, 0, 0, 0, 0, 2, 2, 2, 0, 2, 0, 0, 0, 0, 0, 0], [0, 2, 2, 2, 2, 2, 0, 0, 2, 0, 2, 2, 2, 0, 0, 0, 0, 0, 0], [0, 2, 0, 2, 0, 2, 0, 0, 2, 2, 2, 2, 2, 0, 0, 0, 0, 0, 0], [0, 2, 2, 2, 2, 2, 0, 0, 2, 2, 2, 2, 2, 0, 2, 2, 2, 2, 2], [0, 2, 2, 2, 2, 2, 0, 0, 0, 0, 0, 0, 0, 0, 2, 2, 2, 0, 2], [0, 2, 2, 2, 2, 2, 0, 0, 0, 0, 0, 0, 0, 0, 2, 0, 2, 2, 2], [0, 0, 0, 0, 0, 0, 0, 0, 0, 0, 0, 0, 0, 0, 2, 2, 2, 2, 2], [0, 0, 2, 2, 2, 2, 2, 0, 0, 0, 0, 0, 0, 0, 2, 2, 2, 2, 2], [0, 0, 2, 2, 0, 2, 2, 0, 0, 0, 0, 0, 0, 0, 0, 0, 0, 0, 0], [0, 0, 2, 2, 2, 2, 2, 0, 0, 2, 2, 2, 2, 2, 0, 0, 0, 0, 0], [0, 0, 2, 2, 2, 0, 2, 0, 0, 2, 2, 2, 2, 2, 0, 0, 0, 0, 0], [0, 0, 2, 2, 2, 2, 2, 0, 0, 2, 0, 2, 2, 2, 0, 0, 0, 0, 0], [0, 0, 0, 0, 0, 0, 0, 0, 0, 2, 2, 2, 2, 2, 0, 0, 0, 0, 0], [0, 0, 0, 0, 0, 0, 0, 0, 0, 2, 2, 2, 2, 2, 0, 0, 0, 0, 0], [0, 0, 0, 0, 0, 0, 0, 0, 0, 0, 0, 0, 0, 0, 0, 0, 0, 0, 0]], "output": [[2, 2, 2, 2, 2], [2, 2, 2, 2, 2], [2, 0, 2, 2, 2], [2, 2, 2, 2, 2], [2, 2, 2, 2, 2]]}, {"input": [[0, 0, 0, 0, 0, 0, 0, 0, 0, 0, 0, 0, 0, 0, 0, 0, 0, 0], [0, 0, 7, 7, 7, 7, 7, 0, 0, 0, 0, 0, 0, 0, 0, 0, 0, 0], [0, 0, 7, 7, 7, 0, 7, 0, 0, 7, 7, 7, 7, 7, 0, 0, 0, 0], [0, 0, 7, 0, 7, 7, 7, 0, 0, 7, 7, 7, 7, 7, 0, 0, 0, 0], [0, 0, 7, 7, 7, 7, 7, 0, 0, 7, 0, 7, 7, 7, 0, 0, 0, 0], [0, 0, 7, 7, 7, 7, 7, 0, 0, 7, 7, 7, 0, 7, 0, 0, 0, 0], [0, 0, 0, 0, 0, 0, 0, 0, 0, 7, 7, 7, 7, 7, 0, 0, 0, 0], [0, 0, 0, 0, 0, 0, 0, 0, 0, 0, 0, 0, 0, 0, 0, 0, 0, 0], [0, 0, 0, 7, 7, 7, 7, 7, 0, 0, 0, 0, 7, 7, 7, 7, 7, 0], [0, 0, 0, 7, 7, 7, 0, 7, 0, 0, 0, 0, 7, 0, 7, 7, 7, 0], [0, 0, 0, 7, 0, 7, 7, 7, 0, 0, 0, 0, 7, 7, 7, 0, 7, 0], [0, 0, 0, 7, 7, 7, 7, 7, 0, 0, 0, 0, 7, 0, 7, 7, 7, 0], [0, 0, 0, 7, 7, 7, 7, 7, 0, 0, 0, 0, 7, 7, 7, 7, 7, 0], [0, 0, 0, 0, 0, 0, 0, 0, 0, 0, 0, 0, 0, 0, 0, 0, 0, 0]], "output": [[7, 7, 7, 7, 7], [7, 0, 7, 7, 7], [7, 7, 7, 0, 7], [7, 0, 7, 7, 7], [7, 7, 7, 7, 7]]}], "test": [{"input": [[0, 1, 1, 1, 1, 1, 0, 0, 0, 0, 0, 0, 0, 0, 0, 0, 0, 0, 0], [0, 1, 1, 1, 0, 1, 0, 0, 0, 1, 1, 1, 1, 1, 0, 0, 0, 0, 0], [0, 1, 1, 1, 1, 1, 0, 0, 0, 1, 0, 1, 0, 1, 0, 0, 0, 0, 0], [0, 1, 0, 1, 1, 1, 0, 0, 0, 1, 1, 1, 1, 1, 0, 0, 0, 0, 0], [0, 1, 1, 1, 1, 1, 0, 0, 0, 1, 1, 1, 1, 1, 0, 0, 0, 0, 0], [0, 0, 0, 0, 0, 0, 0, 0, 0, 1, 1, 1, 1, 1, 0, 0, 0, 0, 0], [0, 0, 0, 0, 0, 0, 0, 0, 0, 0, 0, 0, 0, 0, 0, 0, 0, 0, 0], [1, 1, 1, 1, 1, 0, 0, 0, 0, 0, 0, 0, 0, 0, 1, 1, 1, 1, 1], [1, 0, 1, 0, 1, 0, 0, 0, 0, 0, 0, 0, 0, 0, 1, 0, 1, 1, 1], [1, 1, 1, 1, 1, 0, 0, 1, 1, 1, 1, 1, 0, 0, 1, 1, 1, 0, 1], [1, 0, 1, 0, 1, 0, 0, 1, 1, 1, 0, 1, 0, 0, 1, 1, 1, 1, 1], [1, 1, 1, 1, 1, 0, 0, 1, 0, 1, 1, 1, 0, 0, 1, 1, 1, 1, 1], [0, 0, 0, 0, 0, 0, 0, 1, 1, 1, 1, 1, 0, 0, 0, 0, 0, 0, 0], [0, 0, 0, 0, 0, 0, 0, 1, 1, 1, 1, 1, 0, 0, 0, 0, 0, 0, 0], [0, 0, 0, 0, 0, 0, 0, 0, 0, 0, 0, 0, 0, 0, 0, 0, 0, 0, 0], [0, 0, 0, 0, 0, 0, 0, 0, 0, 0, 0, 0, 0, 0, 0, 0, 0, 0, 0], [0, 0, 0, 0, 0, 0, 0, 0, 0, 0, 0, 0, 0, 0, 0, 0, 0, 0, 0]], "output": [[1, 1, 1, 1, 1], [1, 0, 1, 0, 1], [1, 1, 1, 1, 1], [1, 0, 1, 0, 1], [1, 1, 1, 1, 1]]}]}