{"train": [{"input": [[0, 3, 3, 0, 0], [0, 3, 3, 0, 0], [0, 0, 0, 0, 0], [2, 2, 0, 0, 2], [2, 2, 0, 0, 0], [0, 0, 0, 2, 2], [0, 0, 0, 2, 2]], "output": [[1, 0, 0], [0, 0, 0], [0, 0, 0]]}, {"input": [[0, 3, 3, 0, 0, 0, 3], [0, 3, 3, 0, 0, 0, 0], [0, 0, 0, 0, 2, 0, 0], [3, 0, 0, 0, 3, 3, 0], [0, 0, 3, 0, 3, 3, 0]], "output": [[1, 0, 0], [0, 1, 0], [0, 0, 0]]}, {"input": [[0, 0, 0, 2, 2], [3, 3, 0, 2, 2], [3, 3, 0, 0, 0], [0, 0, 2, 2, 0], [3, 0, 2, 2, 0]], "output": [[1, 0, 0], [0, 0, 0], [0, 0, 0]]}, {"input": [[0, 0, 3, 3, 0, 0, 0], [2, 0, 3, 3, 0, 3, 0], [0, 0, 0, 0, 0, 0, 0], [3, 3, 0, 0, 2, 2, 0], [3, 3, 0, 0, 2, 2, 0], [0, 0, 3, 3, 0, 0, 0], [0, 0, 3, 3, 0, 0, 0]], "output": [[1, 0, 0], [0, 1, 0], [0, 0, 1]]}, {"input": [[2, 2, 0, 3, 0, 0, 3], [2, 2, 0, 2, 2, 0, 0], [0, 0, 0, 2, 2, 0, 0], [2, 3, 3, 0, 0, 2, 2], [0, 3, 3, 0, 0, 2, 2], [0, 0, 0, 0, 3, 3, 0], [3, 0, 2, 0, 3, 3, 0]], "output": [[1, 0, 0], [0, 1, 0], [0, 0, 0]]}], "test": [{"input": [[0, 3, 3, 0, 0, 0, 0, 0], [0, 3, 3, 0, 0, 3, 2, 0], [2, 0, 0, 0, 0, 0, 0, 3], [0, 0, 2, 2, 0, 0, 0, 0], [3, 0, 2, 2, 0, 3, 3, 0], [0, 0, 0, 0, 0, 3, 3, 0], [0, 3, 3, 0, 0, 0, 0, 0], [0, 3, 3, 0, 2, 0, 3, 0]], "output": [[1, 0, 0], [0, 1, 0], [0, 0, 1]]}, {"input": [[0, 0, 0, 0, 0], [0, 3, 3, 0, 0], [0, 3, 3, 0, 0], [2, 0, 0, 0, 0], [0, 0, 0, 0, 3], [3, 3, 0, 0, 0], [3, 3, 0, 2, 2], [0, 0, 0, 2, 2]], "output": [[1, 0, 0], [0, 1, 0], [0, 0, 0]]}]}