{"train": [{"input": [[9, 7, 9, 7, 7, 7, 5, 5, 5], [4, 7, 9, 7, 9, 7, 7, 5, 5], [4, 4, 7, 7, 9, 7, 9, 7, 5], [4, 4, 4, 7, 7, 7, 9, 7, 9]], "output": [[0, 0, 0, 9, 7, 9, 7, 7, 7, 5, 5, 5], [0, 0, 4, 7, 9, 7, 9, 7, 7, 5, 5, 0], [0, 4, 4, 7, 7, 9, 7, 9, 7, 5, 0, 0], [4, 4, 4, 7, 7, 7, 9, 7, 9, 0, 0, 0]]}, {"input": [[4, 8, 8, 8, 8, 7], [1, 4, 8, 8, 7, 8], [4, 1, 4, 7, 8, 8], [6, 4, 1, 4, 8, 8], [6, 6, 4, 1, 4, 8], [6, 6, 6, 4, 1, 4]], "output": [[0, 0, 0, 0, 0, 4, 8, 8, 8, 8, 7], [0, 0, 0, 0, 1, 4, 8, 8, 7, 8, 0], [0, 0, 0, 4, 1, 4, 7, 8, 8, 0, 0], [0, 0, 6, 4, 1, 4, 8, 8, 0, 0, 0], [0, 6, 6, 4, 1, 4, 8, 0, 0, 0, 0], [6, 6, 6, 4, 1, 4, 0, 0, 0, 0, 0]]}, {"input": [[1, 6, 6, 6], [1, 6, 6, 6], [1, 6, 6, 6], [1, 8, 8, 8], [1, 5, 5, 5], [1, 5, 5, 5], [1, 5, 5, 5]], "output": [[0, 0, 0, 0, 0, 0, 1, 6, 6, 6], [0, 0, 0, 0, 0, 1, 6, 6, 6, 0], [0, 0, 0, 0, 1, 6, 6, 6, 0, 0], [0, 0, 0, 1, 8, 8, 8, 0, 0, 0], [0, 0, 1, 5, 5, 5, 0, 0, 0, 0], [0, 1, 5, 5, 5, 0, 0, 0, 0, 0], [1, 5, 5, 5, 0, 0, 0, 0, 0, 0]]}], "test": [{"input": [[1], [9], [5], [4]], "output": [[0, 0, 0, 1], [0, 0, 9, 0], [0, 5, 0, 0], [4, 0, 0, 0]]}, {"input": [[1, 1], [1, 1], [6, 8], [6, 8], [6, 8], [6, 8], [4, 4], [4, 4], [5, 5], [5, 5]], "output": [[0, 0, 0, 0, 0, 0, 0, 0, 0, 1, 1], [0, 0, 0, 0, 0, 0, 0, 0, 1, 1, 0], [0, 0, 0, 0, 0, 0, 0, 6, 8, 0, 0], [0, 0, 0, 0, 0, 0, 6, 8, 0, 0, 0], [0, 0, 0, 0, 0, 6, 8, 0, 0, 0, 0], [0, 0, 0, 0, 6, 8, 0, 0, 0, 0, 0], [0, 0, 0, 4, 4, 0, 0, 0, 0, 0, 0], [0, 0, 4, 4, 0, 0, 0, 0, 0, 0, 0], [0, 5, 5, 0, 0, 0, 0, 0, 0, 0, 0], [5, 5, 0, 0, 0, 0, 0, 0, 0, 0, 0]]}, {"input": [[5, 4, 9, 8], [8, 5, 2, 9]], "output": [[0, 5, 4, 9, 8], [8, 5, 2, 9, 0]]}]}