{"train": [{"input": [[5, 5, 5, 5, 0, 0], [0, 5, 5, 0, 5, 5], [0, 5, 5, 5, 5, 5], [4, 4, 4, 0, 4, 4], [0, 0, 0, 4, 4, 0], [4, 4, 4, 0, 4, 0], [2, 0, 2, 2, 0, 0], [2, 2, 0, 2, 0, 0], [2, 2, 2, 0, 2, 0], [0, 0, 8, 0, 8, 8], [8, 8, 8, 0, 0, 0], [0, 8, 0, 0, 8, 0]], "output": [[5, 5, 5, 5, 4, 4], [8, 5, 5, 4, 5, 5], [4, 5, 5, 5, 5, 5]]}, {"input": [[5, 5, 0, 5, 5, 5], [0, 5, 0, 5, 0, 5], [0, 0, 0, 5, 5, 0], [0, 4, 4, 0, 4, 0], [0, 0, 0, 0, 0, 4], [0, 4, 0, 4, 0, 4], [2, 2, 2, 0, 0, 0], [0, 2, 2, 0, 2, 0], [2, 2, 2, 0, 2, 0], [8, 0, 8, 8, 8, 8], [0, 0, 8, 8, 8, 8], [0, 0, 0, 8, 0, 0]], "output": [[5, 5, 4, 5, 5, 5], [0, 5, 8, 5, 8, 5], [2, 4, 2, 5, 5, 4]]}, {"input": [[5, 0, 5, 0, 0, 0], [0, 0, 5, 0, 0, 5], [5, 0, 5, 0, 5, 0], [0, 0, 0, 4, 0, 4], [0, 0, 0, 4, 0, 0], [4, 0, 0, 4, 0, 4], [0, 0, 2, 0, 0, 2], [2, 2, 0, 2, 2, 0], [2, 2, 0, 0, 0, 2], [8, 8, 0, 8, 8, 8], [8, 8, 8, 8, 8, 0], [8, 8, 0, 0, 0, 0]], "output": [[5, 8, 5, 4, 8, 4], [8, 8, 5, 4, 8, 5], [5, 8, 5, 4, 5, 4]]}, {"input": [[5, 0, 0, 0, 0, 0], [0, 5, 0, 0, 0, 5], [0, 0, 5, 5, 5, 0], [4, 4, 0, 4, 4, 4], [0, 0, 0, 4, 4, 0], [4, 0, 4, 4, 0, 0], [2, 0, 2, 2, 0, 2], [2, 2, 0, 2, 2, 0], [0, 0, 0, 0, 0, 2], [8, 8, 8, 8, 0, 8], [0, 0, 0, 8, 8, 0], [0, 0, 0, 8, 8, 8]], "output": [[5, 4, 8, 4, 4, 4], [2, 5, 0, 4, 4, 5], [4, 0, 5, 5, 5, 8]]}, {"input": [[0, 5, 5, 5, 5, 0], [5, 5, 0, 5, 5, 5], [5, 5, 0, 5, 0, 0], [0, 0, 4, 0, 0, 0], [4, 0, 4, 4, 4, 0], [4, 0, 0, 0, 0, 0], [2, 0, 2, 2, 0, 2], [2, 0, 0, 0, 0, 2], [0, 0, 0, 2, 0, 0], [0, 8, 0, 8, 0, 0], [0, 8, 0, 0, 0, 0], [0, 8, 0, 8, 0, 0]], "output": [[2, 5, 5, 5, 5, 2], [5, 5, 4, 5, 5, 5], [5, 5, 0, 5, 0, 0]]}, {"input": [[0, 5, 0, 5, 5, 0], [0, 5, 0, 5, 5, 5], [5, 5, 0, 5, 5, 5], [4, 0, 0, 0, 4, 4], [0, 0, 0, 4, 4, 0], [4, 0, 4, 0, 0, 4], [0, 2, 2, 2, 2, 0], [2, 2, 2, 0, 2, 0], [0, 2, 0, 2, 0, 0], [8, 0, 0, 8, 0, 8], [8, 0, 0, 0, 8, 0], [8, 0, 0, 8, 0, 0]], "output": [[4, 5, 2, 5, 5, 4], [8, 5, 2, 5, 5, 5], [5, 5, 4, 5, 5, 5]]}], "test": [{"input": [[5, 0, 5, 0, 0, 5], [0, 5, 0, 0, 0, 5], [5, 5, 5, 0, 0, 0], [0, 0, 0, 4, 0, 4], [0, 0, 0, 0, 0, 0], [4, 0, 0, 4, 0, 0], [2, 0, 2, 0, 2, 2], [2, 2, 0, 2, 2, 2], [2, 2, 2, 2, 2, 2], [0, 0, 8, 8, 0, 0], [0, 8, 0, 0, 8, 8], [0, 0, 0, 8, 0, 0]], "output": [[5, 0, 5, 4, 2, 5], [2, 5, 0, 2, 8, 5], [5, 5, 5, 4, 2, 2]]}]}