{"train": [{"input": [[7, 7, 7, 7, 7, 7, 7, 7, 7, 7, 7], [7, 7, 7, 7, 7, 7, 7, 7, 7, 7, 7], [2, 7, 2, 7, 2, 7, 2, 7, 2, 7, 2], [5, 7, 5, 7, 5, 7, 5, 7, 5, 8, 5], [7, 8, 7, 7, 7, 7, 7, 7, 7, 8, 7], [7, 8, 7, 7, 7, 8, 7, 7, 7, 8, 7], [7, 8, 7, 7, 7, 8, 7, 8, 7, 1, 7], [7, 1, 7, 8, 7, 8, 7, 8, 7, 1, 7], [7, 1, 7, 8, 7, 1, 7, 8, 7, 1, 7], [7, 1, 7, 8, 7, 1, 7, 1, 7, 1, 7], [7, 1, 7, 1, 7, 1, 7, 1, 7, 1, 7]], "output": [[7, 8, 7, 8, 7, 8, 7, 8, 7, 8, 7], [7, 8, 7, 8, 7, 8, 7, 8, 7, 8, 7], [2, 8, 2, 8, 2, 8, 2, 8, 2, 8, 2], [5, 1, 5, 1, 5, 1, 5, 1, 5, 1, 5], [7, 1, 7, 9, 7, 1, 7, 1, 7, 1, 7], [7, 1, 7, 9, 7, 1, 7, 9, 7, 1, 7], [7, 1, 7, 9, 7, 9, 7, 9, 7, 1, 7], [7, 9, 7, 9, 7, 9, 7, 9, 7, 1, 7], [7, 9, 7, 9, 7, 9, 7, 9, 7, 9, 7], [7, 9, 7, 9, 7, 9, 7, 9, 7, 9, 7], [7, 9, 7, 9, 7, 9, 7, 9, 7, 9, 7]]}, {"input": [[7, 7, 7, 7, 7, 7, 7, 7, 7], [7, 7, 7, 7, 7, 7, 7, 7, 7], [7, 7, 7, 7, 7, 7, 7, 7, 7], [7, 7, 7, 7, 7, 7, 7, 7, 7], [2, 7, 2, 8, 2, 7, 2, 7, 2], [5, 7, 5, 8, 5, 8, 5, 8, 5], [7, 8, 7, 1, 7, 8, 7, 8, 7], [7, 8, 7, 1, 7, 1, 7, 1, 7], [7, 1, 7, 1, 7, 1, 7, 1, 7]], "output": [[7, 7, 7, 7, 7, 7, 7, 7, 7], [7, 7, 7, 7, 7, 7, 7, 7, 7], [7, 7, 7, 7, 7, 7, 7, 7, 7], [7, 8, 7, 8, 7, 8, 7, 8, 7], [2, 8, 2, 8, 2, 8, 2, 8, 2], [5, 1, 5, 1, 5, 1, 5, 1, 5], [7, 9, 7, 1, 7, 1, 7, 1, 7], [7, 9, 7, 1, 7, 9, 7, 9, 7], [7, 9, 7, 9, 7, 9, 7, 9, 7]]}, {"input": [[7, 7, 7, 7, 7, 7, 7, 7, 7, 7, 7, 7, 7], [7, 7, 7, 7, 7, 7, 7, 7, 7, 7, 7, 7, 7], [7, 7, 7, 7, 7, 7, 7, 7, 7, 7, 7, 7, 7], [7, 7, 7, 7, 7, 7, 7, 7, 7, 7, 7, 7, 7], [7, 7, 7, 7, 7, 7, 7, 7, 7, 7, 7, 7, 7], [7, 7, 7, 7, 7, 7, 7, 7, 7, 7, 7, 7, 7], [2, 7, 2, 7, 2, 7, 2, 7, 2, 8, 2, 7, 2], [5, 7, 5, 8, 5, 7, 5, 7, 5, 8, 5, 7, 5], [7, 8, 7, 8, 7, 7, 7, 7, 7, 8, 7, 8, 7], [7, 8, 7, 8, 7, 8, 7, 8, 7, 1, 7, 8, 7], [7, 8, 7, 1, 7, 8, 7, 8, 7, 1, 7, 8, 7], [7, 1, 7, 1, 7, 8, 7, 1, 7, 1, 7, 1, 7], [7, 1, 7, 1, 7, 1, 7, 1, 7, 1, 7, 1, 7]], "output": [[7, 7, 7, 7, 7, 7, 7, 7, 7, 7, 7, 7, 7], [7, 7, 7, 7, 7, 7, 7, 7, 7, 7, 7, 7, 7], [7, 7, 7, 7, 7, 7, 7, 7, 7, 7, 7, 7, 7], [7, 7, 7, 7, 7, 7, 7, 7, 7, 7, 7, 7, 7], [7, 8, 7, 8, 7, 8, 7, 8, 7, 8, 7, 8, 7], [7, 8, 7, 8, 7, 8, 7, 8, 7, 8, 7, 8, 7], [2, 8, 2, 8, 2, 8, 2, 8, 2, 8, 2, 8, 2], [5, 1, 5, 1, 5, 1, 5, 1, 5, 1, 5, 1, 5], [7, 1, 7, 1, 7, 9, 7, 1, 7, 1, 7, 1, 7], [7, 9, 7, 1, 7, 9, 7, 9, 7, 1, 7, 9, 7], [7, 9, 7, 9, 7, 9, 7, 9, 7, 1, 7, 9, 7], [7, 9, 7, 9, 7, 9, 7, 9, 7, 9, 7, 9, 7], [7, 9, 7, 9, 7, 9, 7, 9, 7, 9, 7, 9, 7]]}], "test": [{"input": [[7, 7, 7, 7, 7, 7, 7, 7, 7, 7, 7, 7, 7, 7, 7], [7, 7, 7, 7, 7, 7, 7, 7, 7, 7, 7, 7, 7, 7, 7], [7, 7, 7, 7, 7, 7, 7, 7, 7, 7, 7, 7, 7, 7, 7], [7, 7, 7, 7, 7, 7, 7, 7, 7, 7, 7, 7, 7, 7, 7], [7, 7, 7, 7, 7, 7, 7, 7, 7, 7, 7, 7, 7, 7, 7], [2, 7, 2, 7, 2, 7, 2, 7, 2, 7, 2, 7, 2, 7, 2], [5, 8, 5, 7, 5, 7, 5, 7, 5, 7, 5, 7, 5, 7, 5], [7, 8, 7, 7, 7, 7, 7, 7, 7, 7, 7, 7, 7, 8, 7], [7, 8, 7, 7, 7, 7, 7, 8, 7, 7, 7, 7, 7, 8, 7], [7, 8, 7, 7, 7, 8, 7, 8, 7, 8, 7, 7, 7, 8, 7], [7, 1, 7, 8, 7, 8, 7, 8, 7, 8, 7, 8, 7, 8, 7], [7, 1, 7, 8, 7, 8, 7, 8, 7, 8, 7, 8, 7, 1, 7], [7, 1, 7, 8, 7, 8, 7, 1, 7, 8, 7, 8, 7, 1, 7], [7, 1, 7, 8, 7, 1, 7, 1, 7, 1, 7, 8, 7, 1, 7], [7, 1, 7, 1, 7, 1, 7, 1, 7, 1, 7, 1, 7, 1, 7]], "output": [[7, 7, 7, 7, 7, 7, 7, 7, 7, 7, 7, 7, 7, 7, 7], [7, 7, 7, 7, 7, 7, 7, 7, 7, 7, 7, 7, 7, 7, 7], [7, 8, 7, 8, 7, 8, 7, 8, 7, 8, 7, 8, 7, 8, 7], [7, 8, 7, 8, 7, 8, 7, 8, 7, 8, 7, 8, 7, 8, 7], [7, 8, 7, 8, 7, 8, 7, 8, 7, 8, 7, 8, 7, 8, 7], [2, 8, 2, 8, 2, 8, 2, 8, 2, 8, 2, 8, 2, 8, 2], [5, 1, 5, 1, 5, 1, 5, 1, 5, 1, 5, 1, 5, 1, 5], [7, 1, 7, 9, 7, 1, 7, 1, 7, 1, 7, 9, 7, 1, 7], [7, 1, 7, 9, 7, 9, 7, 1, 7, 9, 7, 9, 7, 1, 7], [7, 1, 7, 9, 7, 9, 7, 9, 7, 9, 7, 9, 7, 1, 7], [7, 1, 7, 9, 7, 9, 7, 9, 7, 9, 7, 9, 7, 9, 7], [7, 9, 7, 9, 7, 9, 7, 9, 7, 9, 7, 9, 7, 9, 7], [7, 9, 7, 9, 7, 9, 7, 9, 7, 9, 7, 9, 7, 9, 7], [7, 9, 7, 9, 7, 9, 7, 9, 7, 9, 7, 9, 7, 9, 7], [7, 9, 7, 9, 7, 9, 7, 9, 7, 9, 7, 9, 7, 9, 7]]}]}