{"train": [{"input": [[8, 8, 8, 8, 8, 8, 8, 8, 8, 8, 8, 8, 8, 8, 8, 8], [8, 8, 8, 8, 8, 8, 8, 8, 8, 8, 8, 8, 8, 8, 8, 8], [8, 8, 8, 8, 3, 8, 8, 3, 8, 8, 8, 8, 8, 8, 8, 8], [8, 8, 8, 8, 3, 3, 3, 3, 8, 8, 8, 8, 8, 8, 8, 8], [8, 8, 8, 8, 3, 3, 3, 3, 8, 8, 8, 8, 8, 8, 8, 8], [8, 8, 8, 8, 3, 8, 8, 3, 8, 8, 8, 8, 8, 8, 8, 8], [8, 8, 8, 8, 8, 8, 8, 8, 8, 8, 8, 6, 6, 8, 8, 8], [8, 8, 8, 8, 8, 8, 8, 8, 8, 8, 8, 8, 8, 8, 8, 8], [8, 8, 8, 8, 8, 1, 1, 1, 8, 8, 8, 8, 8, 8, 8, 8], [8, 8, 8, 8, 8, 1, 1, 8, 8, 8, 8, 8, 8, 8, 8, 8], [8, 8, 8, 8, 8, 1, 1, 8, 8, 8, 8, 8, 8, 8, 8, 8], [8, 6, 6, 8, 8, 1, 1, 8, 8, 8, 8, 8, 8, 8, 8, 8], [8, 8, 8, 8, 8, 1, 1, 1, 8, 8, 8, 8, 8, 8, 8, 8], [8, 8, 8, 8, 8, 8, 8, 8, 8, 8, 8, 8, 8, 8, 8, 8], [8, 8, 8, 8, 8, 8, 8, 8, 8, 8, 8, 8, 8, 8, 8, 8], [8, 8, 8, 8, 8, 8, 8, 8, 8, 8, 8, 8, 8, 8, 8, 8]], "output": [[3, 6, 6, 3], [3, 3, 3, 3], [3, 3, 3, 3], [3, 6, 6, 3]]}, {"input": [[2, 2, 2, 2, 2, 2, 2, 2, 2, 2, 2, 2, 2, 2, 2, 2], [2, 1, 2, 2, 2, 1, 2, 2, 2, 2, 2, 2, 2, 2, 2, 2], [2, 1, 1, 1, 1, 1, 2, 2, 3, 2, 2, 3, 2, 2, 2, 2], [2, 1, 2, 2, 2, 1, 2, 2, 3, 3, 3, 3, 2, 2, 2, 2], [2, 2, 2, 2, 2, 2, 2, 2, 3, 3, 3, 3, 2, 2, 2, 2], [2, 2, 2, 2, 2, 2, 2, 2, 3, 3, 3, 3, 2, 2, 2, 2], [2, 2, 8, 8, 8, 2, 2, 2, 3, 3, 3, 3, 2, 2, 2, 2], [2, 2, 2, 2, 2, 2, 2, 2, 3, 2, 2, 3, 2, 2, 2, 2], [2, 2, 2, 2, 2, 2, 2, 2, 2, 2, 2, 2, 2, 2, 2, 2], [2, 2, 2, 2, 2, 2, 2, 2, 2, 2, 2, 2, 2, 2, 2, 2], [2, 2, 2, 4, 4, 4, 4, 4, 4, 4, 4, 4, 2, 2, 2, 2], [2, 2, 2, 2, 4, 4, 4, 4, 4, 4, 4, 2, 2, 2, 2, 2], [2, 2, 2, 2, 4, 4, 4, 4, 4, 4, 4, 2, 2, 2, 2, 2], [2, 2, 2, 4, 4, 4, 4, 4, 4, 4, 4, 4, 2, 2, 2, 2], [2, 2, 2, 2, 2, 2, 2, 2, 2, 2, 2, 2, 2, 8, 8, 8], [2, 2, 2, 2, 2, 2, 2, 2, 2, 2, 2, 2, 2, 2, 2, 2]], "output": [[1, 8, 8, 8, 1], [1, 1, 1, 1, 1], [1, 8, 8, 8, 1]]}, {"input": [[4, 4, 4, 4, 4, 4, 4, 4, 4, 4, 4, 4, 4, 4, 4, 4], [4, 4, 4, 4, 4, 4, 4, 4, 4, 4, 4, 4, 4, 4, 6, 4], [4, 4, 4, 4, 4, 4, 4, 4, 4, 4, 4, 4, 4, 4, 6, 4], [4, 4, 4, 4, 1, 1, 1, 1, 1, 1, 4, 4, 4, 4, 6, 4], [4, 4, 4, 4, 4, 4, 1, 1, 1, 4, 4, 4, 4, 4, 4, 4], [4, 4, 4, 4, 4, 4, 1, 1, 1, 4, 4, 4, 4, 4, 4, 4], [4, 4, 4, 4, 4, 4, 1, 1, 1, 4, 4, 4, 4, 4, 4, 4], [4, 4, 4, 4, 1, 1, 1, 1, 1, 1, 4, 4, 4, 4, 4, 4], [4, 4, 4, 4, 4, 4, 4, 4, 4, 4, 4, 4, 4, 4, 4, 4], [4, 4, 4, 4, 4, 4, 4, 4, 4, 2, 4, 4, 2, 4, 4, 4], [4, 4, 3, 3, 4, 4, 4, 4, 4, 2, 4, 4, 2, 4, 4, 4], [4, 4, 3, 3, 4, 4, 4, 4, 4, 2, 4, 4, 2, 4, 4, 4], [4, 4, 3, 3, 4, 4, 4, 4, 4, 2, 2, 2, 2, 4, 4, 4], [4, 4, 4, 4, 4, 4, 4, 4, 4, 2, 2, 2, 2, 4, 4, 4], [4, 4, 4, 4, 4, 4, 4, 4, 4, 2, 4, 4, 2, 4, 4, 4], [4, 4, 4, 4, 4, 4, 4, 4, 4, 4, 4, 4, 4, 4, 4, 4]], "output": [[1, 1, 1, 1, 1, 1], [3, 3, 1, 1, 1, 6], [3, 3, 1, 1, 1, 6], [3, 3, 1, 1, 1, 6], [1, 1, 1, 1, 1, 1]]}], "test": [{"input": [[8, 8, 8, 8, 8, 8, 8, 8, 8, 8, 8, 8, 8, 8, 8, 8], [8, 8, 8, 8, 8, 8, 8, 8, 8, 8, 4, 8, 8, 4, 8, 8], [8, 8, 1, 8, 8, 1, 8, 8, 8, 8, 4, 8, 8, 4, 8, 8], [8, 8, 1, 1, 1, 1, 8, 8, 8, 8, 4, 4, 4, 4, 8, 8], [8, 8, 1, 8, 8, 1, 8, 8, 8, 8, 4, 4, 4, 4, 8, 8], [8, 8, 8, 8, 8, 8, 8, 8, 8, 8, 4, 8, 8, 4, 8, 8], [8, 8, 8, 8, 8, 8, 8, 8, 8, 8, 4, 8, 8, 4, 8, 8], [8, 8, 8, 2, 2, 2, 2, 2, 2, 8, 4, 8, 8, 4, 8, 8], [8, 8, 8, 8, 8, 2, 2, 8, 8, 8, 8, 8, 8, 8, 8, 8], [8, 8, 8, 2, 2, 2, 2, 2, 2, 8, 8, 8, 8, 8, 8, 8], [8, 8, 8, 8, 8, 8, 8, 8, 8, 8, 8, 8, 8, 8, 8, 8], [8, 8, 8, 8, 8, 8, 8, 8, 8, 8, 8, 8, 8, 8, 8, 8], [8, 8, 3, 3, 8, 8, 8, 8, 8, 9, 9, 8, 8, 8, 8, 8], [8, 8, 3, 3, 8, 8, 8, 8, 8, 9, 9, 8, 8, 8, 8, 8], [8, 8, 8, 8, 8, 8, 8, 8, 8, 9, 9, 8, 8, 8, 8, 8], [8, 8, 8, 8, 8, 8, 8, 8, 8, 8, 8, 8, 8, 8, 8, 8]], "output": [[4, 3, 3, 4], [4, 3, 3, 4], [4, 4, 4, 4], [4, 4, 4, 4], [4, 9, 9, 4], [4, 9, 9, 4], [4, 9, 9, 4]]}]}