{"train": [{"input": [[6, 6, 6, 6, 6, 0, 0, 0, 0, 0], [6, 0, 0, 0, 6, 0, 0, 0, 0, 0], [6, 0, 0, 0, 6, 0, 0, 0, 0, 0], [6, 6, 6, 6, 6, 0, 0, 0, 0, 0], [0, 0, 0, 0, 0, 0, 0, 0, 0, 0], [0, 0, 7, 7, 7, 7, 7, 7, 0, 0], [0, 0, 7, 0, 0, 0, 0, 7, 0, 0], [0, 0, 7, 0, 0, 0, 0, 7, 0, 0], [0, 0, 7, 7, 7, 7, 7, 7, 0, 0], [0, 0, 0, 0, 0, 0, 0, 0, 0, 0]], "output": [[7, 7], [7, 7]]}, {"input": [[0, 7, 7, 7, 7, 0, 0, 0, 0, 0], [0, 7, 0, 0, 7, 0, 0, 0, 0, 0], [0, 7, 0, 0, 7, 0, 0, 0, 0, 0], [0, 7, 7, 7, 7, 0, 0, 0, 0, 0], [0, 0, 0, 0, 0, 0, 0, 0, 0, 0], [0, 0, 0, 8, 8, 8, 8, 8, 0, 0], [0, 0, 0, 8, 0, 0, 0, 8, 0, 0], [0, 0, 0, 8, 0, 0, 0, 8, 0, 0], [0, 0, 0, 8, 8, 8, 8, 8, 0, 0], [0, 0, 0, 0, 0, 0, 0, 0, 0, 0]], "output": [[8, 8], [8, 8]]}, {"input": [[0, 4, 4, 4, 4, 4, 4, 0, 0, 0], [0, 4, 0, 0, 0, 0, 4, 0, 0, 0], [0, 4, 0, 0, 0, 0, 4, 0, 0, 0], [0, 4, 0, 0, 0, 0, 4, 0, 0, 0], [0, 4, 0, 0, 0, 0, 4, 0, 0, 0], [0, 4, 0, 0, 0, 0, 4, 0, 0, 0], [0, 4, 4, 4, 4, 4, 4, 0, 0, 0], [0, 0, 0, 0, 0, 0, 0, 2, 2, 2], [0, 0, 0, 0, 0, 0, 0, 2, 0, 2], [0, 0, 0, 0, 0, 0, 0, 2, 2, 2]], "output": [[4, 4], [4, 4]]}], "test": [{"input": [[3, 3, 3, 3, 3, 0, 9, 9, 9, 9], [3, 0, 0, 0, 3, 0, 9, 0, 0, 9], [3, 0, 0, 0, 3, 0, 9, 0, 0, 9], [3, 0, 0, 0, 3, 0, 9, 0, 0, 9], [3, 0, 0, 0, 3, 0, 9, 0, 0, 9], [3, 0, 0, 0, 3, 0, 9, 0, 0, 9], [3, 0, 0, 0, 3, 0, 9, 0, 0, 9], [3, 0, 0, 0, 3, 0, 9, 0, 0, 9], [3, 3, 3, 3, 3, 0, 9, 0, 0, 9], [0, 0, 0, 0, 0, 0, 9, 9, 9, 9]], "output": [[3, 3], [3, 3]]}]}