{"train": [{"input": [[0, 0, 0, 0, 0, 0, 0], [0, 5, 8, 5, 0, 0, 0], [0, 5, 8, 5, 0, 0, 0], [0, 8, 8, 8, 0, 0, 0], [0, 0, 0, 0, 0, 0, 0], [0, 0, 0, 0, 0, 0, 0], [0, 0, 0, 0, 0, 0, 0]], "output": [[0, 0, 0, 0, 0, 0, 0], [0, 8, 5, 8, 0, 0, 0], [0, 8, 5, 8, 0, 0, 0], [0, 5, 5, 5, 0, 0, 0], [0, 0, 0, 0, 0, 0, 0], [0, 0, 0, 0, 0, 0, 0], [0, 0, 0, 0, 0, 0, 0]]}, {"input": [[0, 0, 0, 0, 0, 0, 0, 0, 0, 0], [0, 8, 8, 4, 0, 0, 0, 0, 0, 0], [0, 4, 8, 4, 0, 0, 0, 0, 0, 0], [0, 8, 8, 4, 0, 0, 0, 0, 0, 0], [0, 0, 0, 0, 0, 0, 3, 2, 2, 0], [0, 0, 0, 0, 0, 0, 3, 3, 2, 0], [0, 0, 0, 0, 0, 0, 3, 2, 2, 0], [0, 0, 0, 0, 0, 0, 0, 0, 0, 0], [0, 0, 3, 6, 3, 0, 0, 0, 0, 0], [0, 0, 3, 6, 3, 0, 0, 0, 0, 0], [0, 0, 3, 3, 3, 0, 0, 0, 0, 0], [0, 0, 0, 0, 0, 0, 0, 0, 0, 0], [0, 0, 0, 0, 0, 0, 0, 0, 0, 0]], "output": [[0, 0, 0, 0, 0, 0, 0, 0, 0, 0], [0, 4, 4, 8, 0, 0, 0, 0, 0, 0], [0, 8, 4, 8, 0, 0, 0, 0, 0, 0], [0, 4, 4, 8, 0, 0, 0, 0, 0, 0], [0, 0, 0, 0, 0, 0, 2, 3, 3, 0], [0, 0, 0, 0, 0, 0, 2, 2, 3, 0], [0, 0, 0, 0, 0, 0, 2, 3, 3, 0], [0, 0, 0, 0, 0, 0, 0, 0, 0, 0], [0, 0, 6, 3, 6, 0, 0, 0, 0, 0], [0, 0, 6, 3, 6, 0, 0, 0, 0, 0], [0, 0, 6, 6, 6, 0, 0, 0, 0, 0], [0, 0, 0, 0, 0, 0, 0, 0, 0, 0], [0, 0, 0, 0, 0, 0, 0, 0, 0, 0]]}, {"input": [[0, 0, 0, 0, 0, 0, 0, 0, 0, 0, 0, 0], [0, 1, 1, 1, 0, 0, 0, 0, 0, 0, 0, 0], [0, 8, 1, 8, 0, 0, 0, 3, 2, 3, 0, 0], [0, 8, 8, 8, 0, 0, 0, 2, 2, 2, 0, 0], [0, 0, 0, 0, 0, 0, 0, 2, 3, 2, 0, 0], [0, 0, 0, 0, 0, 0, 0, 0, 0, 0, 0, 0], [0, 0, 0, 6, 1, 1, 0, 0, 0, 0, 0, 0], [0, 0, 0, 1, 6, 6, 0, 0, 0, 0, 0, 0], [0, 0, 0, 1, 6, 6, 0, 0, 4, 4, 5, 0], [0, 0, 0, 0, 0, 0, 0, 0, 4, 5, 5, 0], [0, 0, 0, 0, 0, 0, 0, 0, 5, 5, 5, 0], [0, 0, 0, 0, 0, 0, 0, 0, 0, 0, 0, 0]], "output": [[0, 0, 0, 0, 0, 0, 0, 0, 0, 0, 0, 0], [0, 8, 8, 8, 0, 0, 0, 0, 0, 0, 0, 0], [0, 1, 8, 1, 0, 0, 0, 2, 3, 2, 0, 0], [0, 1, 1, 1, 0, 0, 0, 3, 3, 3, 0, 0], [0, 0, 0, 0, 0, 0, 0, 3, 2, 3, 0, 0], [0, 0, 0, 0, 0, 0, 0, 0, 0, 0, 0, 0], [0, 0, 0, 1, 6, 6, 0, 0, 0, 0, 0, 0], [0, 0, 0, 6, 1, 1, 0, 0, 0, 0, 0, 0], [0, 0, 0, 6, 1, 1, 0, 0, 5, 5, 4, 0], [0, 0, 0, 0, 0, 0, 0, 0, 5, 4, 4, 0], [0, 0, 0, 0, 0, 0, 0, 0, 4, 4, 4, 0], [0, 0, 0, 0, 0, 0, 0, 0, 0, 0, 0, 0]]}], "test": [{"input": [[0, 0, 0, 0, 0, 0, 0, 0, 0], [0, 3, 2, 2, 0, 0, 0, 0, 0], [0, 3, 3, 2, 0, 0, 0, 0, 0], [0, 3, 2, 2, 0, 0, 0, 0, 0], [0, 0, 0, 0, 0, 6, 6, 6, 0], [0, 0, 0, 0, 0, 1, 1, 1, 0], [0, 0, 0, 0, 0, 1, 6, 6, 0], [0, 0, 0, 0, 0, 0, 0, 0, 0]], "output": [[0, 0, 0, 0, 0, 0, 0, 0, 0], [0, 2, 3, 3, 0, 0, 0, 0, 0], [0, 2, 2, 3, 0, 0, 0, 0, 0], [0, 2, 3, 3, 0, 0, 0, 0, 0], [0, 0, 0, 0, 0, 1, 1, 1, 0], [0, 0, 0, 0, 0, 6, 6, 6, 0], [0, 0, 0, 0, 0, 6, 1, 1, 0], [0, 0, 0, 0, 0, 0, 0, 0, 0]]}]}