{"train": [{"input": [[7, 7, 8], [7, 7, 8], [8, 8, 8]], "output": [[7, 7, 8, 8, 7, 7], [7, 7, 8, 8, 7, 7], [8, 8, 8, 8, 8, 8], [8, 8, 8, 8, 8, 8], [7, 7, 8, 8, 7, 7], [7, 7, 8, 8, 7, 7]]}, {"input": [[8, 6], [6, 8]], "output": [[8, 6, 6, 8], [6, 8, 8, 6], [6, 8, 8, 6], [8, 6, 6, 8]]}, {"input": [[6, 9, 9], [6, 4, 4], [6, 4, 4]], "output": [[6, 9, 9, 6, 6, 6], [6, 4, 4, 4, 4, 9], [6, 4, 4, 4, 4, 9], [9, 4, 4, 4, 4, 6], [9, 4, 4, 4, 4, 6], [6, 6, 6, 9, 9, 6]]}], "test": [{"input": [[1, 4, 1], [4, 9, 4], [9, 1, 9]], "output": [[1, 4, 1, 9, 4, 1], [4, 9, 4, 1, 9, 4], [9, 1, 9, 9, 4, 1], [1, 4, 9, 9, 1, 9], [4, 9, 1, 4, 9, 4], [1, 4, 9, 1, 4, 1]]}]}