{"train": [{"input": [[7, 7, 7, 7, 7, 7, 7, 7, 7, 7], [7, 6, 6, 6, 6, 6, 7, 7, 7, 7], [7, 6, 7, 7, 7, 6, 7, 7, 7, 7], [7, 6, 7, 7, 7, 6, 7, 7, 7, 7], [7, 6, 7, 7, 7, 6, 7, 7, 7, 7], [7, 6, 6, 6, 6, 6, 7, 7, 7, 7], [7, 7, 7, 7, 7, 7, 7, 7, 7, 7], [7, 5, 5, 7, 7, 7, 7, 7, 7, 7], [7, 5, 5, 7, 7, 7, 7, 7, 7, 7], [7, 7, 7, 7, 7, 7, 7, 7, 7, 7]], "output": [[7, 7, 7, 7, 7, 7, 7, 7, 7, 7], [7, 6, 6, 6, 6, 6, 7, 7, 7, 7], [7, 6, 5, 5, 5, 6, 7, 7, 7, 7], [7, 6, 5, 5, 5, 6, 7, 7, 7, 7], [7, 6, 5, 5, 5, 6, 7, 7, 7, 7], [7, 6, 6, 6, 6, 6, 7, 7, 7, 7], [7, 7, 7, 7, 7, 7, 7, 7, 7, 7], [7, 7, 7, 7, 7, 7, 7, 7, 7, 7], [7, 7, 7, 7, 7, 7, 7, 7, 7, 7], [7, 7, 7, 7, 7, 7, 7, 7, 7, 7]]}, {"input": [[7, 7, 7, 7, 7, 7, 7, 7, 7, 7], [7, 6, 6, 6, 7, 7, 7, 7, 7, 7], [7, 6, 7, 6, 7, 7, 7, 7, 7, 7], [7, 6, 6, 6, 7, 7, 7, 7, 7, 7], [7, 7, 7, 7, 7, 7, 7, 7, 7, 7], [7, 7, 7, 7, 7, 7, 7, 7, 7, 7], [7, 7, 7, 7, 7, 7, 7, 7, 7, 7], [7, 7, 7, 7, 7, 7, 7, 7, 7, 7], [7, 7, 7, 7, 7, 7, 7, 7, 2, 7], [7, 7, 7, 7, 7, 7, 7, 7, 7, 7]], "output": [[7, 7, 7, 7, 7, 7, 7, 7, 7, 7], [7, 6, 6, 6, 7, 7, 7, 7, 7, 7], [7, 6, 2, 6, 7, 7, 7, 7, 7, 7], [7, 6, 6, 6, 7, 7, 7, 7, 7, 7], [7, 7, 7, 7, 7, 7, 7, 7, 7, 7], [7, 7, 7, 7, 7, 7, 7, 7, 7, 7], [7, 7, 7, 7, 7, 7, 7, 7, 7, 7], [7, 7, 7, 7, 7, 7, 7, 7, 7, 7], [7, 7, 7, 7, 7, 7, 7, 7, 7, 7], [7, 7, 7, 7, 7, 7, 7, 7, 7, 7]]}, {"input": [[7, 8, 7, 7, 7, 7, 7, 7, 7, 7], [7, 8, 8, 7, 7, 7, 7, 7, 7, 7], [7, 7, 7, 7, 7, 7, 7, 7, 7, 7], [7, 6, 6, 6, 6, 6, 6, 7, 7, 7], [7, 6, 7, 7, 7, 7, 6, 7, 7, 7], [7, 6, 7, 7, 7, 7, 6, 7, 7, 7], [7, 6, 7, 7, 7, 7, 6, 7, 7, 7], [7, 6, 7, 7, 7, 7, 6, 7, 7, 7], [7, 6, 6, 6, 6, 6, 6, 7, 7, 7], [7, 7, 7, 7, 7, 7, 7, 7, 7, 7]], "output": [[7, 7, 7, 7, 7, 7, 7, 7, 7, 7], [7, 7, 7, 7, 7, 7, 7, 7, 7, 7], [7, 7, 7, 7, 7, 7, 7, 7, 7, 7], [7, 6, 6, 6, 6, 6, 6, 7, 7, 7], [7, 6, 8, 7, 7, 7, 6, 7, 7, 7], [7, 6, 8, 7, 7, 7, 6, 7, 7, 7], [7, 6, 8, 7, 7, 7, 6, 7, 7, 7], [7, 6, 8, 8, 8, 8, 6, 7, 7, 7], [7, 6, 6, 6, 6, 6, 6, 7, 7, 7], [7, 7, 7, 7, 7, 7, 7, 7, 7, 7]]}], "test": [{"input": [[7, 7, 7, 7, 7, 7, 7, 7, 9, 9], [7, 7, 7, 7, 7, 7, 7, 7, 7, 9], [6, 6, 6, 6, 6, 6, 6, 6, 7, 7], [6, 7, 7, 7, 7, 7, 7, 6, 7, 7], [6, 7, 7, 7, 7, 7, 7, 6, 7, 7], [6, 7, 7, 7, 7, 7, 7, 6, 7, 7], [6, 7, 7, 7, 7, 7, 7, 6, 7, 7], [6, 7, 7, 7, 7, 7, 7, 6, 7, 7], [6, 7, 7, 7, 7, 7, 7, 6, 7, 7], [6, 6, 6, 6, 6, 6, 6, 6, 7, 7]], "output": [[7, 7, 7, 7, 7, 7, 7, 7, 7, 7], [7, 7, 7, 7, 7, 7, 7, 7, 7, 7], [6, 6, 6, 6, 6, 6, 6, 6, 7, 7], [6, 9, 9, 9, 9, 9, 9, 6, 7, 7], [6, 7, 7, 7, 7, 7, 9, 6, 7, 7], [6, 7, 7, 7, 7, 7, 9, 6, 7, 7], [6, 7, 7, 7, 7, 7, 9, 6, 7, 7], [6, 7, 7, 7, 7, 7, 9, 6, 7, 7], [6, 7, 7, 7, 7, 7, 9, 6, 7, 7], [6, 6, 6, 6, 6, 6, 6, 6, 7, 7]]}]}