{"train": [{"input": [[9, 6, 5, 7, 7, 7, 7], [8, 7, 1, 7, 7, 7, 7], [0, 8, 9, 7, 7, 7, 7], [7, 7, 7, 7, 7, 7, 7], [7, 7, 7, 1, 8, 4, 7], [7, 7, 7, 4, 7, 6, 7], [7, 7, 7, 6, 2, 4, 7]], "output": [[5, 8, 9, 7, 7, 7, 7], [8, 7, 6, 7, 7, 7, 7], [9, 1, 0, 7, 7, 7, 7], [7, 7, 7, 7, 7, 7, 7], [7, 7, 7, 4, 4, 4, 7], [7, 7, 7, 2, 7, 8, 7], [7, 7, 7, 1, 6, 6, 7]]}, {"input": [[7, 7, 7, 7, 7, 7, 7], [7, 7, 7, 7, 7, 7, 7], [7, 7, 5, 2, 8, 7, 7], [7, 7, 1, 7, 9, 7, 7], [7, 7, 4, 3, 0, 7, 7], [7, 7, 7, 7, 7, 7, 7], [7, 7, 7, 7, 7, 7, 7]], "output": [[7, 7, 7, 7, 7, 7, 7], [7, 7, 7, 7, 7, 7, 7], [7, 7, 8, 1, 0, 7, 7], [7, 7, 3, 7, 2, 7, 7], [7, 7, 5, 9, 4, 7, 7], [7, 7, 7, 7, 7, 7, 7], [7, 7, 7, 7, 7, 7, 7]]}, {"input": [[7, 7, 7, 7, 7, 7, 7], [7, 7, 7, 6, 5, 5, 7], [7, 7, 7, 5, 7, 6, 7], [7, 7, 7, 1, 5, 1, 7], [8, 8, 8, 7, 7, 7, 7], [9, 7, 9, 7, 7, 7, 7], [0, 0, 0, 7, 7, 7, 7]], "output": [[7, 7, 7, 7, 7, 7, 7], [7, 7, 7, 5, 5, 1, 7], [7, 7, 7, 5, 7, 5, 7], [7, 7, 7, 6, 6, 1, 7], [8, 9, 0, 7, 7, 7, 7], [0, 7, 8, 7, 7, 7, 7], [8, 9, 0, 7, 7, 7, 7]]}], "test": [{"input": [[7, 7, 7, 7, 7, 7, 7], [2, 6, 5, 7, 7, 7, 7], [1, 7, 9, 7, 0, 1, 9], [4, 0, 9, 7, 6, 7, 1], [7, 7, 7, 7, 5, 9, 2], [7, 7, 7, 7, 7, 7, 7], [7, 7, 7, 7, 7, 7, 7]], "output": [[7, 7, 7, 7, 7, 7, 7], [5, 1, 9, 7, 7, 7, 7], [0, 7, 6, 7, 9, 6, 2], [2, 9, 4, 7, 9, 7, 1], [7, 7, 7, 7, 0, 1, 5], [7, 7, 7, 7, 7, 7, 7], [7, 7, 7, 7, 7, 7, 7]]}]}