{"train": [{"input": [[3, 0, 3, 0, 8, 0, 0, 0, 0], [3, 3, 0, 0, 8, 0, 0, 0, 0], [3, 0, 0, 0, 8, 0, 0, 0, 0], [0, 0, 0, 0, 8, 0, 0, 0, 0], [8, 8, 8, 8, 8, 8, 8, 8, 8], [0, 0, 0, 0, 8, 0, 0, 0, 0], [0, 0, 0, 0, 8, 0, 0, 0, 0], [0, 0, 0, 0, 8, 0, 0, 0, 0], [0, 0, 0, 0, 8, 0, 0, 0, 0]], "output": [[8, 0, 8, 0, 0, 8, 0, 8], [8, 8, 0, 0, 0, 0, 8, 8], [8, 0, 0, 0, 0, 0, 0, 8], [0, 0, 0, 0, 0, 0, 0, 0], [0, 0, 0, 0, 0, 0, 0, 0], [8, 0, 0, 0, 0, 0, 0, 8], [8, 8, 0, 0, 0, 0, 8, 8], [8, 0, 8, 0, 0, 8, 0, 8]]}, {"input": [[0, 0, 0, 0, 0, 2, 0, 0, 0, 0, 0], [0, 1, 0, 0, 0, 2, 0, 0, 0, 0, 0], [1, 1, 0, 0, 0, 2, 0, 0, 0, 0, 0], [0, 1, 1, 0, 0, 2, 0, 0, 0, 0, 0], [0, 0, 0, 0, 0, 2, 0, 0, 0, 0, 0], [2, 2, 2, 2, 2, 2, 2, 2, 2, 2, 2], [0, 0, 0, 0, 0, 2, 0, 0, 0, 0, 0], [0, 0, 0, 0, 0, 2, 0, 0, 0, 0, 0], [0, 0, 0, 0, 0, 2, 0, 0, 0, 0, 0], [0, 0, 0, 0, 0, 2, 0, 0, 0, 0, 0], [0, 0, 0, 0, 0, 2, 0, 0, 0, 0, 0]], "output": [[0, 0, 0, 0, 0, 0, 0, 0, 0, 0], [0, 2, 0, 0, 0, 0, 0, 0, 2, 0], [2, 2, 0, 0, 0, 0, 0, 0, 2, 2], [0, 2, 2, 0, 0, 0, 0, 2, 2, 0], [0, 0, 0, 0, 0, 0, 0, 0, 0, 0], [0, 0, 0, 0, 0, 0, 0, 0, 0, 0], [0, 2, 2, 0, 0, 0, 0, 2, 2, 0], [2, 2, 0, 0, 0, 0, 0, 0, 2, 2], [0, 2, 0, 0, 0, 0, 0, 0, 2, 0], [0, 0, 0, 0, 0, 0, 0, 0, 0, 0]]}, {"input": [[2, 0, 0, 4, 0, 0, 0], [0, 2, 2, 4, 0, 0, 0], [0, 2, 0, 4, 0, 0, 0], [4, 4, 4, 4, 4, 4, 4], [0, 0, 0, 4, 0, 0, 0], [0, 0, 0, 4, 0, 0, 0], [0, 0, 0, 4, 0, 0, 0]], "output": [[4, 0, 0, 0, 0, 4], [0, 4, 4, 4, 4, 0], [0, 4, 0, 0, 4, 0], [0, 4, 0, 0, 4, 0], [0, 4, 4, 4, 4, 0], [4, 0, 0, 0, 0, 4]]}], "test": [{"input": [[0, 0, 8, 0, 0, 0, 3, 0, 0, 0, 0, 0, 0], [0, 8, 0, 0, 0, 0, 3, 0, 0, 0, 0, 0, 0], [8, 0, 8, 0, 0, 0, 3, 0, 0, 0, 0, 0, 0], [0, 0, 8, 0, 0, 0, 3, 0, 0, 0, 0, 0, 0], [0, 0, 8, 8, 0, 0, 3, 0, 0, 0, 0, 0, 0], [0, 0, 0, 0, 0, 0, 3, 0, 0, 0, 0, 0, 0], [3, 3, 3, 3, 3, 3, 3, 3, 3, 3, 3, 3, 3], [0, 0, 0, 0, 0, 0, 3, 0, 0, 0, 0, 0, 0], [0, 0, 0, 0, 0, 0, 3, 0, 0, 0, 0, 0, 0], [0, 0, 0, 0, 0, 0, 3, 0, 0, 0, 0, 0, 0], [0, 0, 0, 0, 0, 0, 3, 0, 0, 0, 0, 0, 0], [0, 0, 0, 0, 0, 0, 3, 0, 0, 0, 0, 0, 0], [0, 0, 0, 0, 0, 0, 3, 0, 0, 0, 0, 0, 0]], "output": [[0, 0, 3, 0, 0, 0, 0, 0, 0, 3, 0, 0], [0, 3, 0, 0, 0, 0, 0, 0, 0, 0, 3, 0], [3, 0, 3, 0, 0, 0, 0, 0, 0, 3, 0, 3], [0, 0, 3, 0, 0, 0, 0, 0, 0, 3, 0, 0], [0, 0, 3, 3, 0, 0, 0, 0, 3, 3, 0, 0], [0, 0, 0, 0, 0, 0, 0, 0, 0, 0, 0, 0], [0, 0, 0, 0, 0, 0, 0, 0, 0, 0, 0, 0], [0, 0, 3, 3, 0, 0, 0, 0, 3, 3, 0, 0], [0, 0, 3, 0, 0, 0, 0, 0, 0, 3, 0, 0], [3, 0, 3, 0, 0, 0, 0, 0, 0, 3, 0, 3], [0, 3, 0, 0, 0, 0, 0, 0, 0, 0, 3, 0], [0, 0, 3, 0, 0, 0, 0, 0, 0, 3, 0, 0]]}]}