{"train": [{"input": [[0, 0, 8, 0, 0, 0, 0, 9, 0, 0], [0, 0, 6, 0, 0, 0, 0, 7, 0, 0], [0, 7, 0, 0, 0, 0, 0, 0, 0, 4], [0, 0, 0, 2, 0, 4, 0, 0, 0, 0], [0, 0, 0, 0, 1, 0, 0, 0, 0, 8], [0, 0, 3, 0, 0, 0, 9, 0, 0, 0], [6, 0, 0, 0, 0, 0, 0, 4, 0, 0], [0, 0, 4, 0, 0, 7, 0, 0, 0, 0], [0, 0, 0, 0, 0, 0, 8, 0, 1, 0], [0, 0, 0, 0, 0, 0, 0, 0, 0, 0]], "output": [[0, 0, 8, 0, 0, 0, 0, 9, 0, 0], [0, 0, 6, 0, 0, 0, 0, 7, 0, 0], [0, 7, 4, 0, 0, 0, 0, 0, 0, 0], [0, 0, 0, 2, 0, 4, 0, 0, 0, 0], [0, 0, 0, 0, 1, 8, 0, 0, 0, 0], [0, 0, 3, 0, 0, 0, 9, 0, 0, 0], [6, 0, 0, 0, 0, 0, 0, 4, 0, 0], [0, 0, 4, 7, 0, 0, 0, 0, 0, 0], [0, 0, 0, 0, 0, 0, 8, 1, 0, 0], [0, 0, 0, 0, 0, 0, 0, 0, 0, 0]]}, {"input": [[4, 0, 7, 0, 0], [0, 9, 0, 0, 2], [0, 0, 1, 0, 4]], "output": [[4, 7, 0, 0, 0], [0, 9, 0, 0, 2], [0, 0, 1, 0, 4]]}, {"input": [[0, 8, 0, 4, 0, 0, 0], [4, 0, 0, 0, 0, 0, 7], [0, 0, 1, 0, 0, 8, 0], [0, 9, 0, 0, 4, 0, 0]], "output": [[0, 8, 0, 4, 0, 0, 0], [4, 7, 0, 0, 0, 0, 0], [0, 0, 1, 8, 0, 0, 0], [0, 9, 0, 0, 4, 0, 0]]}, {"input": [[0, 0, 0, 0, 0, 0, 0, 0], [0, 1, 0, 8, 0, 0, 0, 0], [0, 0, 6, 0, 0, 0, 0, 7], [0, 0, 0, 4, 0, 7, 0, 0], [3, 0, 0, 0, 4, 0, 0, 0], [0, 2, 0, 0, 0, 9, 0, 0], [0, 0, 0, 0, 0, 0, 0, 0]], "output": [[0, 0, 0, 0, 0, 0, 0, 0], [0, 1, 8, 0, 0, 0, 0, 0], [0, 0, 6, 0, 0, 0, 0, 7], [0, 0, 0, 4, 7, 0, 0, 0], [3, 0, 0, 0, 4, 0, 0, 0], [0, 2, 0, 0, 0, 9, 0, 0], [0, 0, 0, 0, 0, 0, 0, 0]]}], "test": [{"input": [[0, 7, 0, 4], [6, 0, 8, 0], [8, 0, 1, 0], [0, 4, 0, 3]], "output": [[0, 7, 4, 0], [6, 0, 8, 0], [8, 1, 0, 0], [0, 4, 0, 3]]}]}