{"train": [{"input": [[0, 0, 0, 0, 4, 0, 0, 0, 0], [0, 2, 2, 2, 4, 1, 1, 1, 0], [0, 2, 2, 2, 4, 1, 1, 1, 0], [0, 2, 2, 2, 4, 1, 1, 1, 0], [0, 0, 0, 0, 4, 0, 0, 0, 0], [0, 1, 1, 1, 4, 8, 8, 8, 0], [0, 1, 1, 1, 4, 8, 8, 8, 0], [0, 1, 1, 1, 4, 8, 8, 8, 0], [0, 0, 0, 0, 4, 0, 0, 0, 0]], "output": [[0, 0, 0, 0, 4, 0, 0, 0, 0], [0, 1, 1, 1, 4, 2, 2, 2, 0], [0, 1, 1, 1, 4, 2, 2, 2, 0], [0, 1, 1, 1, 4, 2, 2, 2, 0], [0, 0, 0, 0, 4, 0, 0, 0, 0], [0, 8, 8, 8, 4, 1, 1, 1, 0], [0, 8, 8, 8, 4, 1, 1, 1, 0], [0, 8, 8, 8, 4, 1, 1, 1, 0], [0, 0, 0, 0, 4, 0, 0, 0, 0]]}, {"input": [[0, 0, 0, 0, 0, 0, 0, 0, 0], [0, 1, 1, 1, 0, 6, 6, 6, 0], [0, 1, 1, 1, 0, 6, 6, 6, 0], [0, 1, 1, 1, 0, 6, 6, 6, 0], [0, 0, 0, 0, 0, 0, 0, 0, 0], [0, 1, 1, 1, 0, 1, 1, 1, 0], [0, 1, 1, 1, 0, 1, 1, 1, 0], [0, 1, 1, 1, 0, 1, 1, 1, 0], [0, 0, 0, 0, 0, 0, 0, 0, 0], [7, 7, 7, 7, 7, 7, 7, 7, 7], [0, 0, 0, 0, 0, 0, 0, 0, 0], [0, 3, 3, 3, 0, 9, 9, 9, 0], [0, 3, 3, 3, 0, 9, 9, 9, 0], [0, 3, 3, 3, 0, 9, 9, 9, 0], [4, 4, 4, 4, 4, 4, 4, 4, 4], [0, 2, 2, 2, 0, 8, 8, 8, 0], [0, 2, 2, 2, 0, 8, 8, 8, 0], [0, 2, 2, 2, 0, 8, 8, 8, 0], [0, 0, 0, 0, 0, 0, 0, 0, 0]], "output": [[0, 0, 0, 0, 0, 0, 0, 0, 0], [0, 6, 6, 6, 0, 6, 6, 6, 0], [0, 6, 6, 6, 0, 6, 6, 6, 0], [0, 6, 6, 6, 0, 6, 6, 6, 0], [0, 0, 0, 0, 0, 0, 0, 0, 0], [0, 6, 6, 6, 0, 6, 6, 6, 0], [0, 6, 6, 6, 0, 6, 6, 6, 0], [0, 6, 6, 6, 0, 6, 6, 6, 0], [0, 0, 0, 0, 0, 0, 0, 0, 0], [7, 7, 7, 7, 7, 7, 7, 7, 7], [0, 0, 0, 0, 0, 0, 0, 0, 0], [0, 2, 2, 2, 0, 8, 8, 8, 0], [0, 2, 2, 2, 0, 8, 8, 8, 0], [0, 2, 2, 2, 0, 8, 8, 8, 0], [4, 4, 4, 4, 4, 4, 4, 4, 4], [0, 3, 3, 3, 0, 9, 9, 9, 0], [0, 3, 3, 3, 0, 9, 9, 9, 0], [0, 3, 3, 3, 0, 9, 9, 9, 0], [0, 0, 0, 0, 0, 0, 0, 0, 0]]}, {"input": [[0, 0, 0, 0, 0, 0, 0, 0, 0], [0, 1, 1, 1, 0, 1, 1, 1, 0], [0, 1, 1, 1, 0, 1, 1, 1, 0], [0, 1, 1, 1, 0, 1, 1, 1, 0], [0, 0, 0, 0, 0, 0, 0, 0, 0], [0, 8, 8, 8, 0, 1, 1, 1, 0], [0, 8, 8, 8, 0, 1, 1, 1, 0], [0, 8, 8, 8, 0, 1, 1, 1, 0], [0, 0, 0, 0, 0, 0, 0, 0, 0]], "output": [[0, 0, 0, 0, 0, 0, 0, 0, 0], [0, 8, 8, 8, 0, 8, 8, 8, 0], [0, 8, 8, 8, 0, 8, 8, 8, 0], [0, 8, 8, 8, 0, 8, 8, 8, 0], [0, 0, 0, 0, 0, 0, 0, 0, 0], [0, 8, 8, 8, 0, 8, 8, 8, 0], [0, 8, 8, 8, 0, 8, 8, 8, 0], [0, 8, 8, 8, 0, 8, 8, 8, 0], [0, 0, 0, 0, 0, 0, 0, 0, 0]]}, {"input": [[0, 0, 0, 0, 0, 0, 0, 0, 0, 5, 0, 0, 0, 0, 4, 0, 0, 0, 0], [0, 1, 1, 1, 0, 4, 4, 4, 0, 5, 0, 2, 2, 2, 4, 8, 8, 8, 0], [0, 1, 1, 1, 0, 4, 4, 4, 0, 5, 0, 2, 2, 2, 4, 8, 8, 8, 0], [0, 1, 1, 1, 0, 4, 4, 4, 0, 5, 0, 2, 2, 2, 4, 8, 8, 8, 0], [0, 0, 0, 0, 0, 0, 0, 0, 0, 5, 0, 0, 0, 0, 4, 0, 0, 0, 0], [0, 1, 1, 1, 0, 1, 1, 1, 0, 5, 0, 3, 3, 3, 4, 1, 1, 1, 0], [0, 1, 1, 1, 0, 1, 1, 1, 0, 5, 0, 3, 3, 3, 4, 1, 1, 1, 0], [0, 1, 1, 1, 0, 1, 1, 1, 0, 5, 0, 3, 3, 3, 4, 1, 1, 1, 0], [0, 0, 0, 0, 0, 0, 0, 0, 0, 5, 0, 0, 0, 0, 4, 0, 0, 0, 0], [5, 5, 5, 5, 5, 5, 5, 5, 5, 5, 5, 5, 5, 5, 5, 5, 5, 5, 5], [0, 0, 0, 0, 0, 0, 0, 0, 0, 5, 0, 0, 0, 0, 0, 0, 0, 0, 0], [0, 1, 1, 1, 0, 8, 8, 8, 0, 5, 0, 1, 1, 1, 0, 1, 1, 1, 0], [0, 1, 1, 1, 0, 8, 8, 8, 0, 5, 0, 1, 1, 1, 0, 1, 1, 1, 0], [0, 1, 1, 1, 0, 8, 8, 8, 0, 5, 0, 1, 1, 1, 0, 1, 1, 1, 0], [4, 4, 4, 4, 4, 4, 4, 4, 4, 5, 0, 0, 0, 0, 0, 0, 0, 0, 0], [0, 6, 6, 6, 0, 3, 3, 3, 0, 5, 0, 2, 2, 2, 0, 1, 1, 1, 0], [0, 6, 6, 6, 0, 3, 3, 3, 0, 5, 0, 2, 2, 2, 0, 1, 1, 1, 0], [0, 6, 6, 6, 0, 3, 3, 3, 0, 5, 0, 2, 2, 2, 0, 1, 1, 1, 0], [0, 0, 0, 0, 0, 0, 0, 0, 0, 5, 0, 0, 0, 0, 0, 0, 0, 0, 0]], "output": [[0, 0, 0, 0, 0, 0, 0, 0, 0, 5, 0, 0, 0, 0, 4, 0, 0, 0, 0], [0, 4, 4, 4, 0, 4, 4, 4, 0, 5, 0, 8, 8, 8, 4, 2, 2, 2, 0], [0, 4, 4, 4, 0, 4, 4, 4, 0, 5, 0, 8, 8, 8, 4, 2, 2, 2, 0], [0, 4, 4, 4, 0, 4, 4, 4, 0, 5, 0, 8, 8, 8, 4, 2, 2, 2, 0], [0, 0, 0, 0, 0, 0, 0, 0, 0, 5, 0, 0, 0, 0, 4, 0, 0, 0, 0], [0, 4, 4, 4, 0, 4, 4, 4, 0, 5, 0, 1, 1, 1, 4, 3, 3, 3, 0], [0, 4, 4, 4, 0, 4, 4, 4, 0, 5, 0, 1, 1, 1, 4, 3, 3, 3, 0], [0, 4, 4, 4, 0, 4, 4, 4, 0, 5, 0, 1, 1, 1, 4, 3, 3, 3, 0], [0, 0, 0, 0, 0, 0, 0, 0, 0, 5, 0, 0, 0, 0, 4, 0, 0, 0, 0], [5, 5, 5, 5, 5, 5, 5, 5, 5, 5, 5, 5, 5, 5, 5, 5, 5, 5, 5], [0, 0, 0, 0, 0, 0, 0, 0, 0, 5, 0, 0, 0, 0, 0, 0, 0, 0, 0], [0, 6, 6, 6, 0, 3, 3, 3, 0, 5, 0, 2, 2, 2, 0, 2, 2, 2, 0], [0, 6, 6, 6, 0, 3, 3, 3, 0, 5, 0, 2, 2, 2, 0, 2, 2, 2, 0], [0, 6, 6, 6, 0, 3, 3, 3, 0, 5, 0, 2, 2, 2, 0, 2, 2, 2, 0], [4, 4, 4, 4, 4, 4, 4, 4, 4, 5, 0, 0, 0, 0, 0, 0, 0, 0, 0], [0, 1, 1, 1, 0, 8, 8, 8, 0, 5, 0, 2, 2, 2, 0, 2, 2, 2, 0], [0, 1, 1, 1, 0, 8, 8, 8, 0, 5, 0, 2, 2, 2, 0, 2, 2, 2, 0], [0, 1, 1, 1, 0, 8, 8, 8, 0, 5, 0, 2, 2, 2, 0, 2, 2, 2, 0], [0, 0, 0, 0, 0, 0, 0, 0, 0, 5, 0, 0, 0, 0, 0, 0, 0, 0, 0]]}], "test": [{"input": [[0, 0, 0, 0, 4, 0, 0, 0, 0, 5, 0, 0, 0, 0, 0, 0, 0, 0, 0, 5, 0, 0, 0, 0, 0, 0, 0, 0, 0], [0, 1, 1, 1, 4, 3, 3, 3, 0, 5, 0, 6, 6, 6, 0, 1, 1, 1, 0, 5, 0, 1, 1, 1, 0, 1, 1, 1, 0], [0, 1, 1, 1, 4, 3, 3, 3, 0, 5, 0, 6, 6, 6, 0, 1, 1, 1, 0, 5, 0, 1, 1, 1, 0, 1, 1, 1, 0], [0, 1, 1, 1, 4, 3, 3, 3, 0, 5, 0, 6, 6, 6, 0, 1, 1, 1, 0, 5, 0, 1, 1, 1, 0, 1, 1, 1, 0], [0, 0, 0, 0, 4, 0, 0, 0, 0, 5, 0, 0, 0, 0, 0, 0, 0, 0, 0, 5, 0, 0, 0, 0, 0, 0, 0, 0, 0], [0, 3, 3, 3, 4, 5, 5, 5, 0, 5, 0, 1, 1, 1, 0, 1, 1, 1, 0, 5, 0, 4, 4, 4, 0, 1, 1, 1, 0], [0, 3, 3, 3, 4, 5, 5, 5, 0, 5, 0, 1, 1, 1, 0, 1, 1, 1, 0, 5, 0, 4, 4, 4, 0, 1, 1, 1, 0], [0, 3, 3, 3, 4, 5, 5, 5, 0, 5, 0, 1, 1, 1, 0, 1, 1, 1, 0, 5, 0, 4, 4, 4, 0, 1, 1, 1, 0], [0, 0, 0, 0, 4, 0, 0, 0, 0, 5, 0, 0, 0, 0, 0, 0, 0, 0, 0, 5, 0, 0, 0, 0, 0, 0, 0, 0, 0], [5, 5, 5, 5, 5, 5, 5, 5, 5, 5, 5, 5, 5, 5, 5, 5, 5, 5, 5, 5, 5, 5, 5, 5, 5, 5, 5, 5, 5], [0, 0, 0, 0, 0, 0, 0, 0, 0, 5, 0, 0, 0, 0, 0, 0, 0, 0, 0, 5, 0, 0, 0, 0, 0, 0, 0, 0, 0], [0, 2, 2, 2, 0, 1, 1, 1, 0, 5, 0, 1, 1, 1, 0, 1, 1, 1, 0, 5, 0, 8, 8, 8, 0, 5, 5, 5, 0], [0, 2, 2, 2, 0, 1, 1, 1, 0, 5, 0, 1, 1, 1, 0, 1, 1, 1, 0, 5, 0, 8, 8, 8, 0, 5, 5, 5, 0], [0, 2, 2, 2, 0, 1, 1, 1, 0, 5, 0, 1, 1, 1, 0, 1, 1, 1, 0, 5, 0, 8, 8, 8, 0, 5, 5, 5, 0], [0, 0, 0, 0, 0, 0, 0, 0, 0, 5, 0, 0, 0, 0, 0, 0, 0, 0, 0, 5, 4, 4, 4, 4, 4, 4, 4, 4, 4], [0, 1, 1, 1, 0, 1, 1, 1, 0, 5, 0, 1, 1, 1, 0, 8, 8, 8, 0, 5, 0, 1, 1, 1, 0, 6, 6, 6, 0], [0, 1, 1, 1, 0, 1, 1, 1, 0, 5, 0, 1, 1, 1, 0, 8, 8, 8, 0, 5, 0, 1, 1, 1, 0, 6, 6, 6, 0], [0, 1, 1, 1, 0, 1, 1, 1, 0, 5, 0, 1, 1, 1, 0, 8, 8, 8, 0, 5, 0, 1, 1, 1, 0, 6, 6, 6, 0], [0, 0, 0, 0, 0, 0, 0, 0, 0, 5, 0, 0, 0, 0, 0, 0, 0, 0, 0, 5, 0, 0, 0, 0, 0, 0, 0, 0, 0]], "output": [[0, 0, 0, 0, 4, 0, 0, 0, 0, 5, 0, 0, 0, 0, 0, 0, 0, 0, 0, 5, 0, 0, 0, 0, 0, 0, 0, 0, 0], [0, 3, 3, 3, 4, 1, 1, 1, 0, 5, 0, 6, 6, 6, 0, 6, 6, 6, 0, 5, 0, 4, 4, 4, 0, 4, 4, 4, 0], [0, 3, 3, 3, 4, 1, 1, 1, 0, 5, 0, 6, 6, 6, 0, 6, 6, 6, 0, 5, 0, 4, 4, 4, 0, 4, 4, 4, 0], [0, 3, 3, 3, 4, 1, 1, 1, 0, 5, 0, 6, 6, 6, 0, 6, 6, 6, 0, 5, 0, 4, 4, 4, 0, 4, 4, 4, 0], [0, 0, 0, 0, 4, 0, 0, 0, 0, 5, 0, 0, 0, 0, 0, 0, 0, 0, 0, 5, 0, 0, 0, 0, 0, 0, 0, 0, 0], [0, 5, 5, 5, 4, 3, 3, 3, 0, 5, 0, 6, 6, 6, 0, 6, 6, 6, 0, 5, 0, 4, 4, 4, 0, 4, 4, 4, 0], [0, 5, 5, 5, 4, 3, 3, 3, 0, 5, 0, 6, 6, 6, 0, 6, 6, 6, 0, 5, 0, 4, 4, 4, 0, 4, 4, 4, 0], [0, 5, 5, 5, 4, 3, 3, 3, 0, 5, 0, 6, 6, 6, 0, 6, 6, 6, 0, 5, 0, 4, 4, 4, 0, 4, 4, 4, 0], [0, 0, 0, 0, 4, 0, 0, 0, 0, 5, 0, 0, 0, 0, 0, 0, 0, 0, 0, 5, 0, 0, 0, 0, 0, 0, 0, 0, 0], [5, 5, 5, 5, 5, 5, 5, 5, 5, 5, 5, 5, 5, 5, 5, 5, 5, 5, 5, 5, 5, 5, 5, 5, 5, 5, 5, 5, 5], [0, 0, 0, 0, 0, 0, 0, 0, 0, 5, 0, 0, 0, 0, 0, 0, 0, 0, 0, 5, 0, 0, 0, 0, 0, 0, 0, 0, 0], [0, 2, 2, 2, 0, 2, 2, 2, 0, 5, 0, 8, 8, 8, 0, 8, 8, 8, 0, 5, 0, 1, 1, 1, 0, 6, 6, 6, 0], [0, 2, 2, 2, 0, 2, 2, 2, 0, 5, 0, 8, 8, 8, 0, 8, 8, 8, 0, 5, 0, 1, 1, 1, 0, 6, 6, 6, 0], [0, 2, 2, 2, 0, 2, 2, 2, 0, 5, 0, 8, 8, 8, 0, 8, 8, 8, 0, 5, 0, 1, 1, 1, 0, 6, 6, 6, 0], [0, 0, 0, 0, 0, 0, 0, 0, 0, 5, 0, 0, 0, 0, 0, 0, 0, 0, 0, 5, 4, 4, 4, 4, 4, 4, 4, 4, 4], [0, 2, 2, 2, 0, 2, 2, 2, 0, 5, 0, 8, 8, 8, 0, 8, 8, 8, 0, 5, 0, 8, 8, 8, 0, 5, 5, 5, 0], [0, 2, 2, 2, 0, 2, 2, 2, 0, 5, 0, 8, 8, 8, 0, 8, 8, 8, 0, 5, 0, 8, 8, 8, 0, 5, 5, 5, 0], [0, 2, 2, 2, 0, 2, 2, 2, 0, 5, 0, 8, 8, 8, 0, 8, 8, 8, 0, 5, 0, 8, 8, 8, 0, 5, 5, 5, 0], [0, 0, 0, 0, 0, 0, 0, 0, 0, 5, 0, 0, 0, 0, 0, 0, 0, 0, 0, 5, 0, 0, 0, 0, 0, 0, 0, 0, 0]]}, {"input": [[0, 0, 0, 0, 0, 0, 0, 0, 0, 9, 0, 0, 0, 0, 4, 0, 0, 0, 0, 9, 0, 0, 0, 0, 0, 0, 0, 0, 0], [0, 3, 3, 3, 0, 1, 1, 1, 0, 9, 0, 8, 8, 8, 4, 1, 1, 1, 0, 9, 0, 1, 1, 1, 0, 7, 7, 7, 0], [0, 3, 3, 3, 0, 1, 1, 1, 0, 9, 0, 8, 8, 8, 4, 1, 1, 1, 0, 9, 0, 1, 1, 1, 0, 7, 7, 7, 0], [0, 3, 3, 3, 0, 1, 1, 1, 0, 9, 0, 8, 8, 8, 4, 1, 1, 1, 0, 9, 0, 1, 1, 1, 0, 7, 7, 7, 0], [0, 0, 0, 0, 0, 0, 0, 0, 0, 9, 0, 0, 0, 0, 4, 0, 0, 0, 0, 9, 0, 0, 0, 0, 0, 0, 0, 0, 0], [0, 1, 1, 1, 0, 1, 1, 1, 0, 9, 0, 6, 6, 6, 4, 3, 3, 3, 0, 9, 0, 1, 1, 1, 0, 1, 1, 1, 0], [0, 1, 1, 1, 0, 1, 1, 1, 0, 9, 0, 6, 6, 6, 4, 3, 3, 3, 0, 9, 0, 1, 1, 1, 0, 1, 1, 1, 0], [0, 1, 1, 1, 0, 1, 1, 1, 0, 9, 0, 6, 6, 6, 4, 3, 3, 3, 0, 9, 0, 1, 1, 1, 0, 1, 1, 1, 0], [0, 0, 0, 0, 0, 0, 0, 0, 0, 9, 0, 0, 0, 0, 4, 0, 0, 0, 0, 9, 0, 0, 0, 0, 0, 0, 0, 0, 0], [9, 9, 9, 9, 9, 9, 9, 9, 9, 9, 9, 9, 9, 9, 9, 9, 9, 9, 9, 9, 9, 9, 9, 9, 9, 9, 9, 9, 9], [0, 0, 0, 0, 0, 0, 0, 0, 0, 9, 0, 0, 0, 0, 0, 0, 0, 0, 0, 9, 0, 0, 0, 0, 0, 0, 0, 0, 0], [0, 8, 8, 8, 0, 3, 3, 3, 0, 9, 0, 5, 5, 5, 0, 1, 1, 1, 0, 9, 0, 2, 2, 2, 0, 7, 7, 7, 0], [0, 8, 8, 8, 0, 3, 3, 3, 0, 9, 0, 5, 5, 5, 0, 1, 1, 1, 0, 9, 0, 2, 2, 2, 0, 7, 7, 7, 0], [0, 8, 8, 8, 0, 3, 3, 3, 0, 9, 0, 5, 5, 5, 0, 1, 1, 1, 0, 9, 0, 2, 2, 2, 0, 7, 7, 7, 0], [4, 4, 4, 4, 4, 4, 4, 4, 4, 9, 0, 0, 0, 0, 0, 0, 0, 0, 0, 9, 4, 4, 4, 4, 4, 4, 4, 4, 4], [0, 2, 2, 2, 0, 1, 1, 1, 0, 9, 0, 1, 1, 1, 0, 1, 1, 1, 0, 9, 0, 8, 8, 8, 0, 1, 1, 1, 0], [0, 2, 2, 2, 0, 1, 1, 1, 0, 9, 0, 1, 1, 1, 0, 1, 1, 1, 0, 9, 0, 8, 8, 8, 0, 1, 1, 1, 0], [0, 2, 2, 2, 0, 1, 1, 1, 0, 9, 0, 1, 1, 1, 0, 1, 1, 1, 0, 9, 0, 8, 8, 8, 0, 1, 1, 1, 0], [0, 0, 0, 0, 0, 0, 0, 0, 0, 9, 0, 0, 0, 0, 0, 0, 0, 0, 0, 9, 0, 0, 0, 0, 0, 0, 0, 0, 0], [9, 9, 9, 9, 9, 9, 9, 9, 9, 9, 9, 9, 9, 9, 9, 9, 9, 9, 9, 9, 9, 9, 9, 9, 9, 9, 9, 9, 9], [0, 0, 0, 0, 4, 0, 0, 0, 0, 9, 0, 0, 0, 0, 0, 0, 0, 0, 0, 9, 0, 0, 0, 0, 0, 0, 0, 0, 0], [0, 6, 6, 6, 4, 6, 6, 6, 0, 9, 0, 7, 7, 7, 0, 1, 1, 1, 0, 9, 0, 1, 1, 1, 0, 2, 2, 2, 0], [0, 6, 6, 6, 4, 6, 6, 6, 0, 9, 0, 7, 7, 7, 0, 1, 1, 1, 0, 9, 0, 1, 1, 1, 0, 2, 2, 2, 0], [0, 6, 6, 6, 4, 6, 6, 6, 0, 9, 0, 7, 7, 7, 0, 1, 1, 1, 0, 9, 0, 1, 1, 1, 0, 2, 2, 2, 0], [0, 0, 0, 0, 4, 0, 0, 0, 0, 9, 4, 4, 4, 4, 4, 4, 4, 4, 4, 9, 0, 0, 0, 0, 0, 0, 0, 0, 0], [0, 3, 3, 3, 4, 1, 1, 1, 0, 9, 0, 2, 2, 2, 0, 8, 8, 8, 0, 9, 0, 1, 1, 1, 0, 1, 1, 1, 0], [0, 3, 3, 3, 4, 1, 1, 1, 0, 9, 0, 2, 2, 2, 0, 8, 8, 8, 0, 9, 0, 1, 1, 1, 0, 1, 1, 1, 0], [0, 3, 3, 3, 4, 1, 1, 1, 0, 9, 0, 2, 2, 2, 0, 8, 8, 8, 0, 9, 0, 1, 1, 1, 0, 1, 1, 1, 0], [0, 0, 0, 0, 4, 0, 0, 0, 0, 9, 0, 0, 0, 0, 0, 0, 0, 0, 0, 9, 0, 0, 0, 0, 0, 0, 0, 0, 0]], "output": [[0, 0, 0, 0, 0, 0, 0, 0, 0, 9, 0, 0, 0, 0, 4, 0, 0, 0, 0, 9, 0, 0, 0, 0, 0, 0, 0, 0, 0], [0, 3, 3, 3, 0, 3, 3, 3, 0, 9, 0, 1, 1, 1, 4, 8, 8, 8, 0, 9, 0, 7, 7, 7, 0, 7, 7, 7, 0], [0, 3, 3, 3, 0, 3, 3, 3, 0, 9, 0, 1, 1, 1, 4, 8, 8, 8, 0, 9, 0, 7, 7, 7, 0, 7, 7, 7, 0], [0, 3, 3, 3, 0, 3, 3, 3, 0, 9, 0, 1, 1, 1, 4, 8, 8, 8, 0, 9, 0, 7, 7, 7, 0, 7, 7, 7, 0], [0, 0, 0, 0, 0, 0, 0, 0, 0, 9, 0, 0, 0, 0, 4, 0, 0, 0, 0, 9, 0, 0, 0, 0, 0, 0, 0, 0, 0], [0, 3, 3, 3, 0, 3, 3, 3, 0, 9, 0, 3, 3, 3, 4, 6, 6, 6, 0, 9, 0, 7, 7, 7, 0, 7, 7, 7, 0], [0, 3, 3, 3, 0, 3, 3, 3, 0, 9, 0, 3, 3, 3, 4, 6, 6, 6, 0, 9, 0, 7, 7, 7, 0, 7, 7, 7, 0], [0, 3, 3, 3, 0, 3, 3, 3, 0, 9, 0, 3, 3, 3, 4, 6, 6, 6, 0, 9, 0, 7, 7, 7, 0, 7, 7, 7, 0], [0, 0, 0, 0, 0, 0, 0, 0, 0, 9, 0, 0, 0, 0, 4, 0, 0, 0, 0, 9, 0, 0, 0, 0, 0, 0, 0, 0, 0], [9, 9, 9, 9, 9, 9, 9, 9, 9, 9, 9, 9, 9, 9, 9, 9, 9, 9, 9, 9, 9, 9, 9, 9, 9, 9, 9, 9, 9], [0, 0, 0, 0, 0, 0, 0, 0, 0, 9, 0, 0, 0, 0, 0, 0, 0, 0, 0, 9, 0, 0, 0, 0, 0, 0, 0, 0, 0], [0, 2, 2, 2, 0, 1, 1, 1, 0, 9, 0, 5, 5, 5, 0, 5, 5, 5, 0, 9, 0, 8, 8, 8, 0, 1, 1, 1, 0], [0, 2, 2, 2, 0, 1, 1, 1, 0, 9, 0, 5, 5, 5, 0, 5, 5, 5, 0, 9, 0, 8, 8, 8, 0, 1, 1, 1, 0], [0, 2, 2, 2, 0, 1, 1, 1, 0, 9, 0, 5, 5, 5, 0, 5, 5, 5, 0, 9, 0, 8, 8, 8, 0, 1, 1, 1, 0], [4, 4, 4, 4, 4, 4, 4, 4, 4, 9, 0, 0, 0, 0, 0, 0, 0, 0, 0, 9, 4, 4, 4, 4, 4, 4, 4, 4, 4], [0, 8, 8, 8, 0, 3, 3, 3, 0, 9, 0, 5, 5, 5, 0, 5, 5, 5, 0, 9, 0, 2, 2, 2, 0, 7, 7, 7, 0], [0, 8, 8, 8, 0, 3, 3, 3, 0, 9, 0, 5, 5, 5, 0, 5, 5, 5, 0, 9, 0, 2, 2, 2, 0, 7, 7, 7, 0], [0, 8, 8, 8, 0, 3, 3, 3, 0, 9, 0, 5, 5, 5, 0, 5, 5, 5, 0, 9, 0, 2, 2, 2, 0, 7, 7, 7, 0], [0, 0, 0, 0, 0, 0, 0, 0, 0, 9, 0, 0, 0, 0, 0, 0, 0, 0, 0, 9, 0, 0, 0, 0, 0, 0, 0, 0, 0], [9, 9, 9, 9, 9, 9, 9, 9, 9, 9, 9, 9, 9, 9, 9, 9, 9, 9, 9, 9, 9, 9, 9, 9, 9, 9, 9, 9, 9], [0, 0, 0, 0, 4, 0, 0, 0, 0, 9, 0, 0, 0, 0, 0, 0, 0, 0, 0, 9, 0, 0, 0, 0, 0, 0, 0, 0, 0], [0, 6, 6, 6, 4, 6, 6, 6, 0, 9, 0, 2, 2, 2, 0, 8, 8, 8, 0, 9, 0, 2, 2, 2, 0, 2, 2, 2, 0], [0, 6, 6, 6, 4, 6, 6, 6, 0, 9, 0, 2, 2, 2, 0, 8, 8, 8, 0, 9, 0, 2, 2, 2, 0, 2, 2, 2, 0], [0, 6, 6, 6, 4, 6, 6, 6, 0, 9, 0, 2, 2, 2, 0, 8, 8, 8, 0, 9, 0, 2, 2, 2, 0, 2, 2, 2, 0], [0, 0, 0, 0, 4, 0, 0, 0, 0, 9, 4, 4, 4, 4, 4, 4, 4, 4, 4, 9, 0, 0, 0, 0, 0, 0, 0, 0, 0], [0, 1, 1, 1, 4, 3, 3, 3, 0, 9, 0, 7, 7, 7, 0, 1, 1, 1, 0, 9, 0, 2, 2, 2, 0, 2, 2, 2, 0], [0, 1, 1, 1, 4, 3, 3, 3, 0, 9, 0, 7, 7, 7, 0, 1, 1, 1, 0, 9, 0, 2, 2, 2, 0, 2, 2, 2, 0], [0, 1, 1, 1, 4, 3, 3, 3, 0, 9, 0, 7, 7, 7, 0, 1, 1, 1, 0, 9, 0, 2, 2, 2, 0, 2, 2, 2, 0], [0, 0, 0, 0, 4, 0, 0, 0, 0, 9, 0, 0, 0, 0, 0, 0, 0, 0, 0, 9, 0, 0, 0, 0, 0, 0, 0, 0, 0]]}]}