{"train": [{"input": [[6, 3, 5, 7, 6, 3, 5, 7, 6, 3, 5, 8, 8, 8, 8, 8, 8, 8, 8, 8], [5, 7, 6, 3, 5, 7, 6, 3, 5, 7, 6, 8, 8, 8, 8, 8, 8, 8, 8, 8], [6, 3, 5, 7, 6, 3, 5, 7, 6, 3, 5, 8, 8, 8, 8, 8, 8, 8, 8, 8], [5, 7, 6, 3, 5, 7, 6, 3, 5, 7, 6, 8, 8, 8, 8, 8, 8, 8, 8, 8], [6, 3, 5, 7, 6, 3, 5, 7, 6, 3, 5, 8, 8, 8, 8, 8, 8, 8, 8, 8], [5, 7, 6, 3, 5, 7, 6, 3, 5, 7, 6, 8, 8, 8, 8, 8, 8, 8, 8, 8], [6, 3, 5, 7, 6, 3, 5, 7, 6, 3, 5, 8, 8, 8, 8, 8, 8, 8, 8, 8], [5, 7, 6, 3, 5, 7, 6, 3, 5, 7, 6, 8, 8, 8, 8, 8, 8, 8, 8, 8], [6, 3, 5, 7, 6, 3, 5, 7, 6, 3, 5, 8, 8, 8, 8, 8, 8, 8, 8, 8], [5, 7, 6, 3, 5, 7, 6, 3, 5, 7, 6, 8, 8, 8, 8, 8, 8, 8, 8, 8], [6, 3, 5, 7, 6, 3, 5, 7, 6, 3, 5, 8, 8, 8, 8, 8, 8, 8, 8, 8], [8, 8, 8, 8, 8, 8, 8, 8, 8, 8, 8, 8, 8, 8, 8, 8, 8, 8, 8, 8], [8, 8, 8, 8, 8, 8, 8, 8, 8, 8, 8, 8, 8, 8, 8, 8, 8, 8, 8, 8], [8, 8, 8, 8, 8, 8, 8, 8, 8, 8, 8, 8, 8, 8, 8, 8, 8, 8, 8, 8], [8, 8, 8, 8, 8, 8, 8, 8, 8, 8, 8, 8, 8, 8, 8, 8, 8, 8, 8, 8], [8, 8, 8, 8, 8, 8, 8, 8, 8, 8, 8, 8, 8, 8, 8, 8, 8, 8, 8, 8], [8, 8, 8, 8, 8, 8, 8, 8, 8, 8, 8, 8, 8, 8, 8, 8, 8, 8, 8, 8], [8, 8, 8, 8, 8, 8, 8, 8, 8, 8, 8, 8, 8, 8, 8, 8, 8, 8, 8, 8], [8, 8, 8, 8, 8, 8, 8, 8, 8, 8, 8, 8, 8, 8, 8, 8, 8, 8, 8, 8], [8, 8, 8, 8, 8, 8, 8, 8, 8, 8, 8, 8, 8, 8, 8, 8, 8, 8, 8, 8]], "output": [[3, 5, 7, 6, 3, 5, 7, 6, 3, 5, 7, 6, 3, 5, 7, 6, 3, 5, 7, 6], [7, 6, 3, 5, 7, 6, 3, 5, 7, 6, 3, 5, 7, 6, 3, 5, 7, 6, 3, 5], [3, 5, 7, 6, 3, 5, 7, 6, 3, 5, 7, 6, 3, 5, 7, 6, 3, 5, 7, 6], [7, 6, 3, 5, 7, 6, 3, 5, 7, 6, 3, 5, 7, 6, 3, 5, 7, 6, 3, 5], [3, 5, 7, 6, 3, 5, 7, 6, 3, 5, 7, 6, 3, 5, 7, 6, 3, 5, 7, 6], [7, 6, 3, 5, 7, 6, 3, 5, 7, 6, 3, 5, 7, 6, 3, 5, 7, 6, 3, 5], [3, 5, 7, 6, 3, 5, 7, 6, 3, 5, 7, 6, 3, 5, 7, 6, 3, 5, 7, 6], [7, 6, 3, 5, 7, 6, 3, 5, 7, 6, 3, 5, 7, 6, 3, 5, 7, 6, 3, 5], [3, 5, 7, 6, 3, 5, 7, 6, 3, 5, 7, 6, 3, 5, 7, 6, 3, 5, 7, 6], [7, 6, 3, 5, 7, 6, 3, 5, 7, 6, 3, 5, 7, 6, 3, 5, 7, 6, 3, 5], [3, 5, 7, 6, 3, 5, 7, 6, 3, 5, 7, 6, 3, 5, 7, 6, 3, 5, 7, 6], [7, 6, 3, 5, 7, 6, 3, 5, 7, 6, 3, 5, 7, 6, 3, 5, 7, 6, 3, 5], [3, 5, 7, 6, 3, 5, 7, 6, 3, 5, 7, 6, 3, 5, 7, 6, 3, 5, 7, 6], [7, 6, 3, 5, 7, 6, 3, 5, 7, 6, 3, 5, 7, 6, 3, 5, 7, 6, 3, 5], [3, 5, 7, 6, 3, 5, 7, 6, 3, 5, 7, 6, 3, 5, 7, 6, 3, 5, 7, 6], [7, 6, 3, 5, 7, 6, 3, 5, 7, 6, 3, 5, 7, 6, 3, 5, 7, 6, 3, 5], [3, 5, 7, 6, 3, 5, 7, 6, 3, 5, 7, 6, 3, 5, 7, 6, 3, 5, 7, 6], [7, 6, 3, 5, 7, 6, 3, 5, 7, 6, 3, 5, 7, 6, 3, 5, 7, 6, 3, 5], [3, 5, 7, 6, 3, 5, 7, 6, 3, 5, 7, 6, 3, 5, 7, 6, 3, 5, 7, 6], [7, 6, 3, 5, 7, 6, 3, 5, 7, 6, 3, 5, 7, 6, 3, 5, 7, 6, 3, 5]]}, {"input": [[5, 2, 5, 2, 5, 2, 5, 1], [2, 5, 2, 5, 2, 5, 2, 1], [5, 2, 5, 2, 5, 2, 5, 1], [2, 5, 2, 5, 2, 5, 2, 1], [5, 2, 5, 2, 5, 2, 5, 1], [2, 5, 2, 5, 2, 5, 2, 1], [5, 2, 5, 2, 5, 2, 5, 1], [1, 1, 1, 1, 1, 1, 1, 1]], "output": [[2, 5, 2, 5, 2, 5, 2, 5], [5, 2, 5, 2, 5, 2, 5, 2], [2, 5, 2, 5, 2, 5, 2, 5], [5, 2, 5, 2, 5, 2, 5, 2], [2, 5, 2, 5, 2, 5, 2, 5], [5, 2, 5, 2, 5, 2, 5, 2], [2, 5, 2, 5, 2, 5, 2, 5], [5, 2, 5, 2, 5, 2, 5, 2]]}, {"input": [[7, 6, 3, 7, 6, 3, 7, 6, 4], [6, 3, 7, 6, 3, 7, 6, 3, 4], [7, 6, 3, 7, 6, 3, 7, 6, 4], [6, 3, 7, 6, 3, 7, 6, 3, 4], [7, 6, 3, 7, 6, 3, 7, 6, 4], [6, 3, 7, 6, 3, 7, 6, 3, 4], [7, 6, 3, 7, 6, 3, 7, 6, 4], [6, 3, 7, 6, 3, 7, 6, 3, 4], [4, 4, 4, 4, 4, 4, 4, 4, 4]], "output": [[6, 3, 7, 6, 3, 7, 6, 3, 7], [3, 7, 6, 3, 7, 6, 3, 7, 6], [6, 3, 7, 6, 3, 7, 6, 3, 7], [3, 7, 6, 3, 7, 6, 3, 7, 6], [6, 3, 7, 6, 3, 7, 6, 3, 7], [3, 7, 6, 3, 7, 6, 3, 7, 6], [6, 3, 7, 6, 3, 7, 6, 3, 7], [3, 7, 6, 3, 7, 6, 3, 7, 6], [6, 3, 7, 6, 3, 7, 6, 3, 7]]}], "test": [{"input": [[6, 8, 6, 8, 6, 3], [8, 6, 8, 6, 8, 3], [6, 8, 6, 8, 6, 3], [8, 6, 8, 6, 8, 3], [6, 8, 6, 8, 6, 3], [3, 3, 3, 3, 3, 3]], "output": [[8, 6, 8, 6, 8, 6], [6, 8, 6, 8, 6, 8], [8, 6, 8, 6, 8, 6], [6, 8, 6, 8, 6, 8], [8, 6, 8, 6, 8, 6], [6, 8, 6, 8, 6, 8]]}]}