{"train": [{"input": [[8, 8, 8, 8, 0, 0, 8, 8, 8, 8, 8], [8, 8, 8, 8, 0, 0, 8, 8, 8, 8, 8], [8, 8, 0, 0, 0, 0, 0, 0, 8, 8, 8], [8, 8, 8, 8, 0, 0, 8, 8, 8, 8, 8], [8, 8, 8, 8, 0, 0, 8, 8, 8, 8, 8], [3, 3, 3, 8, 8, 8, 8, 8, 8, 8, 8], [3, 3, 3, 3, 8, 8, 8, 8, 9, 9, 9], [8, 8, 8, 8, 8, 8, 8, 8, 9, 9, 9], [6, 6, 6, 8, 8, 8, 8, 8, 8, 8, 8], [6, 6, 6, 6, 6, 8, 8, 8, 8, 8, 8], [8, 8, 8, 6, 6, 8, 8, 8, 8, 8, 8]], "output": [[8, 8, 8, 8, 0, 0, 8, 8, 8, 8, 8], [8, 8, 8, 8, 0, 0, 8, 8, 8, 8, 8], [8, 8, 8, 8, 0, 0, 0, 0, 8, 8, 8], [8, 8, 8, 8, 0, 0, 8, 8, 8, 8, 8], [8, 8, 8, 8, 0, 0, 8, 8, 8, 8, 8], [8, 8, 3, 8, 8, 8, 8, 8, 8, 8, 8], [8, 8, 3, 3, 8, 8, 8, 8, 8, 8, 9], [8, 8, 8, 8, 8, 8, 8, 8, 8, 8, 9], [8, 8, 6, 8, 8, 8, 8, 8, 8, 8, 8], [8, 8, 6, 6, 6, 8, 8, 8, 8, 8, 8], [8, 8, 8, 6, 6, 8, 8, 8, 8, 8, 8]]}, {"input": [[8, 9, 9, 9, 9, 9, 8, 8, 8], [8, 9, 9, 9, 9, 9, 8, 8, 8], [8, 8, 8, 8, 8, 8, 8, 0, 8], [8, 8, 0, 0, 0, 0, 0, 0, 8], [8, 8, 8, 8, 8, 8, 8, 0, 8], [8, 2, 2, 2, 2, 2, 8, 8, 8], [8, 8, 8, 2, 2, 8, 8, 8, 8], [8, 8, 8, 2, 8, 8, 8, 3, 3], [8, 8, 8, 8, 8, 8, 8, 3, 3]], "output": [[8, 8, 8, 9, 9, 9, 8, 8, 8], [8, 8, 8, 9, 9, 9, 8, 8, 8], [8, 8, 8, 8, 8, 8, 8, 0, 8], [8, 8, 8, 8, 0, 0, 0, 0, 8], [8, 8, 8, 8, 8, 8, 8, 0, 8], [8, 8, 8, 2, 2, 2, 8, 8, 8], [8, 8, 8, 2, 2, 8, 8, 8, 8], [8, 8, 8, 2, 8, 8, 8, 8, 8], [8, 8, 8, 8, 8, 8, 8, 8, 8]]}], "test": [{"input": [[8, 8, 8, 8, 8, 8, 6, 6], [8, 8, 8, 8, 8, 8, 6, 6], [4, 8, 8, 4, 8, 8, 6, 6], [4, 4, 4, 4, 8, 8, 8, 8], [4, 8, 8, 4, 8, 8, 8, 8], [8, 8, 8, 8, 8, 8, 8, 8], [2, 2, 2, 8, 5, 5, 5, 5], [2, 2, 2, 8, 5, 5, 5, 5]], "output": [[8, 8, 8, 8, 8, 8, 8, 8], [8, 8, 8, 8, 8, 8, 8, 8], [8, 8, 8, 4, 8, 8, 8, 8], [8, 8, 4, 4, 8, 8, 8, 8], [8, 8, 8, 4, 8, 8, 8, 8], [8, 8, 8, 8, 8, 8, 8, 8], [8, 8, 2, 8, 8, 8, 5, 5], [8, 8, 2, 8, 8, 8, 5, 5]]}]}