{"train": [{"input": [[0, 3, 3, 3, 0], [0, 3, 0, 3, 0], [0, 0, 0, 0, 0], [0, 0, 0, 0, 0], [0, 0, 0, 0, 0]], "output": [[0, 3, 3, 3, 0], [0, 3, 0, 3, 0], [0, 0, 0, 0, 0], [0, 0, 0, 0, 0], [0, 0, 4, 0, 0]]}, {"input": [[0, 6, 6, 6, 0, 0, 0, 0], [0, 6, 0, 6, 0, 0, 0, 0], [0, 0, 0, 0, 0, 6, 6, 6], [0, 0, 0, 0, 0, 6, 0, 6], [0, 0, 0, 0, 0, 0, 0, 0], [0, 0, 0, 0, 0, 0, 0, 0], [0, 0, 0, 0, 0, 0, 0, 0], [0, 0, 0, 0, 0, 0, 0, 0]], "output": [[0, 6, 6, 6, 0, 0, 0, 0], [0, 6, 0, 6, 0, 0, 0, 0], [0, 0, 0, 0, 0, 6, 6, 6], [0, 0, 0, 0, 0, 6, 0, 6], [0, 0, 0, 0, 0, 0, 0, 0], [0, 0, 0, 0, 0, 0, 0, 0], [0, 0, 0, 0, 0, 0, 0, 0], [0, 0, 4, 0, 0, 0, 4, 0]]}, {"input": [[0, 0, 0, 0, 0, 0, 0], [0, 8, 8, 8, 0, 0, 0], [0, 8, 0, 8, 6, 6, 6], [0, 0, 0, 0, 6, 0, 6], [0, 0, 0, 0, 0, 0, 0]], "output": [[0, 0, 0, 0, 0, 0, 0], [0, 8, 8, 8, 0, 0, 0], [0, 8, 0, 8, 6, 6, 6], [0, 0, 0, 0, 6, 0, 6], [0, 0, 4, 0, 0, 4, 0]]}], "test": [{"input": [[0, 5, 5, 5, 0, 0, 0, 0, 0, 0, 0], [0, 5, 0, 5, 0, 8, 8, 8, 0, 0, 0], [0, 0, 0, 0, 0, 8, 0, 8, 3, 3, 3], [0, 0, 0, 0, 0, 0, 0, 0, 3, 0, 3], [0, 0, 0, 0, 0, 0, 0, 0, 0, 0, 0], [0, 0, 0, 0, 0, 0, 0, 0, 0, 0, 0], [0, 0, 0, 0, 0, 0, 0, 0, 0, 0, 0]], "output": [[0, 5, 5, 5, 0, 0, 0, 0, 0, 0, 0], [0, 5, 0, 5, 0, 8, 8, 8, 0, 0, 0], [0, 0, 0, 0, 0, 8, 0, 8, 3, 3, 3], [0, 0, 0, 0, 0, 0, 0, 0, 3, 0, 3], [0, 0, 0, 0, 0, 0, 0, 0, 0, 0, 0], [0, 0, 0, 0, 0, 0, 0, 0, 0, 0, 0], [0, 0, 4, 0, 0, 0, 4, 0, 0, 4, 0]]}]}