{"train": [{"input": [[7, 7, 7, 7, 7, 7, 7, 7, 7, 7], [7, 7, 7, 7, 7, 7, 7, 7, 7, 7], [7, 7, 7, 7, 7, 1, 7, 7, 7, 7], [7, 7, 7, 7, 7, 1, 1, 9, 0, 0], [7, 7, 7, 7, 7, 7, 7, 9, 7, 7], [7, 7, 7, 7, 7, 7, 6, 6, 6, 7], [7, 7, 7, 7, 7, 7, 7, 6, 7, 7], [7, 2, 9, 7, 7, 7, 7, 7, 7, 7], [7, 7, 8, 7, 7, 7, 7, 7, 7, 7], [7, 7, 7, 7, 7, 7, 7, 7, 7, 7]], "output": [[7, 7, 7, 7, 7, 7, 7, 7, 7, 7], [7, 7, 7, 7, 7, 7, 7, 7, 7, 7], [1, 7, 7, 7, 7, 7, 7, 7, 7, 7], [1, 1, 7, 7, 7, 7, 7, 9, 0, 0], [7, 7, 7, 7, 7, 7, 7, 9, 7, 7], [7, 7, 7, 7, 7, 7, 7, 7, 7, 7], [7, 7, 7, 7, 7, 7, 7, 7, 7, 7], [2, 7, 9, 7, 7, 7, 7, 7, 7, 7], [7, 7, 7, 7, 7, 7, 6, 6, 6, 7], [7, 7, 8, 7, 7, 7, 7, 6, 7, 7]]}, {"input": [[7, 7, 7, 7, 7, 7, 7, 7, 7], [7, 7, 7, 7, 7, 7, 7, 7, 7], [7, 7, 7, 7, 7, 7, 7, 7, 7], [7, 7, 7, 5, 7, 7, 7, 7, 7], [7, 7, 7, 9, 2, 2, 7, 7, 7], [7, 7, 7, 8, 7, 2, 7, 7, 7], [7, 7, 7, 8, 7, 7, 7, 7, 7], [7, 7, 7, 7, 7, 7, 7, 7, 7], [7, 7, 7, 7, 7, 7, 7, 7, 7]], "output": [[7, 7, 7, 5, 7, 7, 7, 7, 7], [7, 7, 7, 7, 7, 7, 7, 7, 7], [7, 7, 7, 7, 7, 7, 7, 7, 7], [7, 7, 7, 7, 7, 7, 7, 7, 7], [7, 7, 7, 9, 7, 7, 7, 2, 2], [7, 7, 7, 7, 7, 7, 7, 7, 2], [7, 7, 7, 7, 7, 7, 7, 7, 7], [7, 7, 7, 8, 7, 7, 7, 7, 7], [7, 7, 7, 8, 7, 7, 7, 7, 7]]}, {"input": [[7, 7, 7, 7, 7, 7, 7, 7, 7, 7, 7, 7], [7, 7, 7, 7, 7, 7, 7, 7, 7, 7, 7, 7], [7, 7, 7, 7, 7, 7, 7, 7, 7, 7, 7, 7], [7, 7, 7, 7, 4, 7, 4, 7, 7, 7, 7, 7], [7, 7, 7, 7, 4, 4, 4, 7, 7, 7, 7, 7], [7, 7, 7, 7, 7, 9, 7, 7, 7, 7, 7, 7], [7, 7, 7, 6, 7, 9, 7, 7, 7, 7, 7, 7], [7, 7, 7, 9, 9, 9, 3, 3, 7, 7, 7, 7], [7, 7, 7, 8, 7, 9, 3, 3, 7, 7, 7, 7], [7, 7, 7, 7, 7, 7, 7, 7, 7, 7, 7, 7], [7, 7, 7, 7, 7, 7, 7, 7, 7, 7, 7, 7], [7, 7, 7, 7, 7, 7, 7, 7, 7, 7, 7, 7]], "output": [[7, 7, 7, 6, 4, 7, 4, 7, 7, 7, 7, 7], [7, 7, 7, 7, 4, 4, 4, 7, 7, 7, 7, 7], [7, 7, 7, 7, 7, 7, 7, 7, 7, 7, 7, 7], [7, 7, 7, 7, 7, 7, 7, 7, 7, 7, 7, 7], [7, 7, 7, 7, 7, 7, 7, 7, 7, 7, 7, 7], [7, 7, 7, 7, 7, 9, 7, 7, 7, 7, 7, 7], [7, 7, 7, 7, 7, 9, 7, 7, 7, 7, 7, 7], [7, 7, 7, 9, 9, 9, 7, 7, 7, 7, 3, 3], [7, 7, 7, 7, 7, 9, 7, 7, 7, 7, 3, 3], [7, 7, 7, 7, 7, 7, 7, 7, 7, 7, 7, 7], [7, 7, 7, 7, 7, 7, 7, 7, 7, 7, 7, 7], [7, 7, 7, 8, 7, 7, 7, 7, 7, 7, 7, 7]]}], "test": [{"input": [[7, 7, 7, 7, 7, 7, 7, 7, 7, 7, 7, 7, 7, 7, 7, 7], [7, 7, 7, 7, 7, 7, 7, 7, 7, 7, 7, 7, 9, 7, 7, 7], [7, 7, 7, 7, 7, 7, 7, 7, 7, 7, 7, 7, 9, 7, 7, 7], [7, 7, 7, 7, 7, 7, 7, 7, 7, 7, 7, 7, 9, 9, 7, 7], [7, 7, 5, 5, 5, 5, 7, 5, 5, 7, 7, 7, 7, 7, 7, 7], [7, 7, 5, 7, 7, 5, 5, 5, 7, 7, 7, 7, 7, 7, 7, 7], [7, 7, 5, 7, 7, 7, 7, 5, 5, 5, 7, 7, 7, 7, 7, 7], [7, 7, 5, 5, 5, 7, 7, 5, 7, 5, 7, 7, 7, 7, 7, 7], [7, 7, 7, 7, 7, 7, 7, 7, 7, 9, 9, 8, 7, 7, 7, 7], [7, 7, 7, 7, 7, 7, 7, 7, 3, 9, 9, 8, 7, 7, 7, 7], [7, 7, 7, 9, 7, 7, 7, 7, 7, 6, 0, 7, 7, 7, 7, 7], [7, 7, 7, 9, 7, 7, 7, 7, 7, 7, 0, 0, 7, 7, 7, 7], [7, 9, 9, 9, 9, 9, 7, 7, 7, 7, 7, 0, 7, 0, 7, 7], [7, 4, 7, 9, 7, 7, 7, 7, 7, 7, 0, 0, 0, 0, 7, 7], [7, 7, 2, 9, 7, 7, 7, 7, 7, 7, 7, 7, 7, 7, 7, 7], [7, 7, 7, 7, 7, 7, 7, 7, 7, 7, 7, 7, 7, 7, 7, 7]], "output": [[7, 7, 5, 5, 5, 5, 7, 5, 5, 7, 7, 7, 7, 7, 7, 7], [7, 7, 5, 7, 7, 5, 5, 5, 7, 7, 7, 7, 9, 7, 7, 7], [7, 7, 5, 7, 7, 7, 7, 5, 5, 5, 7, 7, 9, 7, 7, 7], [7, 7, 5, 5, 5, 7, 7, 5, 7, 5, 7, 7, 9, 9, 7, 7], [7, 7, 7, 7, 7, 7, 7, 7, 7, 7, 7, 7, 7, 7, 7, 7], [7, 7, 7, 7, 7, 7, 7, 7, 7, 7, 7, 7, 7, 7, 7, 7], [7, 7, 7, 7, 7, 7, 7, 7, 7, 7, 7, 7, 7, 7, 7, 7], [7, 7, 7, 7, 7, 7, 7, 7, 7, 7, 7, 7, 7, 7, 7, 7], [7, 7, 7, 7, 7, 7, 7, 7, 7, 9, 9, 7, 7, 7, 7, 8], [3, 7, 7, 7, 7, 7, 7, 7, 7, 9, 9, 7, 7, 7, 7, 8], [7, 7, 7, 9, 7, 7, 7, 7, 7, 7, 7, 7, 7, 7, 7, 7], [7, 7, 7, 9, 7, 7, 7, 7, 7, 7, 7, 7, 7, 7, 7, 7], [7, 9, 9, 9, 9, 9, 7, 7, 7, 7, 0, 7, 7, 7, 7, 7], [7, 7, 7, 9, 7, 7, 7, 7, 7, 7, 0, 0, 7, 7, 7, 7], [2, 7, 7, 9, 7, 7, 7, 7, 7, 7, 7, 0, 7, 0, 7, 7], [7, 4, 7, 7, 7, 7, 7, 7, 7, 6, 0, 0, 0, 0, 7, 7]]}]}