{"train": [{"input": [[4, 4, 4, 4, 4, 4, 4, 4, 4, 4, 4, 4, 4, 4, 4, 4, 4, 4, 4, 4, 4, 4, 4, 4], [4, 2, 2, 2, 2, 2, 4, 4, 4, 4, 4, 4, 4, 4, 4, 4, 4, 4, 4, 4, 4, 4, 4, 4], [4, 2, 5, 5, 5, 2, 4, 4, 4, 4, 4, 4, 4, 4, 4, 4, 4, 4, 4, 4, 4, 4, 4, 4], [4, 2, 2, 2, 2, 2, 4, 4, 4, 4, 4, 4, 1, 1, 1, 1, 1, 1, 4, 4, 4, 4, 4, 4], [4, 2, 2, 2, 2, 2, 4, 4, 4, 4, 4, 4, 1, 5, 5, 5, 5, 1, 4, 4, 4, 4, 4, 4], [4, 2, 2, 2, 2, 2, 4, 4, 4, 4, 4, 4, 1, 1, 1, 1, 1, 1, 4, 4, 4, 4, 4, 4], [4, 2, 2, 2, 2, 2, 4, 4, 4, 4, 4, 4, 1, 1, 1, 1, 1, 1, 4, 4, 4, 4, 4, 4], [4, 2, 2, 2, 2, 2, 4, 4, 4, 4, 4, 4, 1, 5, 5, 5, 5, 1, 4, 4, 4, 4, 4, 4], [4, 2, 2, 2, 2, 2, 4, 4, 4, 4, 4, 4, 1, 1, 1, 1, 1, 1, 4, 4, 4, 4, 4, 4], [4, 2, 2, 2, 2, 2, 4, 4, 4, 4, 4, 4, 4, 4, 4, 4, 4, 4, 4, 4, 4, 4, 4, 4], [4, 2, 2, 2, 2, 2, 4, 4, 4, 4, 4, 4, 4, 4, 4, 8, 8, 8, 8, 8, 8, 8, 8, 4], [4, 2, 2, 2, 2, 2, 4, 4, 4, 4, 4, 4, 4, 4, 4, 8, 5, 5, 5, 5, 5, 5, 8, 4], [4, 2, 2, 2, 2, 2, 4, 4, 4, 4, 4, 4, 4, 4, 4, 8, 8, 8, 8, 8, 8, 8, 8, 4], [4, 2, 2, 2, 2, 2, 4, 4, 4, 4, 4, 4, 4, 4, 4, 8, 8, 8, 8, 8, 8, 8, 8, 4], [4, 2, 2, 2, 2, 2, 4, 3, 3, 3, 3, 3, 3, 3, 4, 8, 8, 8, 8, 8, 8, 8, 8, 4], [4, 2, 2, 2, 2, 2, 4, 3, 3, 3, 3, 3, 3, 3, 4, 8, 8, 8, 8, 8, 8, 8, 8, 4], [4, 2, 2, 2, 2, 2, 4, 3, 3, 3, 3, 3, 3, 3, 4, 8, 8, 8, 8, 8, 8, 8, 8, 4], [4, 2, 5, 5, 5, 2, 4, 3, 3, 3, 3, 3, 3, 3, 4, 8, 5, 5, 5, 5, 5, 5, 8, 4], [4, 2, 2, 2, 2, 2, 4, 3, 3, 3, 3, 3, 3, 3, 4, 8, 8, 8, 8, 8, 8, 8, 8, 4], [4, 4, 4, 4, 4, 4, 4, 4, 4, 4, 4, 4, 4, 4, 4, 4, 4, 4, 4, 4, 4, 4, 4, 4]], "output": [[3, 3, 3, 3, 3, 3, 3], [3, 5, 5, 5, 5, 5, 3], [3, 3, 3, 3, 3, 3, 3], [3, 5, 5, 5, 5, 5, 3], [3, 3, 3, 3, 3, 3, 3]]}, {"input": [[4, 4, 4, 4, 4, 4, 4, 4, 4, 4, 4, 4, 4, 4, 4, 4, 4, 4, 4, 4], [4, 2, 2, 2, 2, 2, 4, 8, 8, 8, 8, 8, 8, 8, 8, 8, 8, 8, 8, 4], [4, 2, 7, 2, 7, 2, 4, 8, 8, 8, 8, 8, 8, 8, 8, 8, 8, 8, 8, 4], [4, 2, 2, 2, 2, 2, 4, 8, 8, 8, 8, 8, 8, 8, 8, 8, 8, 8, 8, 4], [4, 2, 2, 2, 2, 2, 4, 8, 8, 8, 8, 8, 8, 8, 8, 8, 8, 8, 8, 4], [4, 2, 2, 2, 2, 2, 4, 8, 8, 8, 8, 8, 8, 8, 8, 8, 8, 8, 8, 4], [4, 2, 2, 2, 2, 2, 4, 8, 8, 8, 8, 8, 8, 8, 8, 8, 8, 8, 8, 4], [4, 2, 7, 2, 7, 2, 4, 8, 8, 8, 8, 8, 8, 8, 8, 8, 8, 8, 8, 4], [4, 2, 2, 2, 2, 2, 4, 8, 8, 8, 8, 8, 8, 8, 8, 8, 8, 8, 8, 4], [4, 4, 4, 4, 4, 4, 4, 8, 8, 8, 8, 8, 8, 8, 8, 8, 8, 8, 8, 4], [4, 4, 4, 4, 4, 4, 4, 8, 8, 8, 8, 8, 8, 8, 8, 8, 8, 8, 8, 4], [4, 4, 4, 4, 4, 4, 4, 8, 8, 8, 8, 8, 8, 8, 8, 8, 8, 8, 8, 4], [4, 4, 4, 4, 4, 4, 4, 8, 8, 8, 8, 8, 8, 8, 8, 8, 8, 8, 8, 4], [4, 3, 3, 3, 3, 3, 4, 8, 8, 8, 8, 8, 8, 8, 8, 8, 8, 8, 8, 4], [4, 3, 7, 3, 7, 3, 4, 8, 8, 8, 8, 8, 8, 8, 8, 8, 8, 8, 8, 4], [4, 3, 3, 3, 3, 3, 4, 8, 8, 8, 8, 8, 8, 8, 8, 8, 8, 8, 8, 4], [4, 3, 3, 3, 3, 3, 4, 8, 8, 8, 8, 8, 8, 8, 8, 8, 8, 8, 8, 4], [4, 3, 3, 3, 3, 3, 4, 8, 8, 8, 8, 8, 8, 8, 8, 8, 8, 8, 8, 4], [4, 3, 3, 3, 3, 3, 4, 8, 8, 8, 8, 8, 8, 8, 8, 8, 8, 8, 8, 4], [4, 3, 7, 3, 7, 3, 4, 8, 8, 8, 8, 8, 8, 8, 8, 8, 8, 8, 8, 4], [4, 3, 3, 3, 3, 3, 4, 8, 8, 8, 8, 8, 8, 8, 8, 8, 8, 8, 8, 4], [4, 4, 4, 4, 4, 4, 4, 4, 4, 4, 4, 4, 4, 4, 4, 4, 4, 4, 4, 4]], "output": [[8, 8, 8, 8, 8, 8, 8, 8, 8, 8, 8, 8], [8, 7, 8, 8, 8, 8, 8, 8, 8, 8, 7, 8], [8, 8, 8, 8, 8, 8, 8, 8, 8, 8, 8, 8], [8, 8, 8, 8, 8, 8, 8, 8, 8, 8, 8, 8], [8, 8, 8, 8, 8, 8, 8, 8, 8, 8, 8, 8], [8, 8, 8, 8, 8, 8, 8, 8, 8, 8, 8, 8], [8, 8, 8, 8, 8, 8, 8, 8, 8, 8, 8, 8], [8, 8, 8, 8, 8, 8, 8, 8, 8, 8, 8, 8], [8, 8, 8, 8, 8, 8, 8, 8, 8, 8, 8, 8], [8, 8, 8, 8, 8, 8, 8, 8, 8, 8, 8, 8], [8, 8, 8, 8, 8, 8, 8, 8, 8, 8, 8, 8], [8, 8, 8, 8, 8, 8, 8, 8, 8, 8, 8, 8], [8, 8, 8, 8, 8, 8, 8, 8, 8, 8, 8, 8], [8, 8, 8, 8, 8, 8, 8, 8, 8, 8, 8, 8], [8, 8, 8, 8, 8, 8, 8, 8, 8, 8, 8, 8], [8, 8, 8, 8, 8, 8, 8, 8, 8, 8, 8, 8], [8, 8, 8, 8, 8, 8, 8, 8, 8, 8, 8, 8], [8, 8, 8, 8, 8, 8, 8, 8, 8, 8, 8, 8], [8, 7, 8, 8, 8, 8, 8, 8, 8, 8, 7, 8], [8, 8, 8, 8, 8, 8, 8, 8, 8, 8, 8, 8]]}, {"input": [[4, 4, 4, 4, 4, 4, 4, 4, 4, 4, 4, 4, 4, 4, 4, 4, 4, 4, 4, 4], [4, 3, 3, 3, 3, 3, 3, 3, 3, 3, 3, 3, 3, 3, 3, 3, 3, 3, 3, 4], [4, 3, 6, 6, 3, 3, 3, 3, 3, 3, 3, 3, 3, 3, 3, 3, 6, 6, 3, 4], [4, 3, 6, 3, 3, 3, 3, 3, 3, 3, 3, 3, 3, 3, 3, 3, 3, 6, 3, 4], [4, 3, 3, 3, 3, 3, 3, 3, 3, 3, 3, 3, 3, 3, 3, 3, 3, 3, 3, 4], [4, 3, 6, 3, 3, 3, 3, 3, 3, 3, 3, 3, 3, 3, 3, 3, 3, 6, 3, 4], [4, 3, 6, 6, 3, 3, 3, 3, 3, 3, 3, 3, 3, 3, 3, 3, 6, 6, 3, 4], [4, 3, 3, 3, 3, 3, 3, 3, 3, 3, 3, 3, 3, 3, 3, 3, 3, 3, 3, 4], [4, 4, 4, 4, 4, 4, 4, 4, 4, 4, 4, 4, 4, 4, 4, 4, 4, 4, 4, 4], [4, 2, 2, 2, 2, 2, 4, 8, 8, 8, 8, 8, 4, 1, 1, 1, 1, 1, 1, 4], [4, 2, 6, 6, 6, 2, 4, 8, 6, 6, 6, 8, 4, 1, 1, 1, 1, 1, 1, 4], [4, 2, 6, 2, 6, 2, 4, 8, 6, 8, 6, 8, 4, 1, 1, 1, 1, 1, 1, 4], [4, 2, 2, 2, 2, 2, 4, 8, 8, 8, 8, 8, 4, 1, 1, 1, 1, 1, 1, 4], [4, 2, 2, 2, 2, 2, 4, 8, 8, 8, 8, 8, 4, 1, 1, 1, 1, 1, 1, 4], [4, 2, 2, 2, 2, 2, 4, 8, 8, 8, 8, 8, 4, 1, 1, 1, 1, 1, 1, 4], [4, 2, 2, 2, 2, 2, 4, 8, 8, 8, 8, 8, 4, 1, 1, 1, 1, 1, 1, 4], [4, 2, 6, 2, 6, 2, 4, 8, 6, 8, 6, 8, 4, 1, 1, 1, 1, 1, 1, 4], [4, 2, 6, 6, 6, 2, 4, 8, 6, 6, 6, 8, 4, 1, 1, 1, 1, 1, 1, 4], [4, 2, 2, 2, 2, 2, 4, 8, 8, 8, 8, 8, 4, 1, 1, 1, 1, 1, 1, 4], [4, 4, 4, 4, 4, 4, 4, 4, 4, 4, 4, 4, 4, 4, 4, 4, 4, 4, 4, 4]], "output": [[1, 1, 1, 1, 1, 1], [1, 6, 6, 6, 6, 1], [1, 6, 1, 1, 6, 1], [1, 1, 1, 1, 1, 1], [1, 1, 1, 1, 1, 1], [1, 1, 1, 1, 1, 1], [1, 1, 1, 1, 1, 1], [1, 6, 1, 1, 6, 1], [1, 6, 6, 6, 6, 1], [1, 1, 1, 1, 1, 1]]}], "test": [{"input": [[4, 4, 4, 4, 4, 4, 4, 4, 4, 4, 4, 4, 4, 4, 4, 4, 4, 4, 4, 4, 4, 4, 4, 4, 4, 4, 4, 4], [4, 1, 1, 1, 1, 1, 1, 1, 1, 1, 1, 4, 3, 3, 3, 3, 3, 3, 3, 3, 3, 3, 3, 3, 3, 3, 3, 4], [4, 1, 5, 1, 1, 1, 1, 1, 1, 5, 1, 4, 3, 5, 3, 3, 3, 3, 3, 3, 3, 3, 3, 3, 3, 5, 3, 4], [4, 1, 5, 1, 1, 1, 1, 1, 1, 5, 1, 4, 3, 5, 3, 3, 3, 3, 3, 3, 3, 3, 3, 3, 3, 5, 3, 4], [4, 1, 1, 1, 1, 1, 1, 1, 1, 1, 1, 4, 3, 3, 3, 3, 3, 3, 3, 3, 3, 3, 3, 3, 3, 3, 3, 4], [4, 1, 5, 1, 1, 1, 1, 1, 1, 5, 1, 4, 3, 5, 3, 3, 3, 3, 3, 3, 3, 3, 3, 3, 3, 5, 3, 4], [4, 1, 5, 1, 1, 1, 1, 1, 1, 5, 1, 4, 3, 5, 3, 3, 3, 3, 3, 3, 3, 3, 3, 3, 3, 5, 3, 4], [4, 1, 1, 1, 1, 1, 1, 1, 1, 1, 1, 4, 3, 3, 3, 3, 3, 3, 3, 3, 3, 3, 3, 3, 3, 3, 3, 4], [4, 4, 4, 4, 4, 4, 4, 4, 4, 4, 4, 4, 4, 4, 4, 4, 4, 4, 4, 4, 4, 4, 4, 4, 4, 4, 4, 4], [4, 2, 2, 2, 2, 2, 2, 2, 2, 2, 2, 4, 8, 8, 8, 8, 8, 8, 8, 8, 8, 4, 9, 9, 9, 9, 9, 4], [4, 2, 5, 2, 2, 2, 2, 2, 2, 5, 2, 4, 8, 5, 8, 8, 8, 8, 8, 5, 8, 4, 9, 9, 9, 9, 9, 4], [4, 2, 5, 2, 2, 2, 2, 2, 2, 5, 2, 4, 8, 5, 8, 8, 8, 8, 8, 5, 8, 4, 9, 9, 9, 9, 9, 4], [4, 2, 2, 2, 2, 2, 2, 2, 2, 2, 2, 4, 8, 8, 8, 8, 8, 8, 8, 8, 8, 4, 9, 9, 9, 9, 9, 4], [4, 2, 2, 2, 2, 2, 2, 2, 2, 2, 2, 4, 8, 8, 8, 8, 8, 8, 8, 8, 8, 4, 9, 9, 9, 9, 9, 4], [4, 2, 2, 2, 2, 2, 2, 2, 2, 2, 2, 4, 8, 8, 8, 8, 8, 8, 8, 8, 8, 4, 9, 9, 9, 9, 9, 4], [4, 2, 2, 2, 2, 2, 2, 2, 2, 2, 2, 4, 8, 5, 8, 8, 8, 8, 8, 5, 8, 4, 9, 9, 9, 9, 9, 4], [4, 2, 2, 2, 2, 2, 2, 2, 2, 2, 2, 4, 8, 5, 8, 8, 8, 8, 8, 5, 8, 4, 9, 9, 9, 9, 9, 4], [4, 2, 2, 2, 2, 2, 2, 2, 2, 2, 2, 4, 8, 8, 8, 8, 8, 8, 8, 8, 8, 4, 9, 9, 9, 9, 9, 4], [4, 2, 2, 2, 2, 2, 2, 2, 2, 2, 2, 4, 4, 4, 4, 4, 4, 4, 4, 4, 4, 4, 4, 4, 4, 4, 4, 4], [4, 2, 2, 2, 2, 2, 2, 2, 2, 2, 2, 4, 7, 7, 7, 7, 7, 7, 7, 7, 7, 7, 7, 7, 7, 7, 7, 4], [4, 2, 2, 2, 2, 2, 2, 2, 2, 2, 2, 4, 7, 5, 7, 7, 7, 7, 7, 7, 7, 7, 7, 7, 7, 5, 7, 4], [4, 2, 2, 2, 2, 2, 2, 2, 2, 2, 2, 4, 7, 5, 7, 7, 7, 7, 7, 7, 7, 7, 7, 7, 7, 5, 7, 4], [4, 2, 2, 2, 2, 2, 2, 2, 2, 2, 2, 4, 7, 7, 7, 7, 7, 7, 7, 7, 7, 7, 7, 7, 7, 7, 7, 4], [4, 2, 2, 2, 2, 2, 2, 2, 2, 2, 2, 4, 7, 7, 7, 7, 7, 7, 7, 7, 7, 7, 7, 7, 7, 7, 7, 4], [4, 2, 5, 2, 2, 2, 2, 2, 2, 5, 2, 4, 7, 5, 7, 7, 7, 7, 7, 7, 7, 7, 7, 7, 7, 5, 7, 4], [4, 2, 5, 2, 2, 2, 2, 2, 2, 5, 2, 4, 7, 5, 7, 7, 7, 7, 7, 7, 7, 7, 7, 7, 7, 5, 7, 4], [4, 2, 2, 2, 2, 2, 2, 2, 2, 2, 2, 4, 7, 7, 7, 7, 7, 7, 7, 7, 7, 7, 7, 7, 7, 7, 7, 4], [4, 4, 4, 4, 4, 4, 4, 4, 4, 4, 4, 4, 4, 4, 4, 4, 4, 4, 4, 4, 4, 4, 4, 4, 4, 4, 4, 4]], "output": [[9, 9, 9, 9, 9], [9, 5, 9, 5, 9], [9, 5, 9, 5, 9], [9, 9, 9, 9, 9], [9, 9, 9, 9, 9], [9, 9, 9, 9, 9], [9, 5, 9, 5, 9], [9, 5, 9, 5, 9], [9, 9, 9, 9, 9]]}]}