{"train": [{"input": [[7, 7, 7, 7, 7, 7, 7, 7, 1, 7, 2, 7, 7, 9, 7], [7, 7, 7, 7, 7, 7, 7, 7, 1, 7, 4, 7, 9, 7, 7], [7, 7, 7, 7, 7, 7, 7, 7, 1, 3, 7, 7, 7, 7, 7], [7, 7, 7, 7, 7, 7, 7, 7, 1, 7, 7, 4, 7, 7, 5], [1, 1, 1, 1, 1, 1, 1, 1, 1, 1, 1, 1, 1, 1, 1], [7, 7, 7, 7, 7, 7, 7, 7, 1, 7, 7, 7, 7, 7, 7], [7, 7, 7, 7, 7, 7, 7, 7, 1, 7, 7, 7, 7, 7, 7], [7, 7, 7, 7, 7, 7, 7, 7, 1, 7, 7, 7, 7, 7, 7], [7, 7, 7, 7, 7, 7, 7, 7, 1, 7, 7, 7, 7, 7, 7], [7, 7, 7, 7, 7, 7, 7, 7, 1, 7, 7, 7, 7, 7, 7]], "output": [[7, 7, 7, 9, 7, 7, 2, 7, 1, 7, 2, 7, 7, 9, 7], [7, 7, 7, 7, 9, 7, 4, 7, 1, 7, 4, 7, 9, 7, 7], [7, 7, 7, 7, 7, 7, 7, 3, 1, 3, 7, 7, 7, 7, 7], [7, 7, 5, 7, 7, 4, 7, 7, 1, 7, 7, 4, 7, 7, 5], [1, 1, 1, 1, 1, 1, 1, 1, 1, 1, 1, 1, 1, 1, 1], [7, 7, 5, 7, 7, 4, 7, 7, 1, 7, 7, 4, 7, 7, 5], [7, 7, 7, 7, 7, 7, 7, 3, 1, 3, 7, 7, 7, 7, 7], [7, 7, 7, 7, 9, 7, 4, 7, 1, 7, 4, 7, 9, 7, 7], [7, 7, 7, 9, 7, 7, 2, 7, 1, 7, 2, 7, 7, 9, 7], [7, 7, 7, 7, 7, 7, 7, 7, 1, 7, 7, 7, 7, 7, 7]]}, {"input": [[1, 7, 7, 7, 6, 7, 7, 7, 7, 7, 7], [2, 2, 7, 7, 6, 7, 7, 7, 7, 7, 7], [0, 4, 7, 7, 6, 7, 7, 7, 7, 7, 7], [7, 4, 7, 7, 6, 7, 7, 7, 7, 7, 7], [7, 8, 7, 7, 6, 7, 7, 7, 7, 7, 7], [6, 6, 6, 6, 6, 6, 6, 6, 6, 6, 6], [7, 7, 7, 7, 6, 7, 7, 7, 7, 7, 7], [7, 7, 7, 7, 6, 7, 7, 7, 7, 7, 7], [7, 7, 7, 7, 6, 7, 7, 7, 7, 7, 7], [7, 7, 7, 7, 6, 7, 7, 7, 7, 7, 7], [7, 7, 7, 7, 6, 7, 7, 7, 7, 7, 7]], "output": [[1, 7, 7, 7, 6, 7, 7, 7, 1, 7, 7], [2, 2, 7, 7, 6, 7, 7, 2, 2, 7, 7], [0, 4, 7, 7, 6, 7, 7, 4, 0, 7, 7], [7, 4, 7, 7, 6, 7, 7, 4, 7, 7, 7], [7, 8, 7, 7, 6, 7, 7, 8, 7, 7, 7], [6, 6, 6, 6, 6, 6, 6, 6, 6, 6, 6], [7, 8, 7, 7, 6, 7, 7, 8, 7, 7, 7], [7, 4, 7, 7, 6, 7, 7, 4, 7, 7, 7], [0, 4, 7, 7, 6, 7, 7, 4, 0, 7, 7], [2, 2, 7, 7, 6, 7, 7, 2, 2, 7, 7], [1, 7, 7, 7, 6, 7, 7, 7, 1, 7, 7]]}, {"input": [[7, 7, 7, 3, 8, 0, 7, 1], [7, 7, 7, 3, 7, 7, 6, 7], [7, 7, 7, 3, 0, 2, 7, 0], [7, 7, 7, 3, 7, 7, 7, 7], [3, 3, 3, 3, 3, 3, 3, 3], [7, 7, 7, 3, 7, 7, 7, 7], [7, 7, 7, 3, 7, 7, 7, 7], [7, 7, 7, 3, 7, 7, 7, 7]], "output": [[7, 0, 8, 3, 8, 0, 7, 1], [6, 7, 7, 3, 7, 7, 6, 7], [7, 2, 0, 3, 0, 2, 7, 0], [7, 7, 7, 3, 7, 7, 7, 7], [3, 3, 3, 3, 3, 3, 3, 3], [7, 7, 7, 3, 7, 7, 7, 7], [7, 2, 0, 3, 0, 2, 7, 0], [6, 7, 7, 3, 7, 7, 6, 7]]}], "test": [{"input": [[7, 7, 7, 9, 7, 7, 4, 7, 7, 7, 7, 7, 7, 7, 7, 7, 7], [7, 7, 7, 9, 7, 0, 4, 7, 7, 7, 7, 7, 7, 7, 7, 7, 7], [6, 7, 0, 7, 7, 7, 4, 7, 7, 7, 7, 7, 7, 7, 7, 7, 7], [8, 7, 7, 7, 7, 5, 4, 7, 7, 7, 7, 7, 7, 7, 7, 7, 7], [7, 9, 7, 8, 3, 7, 4, 7, 7, 7, 7, 7, 7, 7, 7, 7, 7], [6, 7, 7, 2, 7, 7, 4, 7, 7, 7, 7, 7, 7, 7, 7, 7, 7], [4, 4, 4, 4, 4, 4, 4, 4, 4, 4, 4, 4, 4, 4, 4, 4, 4], [7, 7, 7, 7, 7, 7, 4, 7, 7, 7, 7, 7, 7, 7, 7, 7, 7], [7, 7, 7, 7, 7, 7, 4, 7, 7, 7, 7, 7, 7, 7, 7, 7, 7], [7, 7, 7, 7, 7, 7, 4, 7, 7, 7, 7, 7, 7, 7, 7, 7, 7], [7, 7, 7, 7, 7, 7, 4, 7, 7, 7, 7, 7, 7, 7, 7, 7, 7]], "output": [[7, 7, 7, 9, 7, 7, 4, 7, 7, 9, 7, 7, 7, 7, 7, 7, 7], [7, 7, 7, 9, 7, 0, 4, 0, 7, 9, 7, 7, 7, 7, 7, 7, 7], [6, 7, 0, 7, 7, 7, 4, 7, 7, 7, 0, 7, 6, 7, 7, 7, 7], [8, 7, 7, 7, 7, 5, 4, 5, 7, 7, 7, 7, 8, 7, 7, 7, 7], [7, 9, 7, 8, 3, 7, 4, 7, 3, 8, 7, 9, 7, 7, 7, 7, 7], [6, 7, 7, 2, 7, 7, 4, 7, 7, 2, 7, 7, 6, 7, 7, 7, 7], [4, 4, 4, 4, 4, 4, 4, 4, 4, 4, 4, 4, 4, 4, 4, 4, 4], [6, 7, 7, 2, 7, 7, 4, 7, 7, 2, 7, 7, 6, 7, 7, 7, 7], [7, 9, 7, 8, 3, 7, 4, 7, 3, 8, 7, 9, 7, 7, 7, 7, 7], [8, 7, 7, 7, 7, 5, 4, 5, 7, 7, 7, 7, 8, 7, 7, 7, 7], [6, 7, 0, 7, 7, 7, 4, 7, 7, 7, 0, 7, 6, 7, 7, 7, 7]]}]}