{"train": [{"input": [[3, 2, 0, 2, 2], [3, 3, 0, 2, 2], [0, 0, 0, 0, 0], [3, 2, 0, 3, 2], [3, 3, 0, 3, 3]], "output": [[3, 3, 0, 3, 2], [3, 3, 0, 3, 3], [0, 0, 0, 0, 0], [3, 3, 0, 3, 3], [3, 3, 0, 3, 3]]}, {"input": [[1, 1, 0, 1, 1], [1, 8, 0, 1, 8], [0, 0, 0, 5, 0], [5, 1, 5, 8, 5], [5, 5, 0, 8, 8]], "output": [[1, 1, 0, 1, 1], [1, 1, 0, 1, 1], [0, 0, 0, 0, 0], [1, 1, 0, 1, 1], [1, 1, 0, 1, 8]]}, {"input": [[3, 3, 4, 0, 3, 3, 4, 0, 4, 4, 4], [3, 3, 4, 0, 3, 3, 4, 0, 4, 4, 4], [4, 3, 3, 0, 4, 3, 3, 0, 4, 4, 4], [0, 0, 0, 0, 0, 0, 0, 0, 0, 0, 0], [3, 3, 4, 0, 3, 3, 4, 0, 4, 4, 4], [3, 3, 4, 0, 3, 3, 4, 5, 4, 4, 4], [4, 3, 3, 0, 5, 3, 3, 0, 4, 4, 4], [0, 0, 0, 0, 5, 5, 0, 0, 0, 0, 0], [4, 4, 4, 5, 5, 5, 4, 0, 3, 3, 4], [4, 5, 5, 5, 3, 3, 4, 0, 3, 3, 4], [4, 4, 5, 0, 4, 3, 3, 0, 4, 3, 3]], "output": [[3, 3, 3, 0, 3, 3, 3, 0, 3, 3, 4], [3, 3, 3, 0, 3, 3, 3, 0, 3, 3, 4], [3, 3, 3, 0, 3, 3, 3, 0, 4, 3, 3], [0, 0, 0, 0, 0, 0, 0, 0, 0, 0, 0], [3, 3, 3, 0, 3, 3, 3, 0, 3, 3, 4], [3, 3, 3, 0, 3, 3, 3, 0, 3, 3, 4], [3, 3, 3, 0, 3, 3, 3, 0, 4, 3, 3], [0, 0, 0, 0, 0, 0, 0, 0, 0, 0, 0], [3, 3, 4, 0, 3, 3, 3, 0, 3, 3, 3], [3, 3, 4, 0, 3, 3, 3, 0, 3, 3, 3], [4, 3, 3, 0, 3, 3, 3, 0, 3, 3, 3]]}, {"input": [[4, 4, 2, 0, 4, 4, 2, 0, 2, 2, 2], [2, 4, 2, 0, 2, 4, 2, 0, 2, 2, 2], [4, 4, 4, 0, 4, 4, 4, 5, 2, 2, 5], [0, 0, 0, 0, 0, 0, 0, 0, 0, 0, 5], [2, 2, 2, 0, 4, 4, 2, 5, 2, 2, 2], [2, 2, 2, 0, 2, 5, 2, 5, 5, 2, 2], [2, 2, 5, 0, 4, 5, 5, 0, 2, 5, 2], [0, 0, 5, 0, 0, 0, 0, 0, 0, 0, 0], [4, 5, 5, 5, 4, 4, 2, 5, 4, 4, 2], [5, 5, 5, 0, 2, 5, 2, 0, 2, 4, 2], [4, 5, 4, 0, 4, 4, 4, 0, 4, 4, 4]], "output": [[4, 4, 4, 0, 4, 4, 4, 0, 4, 4, 2], [4, 4, 4, 0, 4, 4, 4, 0, 2, 4, 2], [4, 4, 4, 0, 4, 4, 4, 0, 4, 4, 4], [0, 0, 0, 0, 0, 0, 0, 0, 0, 0, 0], [4, 4, 2, 0, 4, 4, 4, 0, 4, 4, 2], [2, 4, 2, 0, 4, 4, 4, 0, 2, 4, 2], [4, 4, 4, 0, 4, 4, 4, 0, 4, 4, 4], [0, 0, 0, 0, 0, 0, 0, 0, 0, 0, 0], [4, 4, 4, 0, 4, 4, 4, 0, 4, 4, 4], [4, 4, 4, 0, 4, 4, 4, 0, 4, 4, 4], [4, 4, 4, 0, 4, 4, 4, 0, 4, 4, 4]]}], "test": [{"input": [[1, 1, 1, 2, 0, 1, 1, 1, 2, 0, 1, 1, 1, 2, 0, 2, 5, 2, 2], [1, 2, 2, 1, 0, 1, 2, 2, 1, 0, 1, 2, 2, 1, 0, 5, 5, 2, 2], [2, 1, 1, 1, 0, 2, 1, 1, 1, 0, 2, 1, 1, 1, 0, 5, 2, 2, 2], [1, 2, 1, 1, 0, 1, 2, 1, 1, 0, 1, 2, 1, 1, 0, 5, 2, 2, 2], [0, 0, 0, 0, 0, 0, 0, 0, 0, 0, 0, 0, 0, 5, 5, 5, 0, 0, 0], [1, 1, 1, 2, 0, 2, 2, 2, 2, 0, 2, 2, 2, 5, 5, 5, 1, 1, 2], [1, 2, 2, 1, 5, 5, 5, 2, 2, 0, 2, 2, 5, 5, 0, 1, 2, 2, 1], [2, 1, 1, 5, 5, 5, 2, 2, 2, 0, 2, 5, 5, 2, 0, 2, 5, 5, 1], [1, 2, 5, 5, 0, 2, 2, 2, 2, 5, 5, 5, 5, 5, 5, 5, 2, 5, 5], [0, 0, 5, 0, 0, 0, 0, 0, 5, 5, 0, 5, 0, 0, 0, 0, 0, 5, 5], [2, 2, 5, 5, 0, 1, 1, 5, 5, 5, 1, 5, 1, 2, 0, 1, 1, 5, 2], [5, 5, 5, 5, 0, 1, 2, 2, 1, 5, 5, 5, 5, 1, 0, 1, 5, 5, 1], [2, 2, 2, 2, 0, 2, 1, 1, 1, 5, 5, 1, 5, 5, 0, 5, 5, 1, 1], [2, 2, 2, 2, 0, 1, 2, 1, 1, 5, 1, 5, 5, 5, 5, 5, 2, 1, 1], [0, 0, 0, 0, 0, 0, 0, 0, 0, 5, 5, 5, 0, 5, 5, 0, 0, 0, 0], [1, 1, 1, 2, 0, 2, 2, 2, 2, 5, 1, 1, 1, 5, 5, 5, 1, 1, 2], [1, 2, 2, 1, 0, 2, 2, 2, 5, 0, 5, 2, 5, 5, 5, 5, 2, 2, 1], [2, 1, 1, 1, 0, 2, 2, 5, 2, 0, 5, 5, 1, 1, 5, 2, 1, 1, 1], [1, 2, 1, 1, 0, 2, 2, 2, 2, 0, 1, 5, 5, 5, 5, 1, 2, 1, 1]], "output": [[1, 1, 1, 1, 0, 1, 1, 1, 1, 0, 1, 1, 1, 1, 0, 1, 1, 1, 2], [1, 1, 1, 1, 0, 1, 1, 1, 1, 0, 1, 1, 1, 1, 0, 1, 2, 2, 1], [1, 1, 1, 1, 0, 1, 1, 1, 1, 0, 1, 1, 1, 1, 0, 2, 1, 1, 1], [1, 1, 1, 1, 0, 1, 1, 1, 1, 0, 1, 1, 1, 1, 0, 1, 2, 1, 1], [0, 0, 0, 0, 0, 0, 0, 0, 0, 0, 0, 0, 0, 0, 0, 0, 0, 0, 0], [1, 1, 1, 1, 0, 1, 1, 1, 2, 0, 1, 1, 1, 2, 0, 1, 1, 1, 1], [1, 1, 1, 1, 0, 1, 2, 2, 1, 0, 1, 2, 2, 1, 0, 1, 1, 1, 1], [1, 1, 1, 1, 0, 2, 1, 1, 1, 0, 2, 1, 1, 1, 0, 1, 1, 1, 1], [1, 1, 1, 1, 0, 1, 2, 1, 1, 0, 1, 2, 1, 1, 0, 1, 1, 1, 1], [0, 0, 0, 0, 0, 0, 0, 0, 0, 0, 0, 0, 0, 0, 0, 0, 0, 0, 0], [1, 1, 1, 2, 0, 1, 1, 1, 1, 0, 1, 1, 1, 1, 0, 1, 1, 1, 1], [1, 2, 2, 1, 0, 1, 1, 1, 1, 0, 1, 1, 1, 1, 0, 1, 1, 1, 1], [2, 1, 1, 1, 0, 1, 1, 1, 1, 0, 1, 1, 1, 1, 0, 1, 1, 1, 1], [1, 2, 1, 1, 0, 1, 1, 1, 1, 0, 1, 1, 1, 1, 0, 1, 1, 1, 1], [0, 0, 0, 0, 0, 0, 0, 0, 0, 0, 0, 0, 0, 0, 0, 0, 0, 0, 0], [1, 1, 1, 1, 0, 1, 1, 1, 2, 0, 1, 1, 1, 1, 0, 1, 1, 1, 1], [1, 1, 1, 1, 0, 1, 2, 2, 1, 0, 1, 1, 1, 1, 0, 1, 1, 1, 1], [1, 1, 1, 1, 0, 2, 1, 1, 1, 0, 1, 1, 1, 1, 0, 1, 1, 1, 1], [1, 1, 1, 1, 0, 1, 2, 1, 1, 0, 1, 1, 1, 1, 0, 1, 1, 1, 1]]}]}