{"train": [{"input": [[7, 7, 7, 7, 7, 7, 7, 7, 7, 7, 7, 7, 7, 7, 7, 7], [7, 7, 7, 7, 7, 7, 7, 7, 7, 7, 7, 7, 7, 7, 7, 7], [7, 7, 7, 7, 7, 7, 7, 7, 7, 7, 7, 7, 7, 7, 7, 7], [7, 7, 7, 7, 7, 7, 7, 7, 7, 7, 7, 7, 7, 7, 7, 7], [7, 7, 7, 7, 7, 7, 7, 7, 7, 7, 7, 7, 7, 7, 7, 7], [7, 7, 7, 7, 7, 3, 7, 7, 7, 7, 7, 7, 7, 7, 7, 7], [7, 7, 7, 7, 7, 7, 3, 7, 7, 7, 7, 7, 7, 7, 7, 7], [7, 7, 7, 7, 7, 7, 7, 3, 7, 7, 7, 7, 7, 7, 7, 7], [7, 7, 7, 7, 7, 7, 7, 7, 3, 7, 7, 7, 7, 7, 7, 7], [7, 7, 7, 7, 7, 7, 7, 7, 7, 3, 7, 7, 7, 7, 7, 7], [7, 7, 7, 7, 7, 7, 9, 7, 7, 7, 3, 7, 7, 7, 7, 7], [7, 7, 7, 7, 7, 7, 7, 9, 7, 7, 7, 3, 7, 7, 7, 7], [7, 7, 7, 7, 7, 7, 1, 7, 9, 7, 7, 7, 3, 7, 7, 7], [7, 7, 7, 7, 7, 1, 7, 7, 7, 9, 7, 7, 7, 3, 7, 7], [7, 7, 7, 7, 1, 7, 7, 7, 7, 7, 9, 7, 7, 7, 3, 7], [7, 4, 4, 4, 4, 4, 4, 4, 4, 4, 4, 9, 7, 7, 7, 3]], "output": [[7, 7, 7], [3, 3, 3], [9, 9, 9], [1, 1, 1], [4, 4, 4]]}, {"input": [[7, 7, 7, 7, 7, 7, 7, 7, 7, 7, 7, 7, 7, 7, 7, 7], [7, 7, 7, 7, 7, 7, 7, 7, 7, 7, 7, 7, 7, 7, 7, 7], [7, 7, 7, 7, 7, 7, 7, 7, 7, 7, 7, 7, 7, 7, 7, 7], [7, 7, 7, 7, 7, 7, 1, 7, 7, 7, 7, 7, 7, 7, 7, 7], [7, 7, 7, 7, 7, 7, 7, 1, 7, 7, 7, 7, 7, 7, 7, 7], [7, 7, 7, 7, 7, 7, 7, 7, 1, 7, 7, 7, 7, 7, 7, 7], [7, 7, 7, 7, 7, 7, 7, 7, 7, 1, 7, 7, 7, 7, 7, 7], [7, 7, 7, 7, 7, 7, 7, 7, 7, 7, 1, 7, 7, 7, 7, 7], [7, 7, 7, 7, 7, 7, 7, 7, 8, 7, 7, 1, 7, 7, 7, 7], [7, 7, 7, 7, 7, 7, 7, 8, 7, 7, 7, 7, 1, 7, 7, 7], [7, 7, 7, 7, 7, 7, 8, 7, 7, 7, 7, 7, 7, 1, 7, 7], [7, 7, 7, 7, 7, 8, 7, 2, 7, 7, 7, 7, 7, 7, 1, 7], [7, 7, 7, 7, 8, 7, 7, 7, 2, 7, 7, 7, 7, 7, 7, 1], [7, 7, 7, 8, 7, 7, 7, 7, 7, 2, 7, 7, 7, 7, 7, 7], [7, 7, 8, 7, 7, 7, 7, 7, 7, 7, 2, 7, 7, 7, 7, 7], [7, 8, 7, 7, 7, 7, 7, 7, 7, 7, 7, 2, 7, 7, 7, 7]], "output": [[7, 7, 7], [7, 7, 7], [1, 1, 1], [8, 8, 8], [2, 2, 2]]}, {"input": [[7, 7, 7, 7, 7, 7, 7, 7, 7, 7, 7, 7, 7, 7, 7, 7], [7, 7, 7, 7, 7, 7, 7, 7, 7, 7, 7, 7, 7, 7, 7, 7], [7, 7, 7, 4, 7, 7, 7, 7, 7, 7, 7, 7, 7, 7, 7, 7], [7, 7, 7, 7, 4, 7, 7, 7, 7, 7, 7, 7, 7, 7, 7, 7], [7, 7, 7, 7, 7, 4, 7, 7, 7, 7, 7, 7, 7, 7, 7, 7], [7, 7, 7, 7, 7, 7, 4, 7, 7, 7, 7, 7, 7, 7, 7, 7], [7, 7, 7, 7, 7, 7, 7, 4, 7, 7, 7, 7, 7, 7, 7, 7], [7, 7, 7, 7, 7, 7, 7, 7, 4, 7, 7, 7, 7, 7, 7, 7], [7, 7, 7, 7, 7, 9, 7, 7, 7, 4, 7, 7, 7, 7, 7, 7], [7, 7, 7, 7, 7, 7, 9, 7, 7, 7, 4, 7, 7, 7, 7, 7], [7, 7, 7, 7, 7, 7, 7, 9, 7, 7, 7, 4, 7, 7, 7, 7], [7, 7, 7, 7, 7, 7, 1, 7, 9, 7, 7, 7, 4, 7, 7, 7], [7, 7, 7, 7, 7, 1, 3, 7, 7, 9, 7, 7, 7, 4, 7, 7], [7, 7, 7, 7, 1, 7, 7, 3, 7, 7, 9, 7, 7, 7, 4, 7], [7, 7, 7, 1, 7, 7, 7, 7, 3, 7, 7, 9, 7, 7, 7, 4], [7, 8, 8, 8, 8, 8, 8, 8, 8, 8, 8, 8, 8, 8, 8, 8]], "output": [[4, 4, 4], [9, 9, 9], [1, 1, 1], [3, 3, 3], [8, 8, 8]]}], "test": [{"input": [[7, 7, 7, 7, 7, 7, 7, 7, 7, 7, 7, 7, 7, 7, 7, 7], [7, 7, 7, 7, 7, 7, 7, 7, 7, 7, 7, 7, 7, 7, 7, 7], [7, 7, 7, 7, 7, 7, 7, 7, 7, 7, 7, 7, 7, 7, 7, 7], [7, 7, 7, 7, 7, 7, 7, 7, 7, 7, 7, 7, 7, 7, 7, 7], [7, 7, 7, 7, 7, 7, 7, 7, 7, 7, 7, 7, 7, 7, 7, 7], [7, 7, 7, 7, 7, 7, 7, 7, 7, 7, 7, 7, 7, 7, 7, 7], [7, 7, 7, 7, 7, 7, 7, 7, 7, 7, 5, 7, 7, 7, 7, 7], [7, 7, 7, 7, 7, 7, 7, 7, 7, 5, 7, 7, 7, 7, 7, 7], [7, 7, 7, 7, 7, 7, 7, 7, 5, 7, 7, 7, 7, 7, 7, 7], [7, 7, 7, 7, 7, 7, 7, 5, 7, 7, 7, 7, 7, 7, 7, 7], [7, 7, 7, 7, 7, 7, 5, 7, 1, 7, 7, 7, 7, 7, 7, 7], [7, 7, 7, 7, 7, 5, 4, 7, 7, 1, 7, 7, 7, 7, 7, 7], [7, 7, 7, 7, 5, 7, 7, 4, 7, 7, 1, 7, 7, 7, 7, 7], [7, 7, 7, 5, 7, 7, 7, 7, 4, 7, 7, 1, 7, 7, 7, 7], [7, 7, 5, 7, 7, 7, 7, 7, 7, 4, 7, 7, 1, 7, 7, 7], [7, 5, 7, 3, 3, 3, 3, 3, 3, 3, 3, 3, 3, 3, 3, 7]], "output": [[7, 7, 7], [5, 5, 5], [1, 1, 1], [4, 4, 4], [3, 3, 3]]}]}